sim_id,simDate,slurmJob,rep_id,notes,hab_id,basemap_id,qmap_id,popmap_id,npatch,q_autocorr_scale,mu,nav_rad,adult_survival_prob,base_fecund,theta_start_min,theta_start_max,p_start_min,p_start_max,nsteps,output_thin,normalize_offspring,plasticity_on,Dp,De,Dl,disturb_method, Dm, mu_theta,experiment_id,mutation_type
34274582,2026_08_21 10:03:38,16588352_2,2,"new dispersal kernel, short autocorr",3,1,2,2,20000,138.576790355975,0.001,0.05,0,20,0.005,0.005,0,0,5000,1,FALSE,FALSE,0,0,1,circle
91239985,2026_08_21 10:03:42,16588352_4,4,"new dispersal kernel, short autocorr",3,1,2,2,20000,138.576790355975,0.001,0.05,0,20,0.005,0.005,0,0,5000,1,FALSE,FALSE,0,0,1,circle
77466146,2026_08_21 10:03:44,16588352_1,1,"new dispersal kernel, short autocorr",3,1,2,2,20000,138.576790355975,0.001,0.05,0,20,0.005,0.005,0,0,5000,1,FALSE,FALSE,0,0,1,circle
46942861,2026_08_21 10:03:45,16588352_3,3,"new dispersal kernel, short autocorr",3,1,2,2,20000,138.576790355975,0.001,0.05,0,20,0.005,0.005,0,0,5000,1,FALSE,FALSE,0,0,1,circle
68116827,2026_08_21 10:03:58,16588352_5,5,"new dispersal kernel, short autocorr",3,1,2,2,20000,138.576790355975,0.001,0.05,0,20,0.005,0.005,0,0,5000,1,FALSE,FALSE,0,0,1,circle
58132430,2026_08_21 10:10:54,16588976_5,5,"new dispersal kernel, long autocorr",8,1,7,2,20000,3047.28417225722,0.001,0.05,0,20,0.005,0.005,0,0,5000,1,FALSE,FALSE,0,0,1,circle
20518859,2026_08_21 10:11:00,16588976_1,1,"new dispersal kernel, long autocorr",8,1,7,2,20000,3047.28417225722,0.001,0.05,0,20,0.005,0.005,0,0,5000,1,FALSE,FALSE,0,0,1,circle
85129641,2026_08_21 10:11:00,16588976_2,2,"new dispersal kernel, long autocorr",8,1,7,2,20000,3047.28417225722,0.001,0.05,0,20,0.005,0.005,0,0,5000,1,FALSE,FALSE,0,0,1,circle
49640266,2026_08_21 10:11:00,16588976_4,4,"new dispersal kernel, long autocorr",8,1,7,2,20000,3047.28417225722,0.001,0.05,0,20,0.005,0.005,0,0,5000,1,FALSE,FALSE,0,0,1,circle
95254398,2026_08_21 10:11:00,16588976_3,3,"new dispersal kernel, long autocorr",8,1,7,2,20000,3047.28417225722,0.001,0.05,0,20,0.005,0.005,0,0,5000,1,FALSE,FALSE,0,0,1,circle
87422109,2026_08_21 10:13:32,16589378_5,5,"new dispersal kernel, q=0.5 everywhere",16,1,14,2,20000,,0.001,0.05,0,20,0.005,0.005,0,0,5000,1,FALSE,FALSE,0,0,1,circle
68899705,2026_08_21 10:13:32,16589378_4,4,"new dispersal kernel, q=0.5 everywhere",16,1,14,2,20000,,0.001,0.05,0,20,0.005,0.005,0,0,5000,1,FALSE,FALSE,0,0,1,circle
44763964,2026_08_21 10:13:32,16589378_3,3,"new dispersal kernel, q=0.5 everywhere",16,1,14,2,20000,,0.001,0.05,0,20,0.005,0.005,0,0,5000,1,FALSE,FALSE,0,0,1,circle
64673592,2026_08_21 10:13:33,16589378_2,2,"new dispersal kernel, q=0.5 everywhere",16,1,14,2,20000,,0.001,0.05,0,20,0.005,0.005,0,0,5000,1,FALSE,FALSE,0,0,1,circle
53589872,2026_08_21 10:13:34,16589378_1,1,"new dispersal kernel, q=0.5 everywhere",16,1,14,2,20000,,0.001,0.05,0,20,0.005,0.005,0,0,5000,1,FALSE,FALSE,0,0,1,circle
68099009,2026_08_24 11:58:35,16827501_3,3,"new dispersal kernel, q=0.5 everywhere",2,1,1,2,20000,63.3916922653916,0.001,0.05,0,20,0.01,3,0,0,2000,1,FALSE,FALSE,0.05,0.5,1,circle
84053752,2026_08_24 11:58:37,16827501_2,2,"new dispersal kernel, q=0.5 everywhere",2,1,1,2,20000,63.3916922653916,0.001,0.05,0,20,0.01,3,0,0,2000,1,FALSE,FALSE,0.05,0.5,1,circle
89607497,2026_08_24 11:58:37,16827501_1,1,"new dispersal kernel, q=0.5 everywhere",2,1,1,2,20000,63.3916922653916,0.001,0.05,0,20,0.01,3,0,0,2000,1,FALSE,FALSE,0.05,0.5,1,circle
72553387,2026_08_24 12:05:14,16828138_2,2,"new dispersal kernel, q=0.5 everywhere",2,1,1,2,20000,63.3916922653916,0.001,0.05,0,20,0.01,3,0,0,2000,1,FALSE,FALSE,0.05,0.5,1,fractal
56007549,2026_08_24 12:05:15,16828138_1,1,"new dispersal kernel, q=0.5 everywhere",2,1,1,2,20000,63.3916922653916,0.001,0.05,0,20,0.01,3,0,0,2000,1,FALSE,FALSE,0.05,0.5,1,fractal
92960761,2026_08_24 12:05:19,16828138_3,3,"new dispersal kernel, q=0.5 everywhere",2,1,1,2,20000,63.3916922653916,0.001,0.05,0,20,0.01,3,0,0,2000,1,FALSE,FALSE,0.05,0.5,1,fractal
64528603,2026_08_24 12:52:55,NA_1,1,"new dispersal kernel, q=0.5 everywhere",9,1,1,1,200,63.3916922653916,0.001,0.05,0,20,0.01,3,0,0,2000,1,FALSE,TRUE,0.1,0.25,5,fractal
32505154,2026_08_24 13:31:42,NA_1,1,test new disturbance,9,1,1,1,200,63.3916922653916,0.001,0.05,0,20,0.01,3,0,0,200,1,FALSE,TRUE,0.1,0.25,5,fractal
15419826,2026_08_24 13:42:15,NA_1,1,test new disturbance,9,1,1,1,200,63.3916922653916,0.001,0.05,0,20,0.01,3,0,0,200,1,FALSE,TRUE,0.1,0.25,5,fractal
52490644,2026_08_24 13:45:27,NA_1,1,test new disturbance,9,1,1,1,200,63.3916922653916,0.001,0.05,0,20,0.01,3,0,0,2000,1,FALSE,TRUE,0.1,0.25,5,fractal
31241645,2026_08_24 13:48:00,NA_1,1,test new disturbance,9,1,1,1,200,63.3916922653916,0.001,0.05,0,20,0.01,3,0,0,2000,1,FALSE,TRUE,0,0.25,5,fractal
60921661,2026_08_24 13:55:34,16837893_1,1,"New Disturbance, low hab autocorr",2,1,1,2,20000,63.3916922653916,0.001,0.05,0,20,0.01,3,0,0,2000,1,FALSE,TRUE,0.05,0.2,5,circle
35080273,2026_08_24 13:55:35,16837893_2,2,"New Disturbance, low hab autocorr",2,1,1,2,20000,63.3916922653916,0.001,0.05,0,20,0.01,3,0,0,2000,1,FALSE,TRUE,0.05,0.2,5,circle
90204384,2026_08_24 13:55:37,16837893_3,3,"New Disturbance, low hab autocorr",2,1,1,2,20000,63.3916922653916,0.001,0.05,0,20,0.01,3,0,0,2000,1,FALSE,TRUE,0.05,0.2,5,circle
28167637,2026_08_24 13:58:35,16838024_3,3,"New Disturbance, low hab autocorr",8,1,7,2,20000,3047.28417225722,0.001,0.05,0,20,0.01,3,0,0,2000,1,FALSE,TRUE,0.05,0.2,5,circle
80955850,2026_08_24 13:58:35,16838024_2,2,"New Disturbance, low hab autocorr",8,1,7,2,20000,3047.28417225722,0.001,0.05,0,20,0.01,3,0,0,2000,1,FALSE,TRUE,0.05,0.2,5,circle
50222884,2026_08_24 13:58:35,16838024_1,1,"New Disturbance, low hab autocorr",8,1,7,2,20000,3047.28417225722,0.001,0.05,0,20,0.01,3,0,0,2000,1,FALSE,TRUE,0.05,0.2,5,circle
43037413,2026_08_25 10:23:55,16921932_1,1,"Long kernel, long autocorr",8,1,7,2,20000,3047.28417225722,0.001,0.05,0,20,0.005,140,0,0,2000,1,FALSE,FALSE,0,0.2,5,circle
84616777,2026_08_25 10:23:56,16921932_3,3,"Long kernel, long autocorr",8,1,7,2,20000,3047.28417225722,0.001,0.05,0,20,0.005,140,0,0,2000,1,FALSE,FALSE,0,0.2,5,circle
37468608,2026_08_25 10:23:56,16921932_2,2,"Long kernel, long autocorr",8,1,7,2,20000,3047.28417225722,0.001,0.05,0,20,0.005,140,0,0,2000,1,FALSE,FALSE,0,0.2,5,circle
90918099,2026_08_25 10:26:53,16922048_1,1,"Long kernel, long autocorr",8,1,7,2,20000,3047.28417225722,0.001,0.05,0,20,0.005,140,0,0,2000,1,FALSE,FALSE,0,0.2,5,circle
39786288,2026_08_25 10:26:55,16922048_3,3,"Long kernel, long autocorr",8,1,7,2,20000,3047.28417225722,0.001,0.05,0,20,0.005,140,0,0,2000,1,FALSE,FALSE,0,0.2,5,circle
19819933,2026_08_25 10:26:55,16922048_2,2,"Long kernel, long autocorr",8,1,7,2,20000,3047.28417225722,0.001,0.05,0,20,0.005,140,0,0,2000,1,FALSE,FALSE,0,0.2,5,circle
15261225,2026_08_25 10:35:59,16923441_1,1,"Long kernel, short autocorr",3,1,2,2,20000,138.576790355975,0.001,0.05,0,20,0.005,140,0,0,2000,1,FALSE,FALSE,0,0.2,5,circle
82403557,2026_08_25 10:35:59,16923441_3,3,"Long kernel, short autocorr",3,1,2,2,20000,138.576790355975,0.001,0.05,0,20,0.005,140,0,0,2000,1,FALSE,FALSE,0,0.2,5,circle
11248478,2026_08_25 10:35:59,16923441_2,2,"Long kernel, short autocorr",3,1,2,2,20000,138.576790355975,0.001,0.05,0,20,0.005,140,0,0,2000,1,FALSE,FALSE,0,0.2,5,circle
80788131,2026_08_25 10:37:59,16923654_1,1,"Long kernel, q=0.5",16,1,14,2,20000,,0.001,0.05,0,20,0.005,140,0,0,2000,1,FALSE,FALSE,0,0.2,5,circle
11445019,2026_08_25 10:37:59,16923654_2,2,"Long kernel, q=0.5",16,1,14,2,20000,,0.001,0.05,0,20,0.005,140,0,0,2000,1,FALSE,FALSE,0,0.2,5,circle
15029301,2026_08_25 10:37:59,16923654_3,3,"Long kernel, q=0.5",16,1,14,2,20000,,0.001,0.05,0,20,0.005,140,0,0,2000,1,FALSE,FALSE,0,0.2,5,circle
74910803,2026_08_25 10:39:47,16923702_1,1,"Long kernel, plasticity, long autocorr",8,1,7,2,20000,3047.28417225722,0.001,0.05,0,20,0.005,140,0,0,2000,1,FALSE,TRUE,0,0.2,5,circle
73673916,2026_08_25 10:39:48,16923702_2,2,"Long kernel, plasticity, long autocorr",8,1,7,2,20000,3047.28417225722,0.001,0.05,0,20,0.005,140,0,0,2000,1,FALSE,TRUE,0,0.2,5,circle
17422359,2026_08_25 10:39:48,16923702_3,3,"Long kernel, plasticity, long autocorr",8,1,7,2,20000,3047.28417225722,0.001,0.05,0,20,0.005,140,0,0,2000,1,FALSE,TRUE,0,0.2,5,circle
97059616,2026_08_25 10:40:58,16923747_3,3,"Long kernel, plasticity, short autocorr",3,1,2,2,20000,138.576790355975,0.001,0.05,0,20,0.005,140,0,0,2000,1,FALSE,TRUE,0,0.2,5,circle
32231525,2026_08_25 10:41:00,16923747_2,2,"Long kernel, plasticity, short autocorr",3,1,2,2,20000,138.576790355975,0.001,0.05,0,20,0.005,140,0,0,2000,1,FALSE,TRUE,0,0.2,5,circle
40071641,2026_08_25 10:41:00,16923747_1,1,"Long kernel, plasticity, short autocorr",3,1,2,2,20000,138.576790355975,0.001,0.05,0,20,0.005,140,0,0,2000,1,FALSE,TRUE,0,0.2,5,circle
38875682,2026_08_25 10:42:58,16923857_1,1,"Long kernel, plasticity, q=0.5",16,1,14,2,20000,,0.001,0.05,0,20,0.005,140,0,0,2000,1,FALSE,TRUE,0,0.2,5,circle
71927104,2026_08_25 10:43:19,16923857_3,3,"Long kernel, plasticity, q=0.5",16,1,14,2,20000,,0.001,0.05,0,20,0.005,140,0,0,2000,1,FALSE,TRUE,0,0.2,5,circle
85148930,2026_08_25 10:43:19,16923857_2,2,"Long kernel, plasticity, q=0.5",16,1,14,2,20000,,0.001,0.05,0,20,0.005,140,0,0,2000,1,FALSE,TRUE,0,0.2,5,circle
32752593,2026_08_25 15:21:49,16952426_3,3,"Long kernel, plasticity, long autocorr",8,1,7,2,20000,3047.28417225722,0.001,0.05,0,20,0.005,140,0,0,2000,1,FALSE,TRUE,0,0,0,circle,0
39642429,2026_08_25 15:21:51,16952426_2,2,"Long kernel, plasticity, long autocorr",8,1,7,2,20000,3047.28417225722,0.001,0.05,0,20,0.005,140,0,0,2000,1,FALSE,TRUE,0,0,0,circle,0
77874015,2026_08_25 15:21:53,16952426_1,1,"Long kernel, plasticity, long autocorr",8,1,7,2,20000,3047.28417225722,0.001,0.05,0,20,0.005,140,0,0,2000,1,FALSE,TRUE,0,0,0,circle,0
49522460,2026_08_25 15:24:18,16953080_2,2,"Long kernel, plasticity, short autocorr",3,1,2,2,20000,138.576790355975,0.001,0.05,0,20,0.005,140,0,0,2000,1,FALSE,TRUE,0,0,0,circle,0
88769649,2026_08_25 15:24:18,16953080_3,3,"Long kernel, plasticity, short autocorr",3,1,2,2,20000,138.576790355975,0.001,0.05,0,20,0.005,140,0,0,2000,1,FALSE,TRUE,0,0,0,circle,0
65339720,2026_08_25 15:24:18,16953080_1,1,"Long kernel, plasticity, short autocorr",3,1,2,2,20000,138.576790355975,0.001,0.05,0,20,0.005,140,0,0,2000,1,FALSE,TRUE,0,0,0,circle,0
98308795,2026_08_25 16:20:32,16963087_1,1,"Mult plasticity, long autocorr",8,1,7,2,20000,3047.28417225722,0.001,0.05,0,20,0.005,140,0,0,2000,1,FALSE,multiplicative,0,0,0,circle,0
89943140,2026_08_25 16:20:32,16963087_3,3,"Mult plasticity, long autocorr",8,1,7,2,20000,3047.28417225722,0.001,0.05,0,20,0.005,140,0,0,2000,1,FALSE,multiplicative,0,0,0,circle,0
15953724,2026_08_25 16:20:32,16963087_2,2,"Mult plasticity, long autocorr",8,1,7,2,20000,3047.28417225722,0.001,0.05,0,20,0.005,140,0,0,2000,1,FALSE,multiplicative,0,0,0,circle,0
49218861,2026_08_25 16:34:46,16964443_1,1,"Mult plasticity, long autocorr",8,1,7,2,20000,3047.28417225722,0.001,0.05,0,20,0.005,140,0,0,2000,1,FALSE,multiplicative,0,0,0,circle,0
18770198,2026_08_25 16:34:48,16964443_2,2,"Mult plasticity, long autocorr",8,1,7,2,20000,3047.28417225722,0.001,0.05,0,20,0.005,140,0,0,2000,1,FALSE,multiplicative,0,0,0,circle,0
98720781,2026_08_25 16:34:49,16964443_3,3,"Mult plasticity, long autocorr",8,1,7,2,20000,3047.28417225722,0.001,0.05,0,20,0.005,140,0,0,2000,1,FALSE,multiplicative,0,0,0,circle,0
62399955,2026_08_25 16:37:46,16964957_2,2,"Mult plasticity, short autocorr",3,1,2,2,20000,138.576790355975,0.001,0.05,0,20,0.005,140,0,0,2000,1,FALSE,multiplicative,0,0,0,circle,0
98294452,2026_08_25 16:37:48,16964957_3,3,"Mult plasticity, short autocorr",3,1,2,2,20000,138.576790355975,0.001,0.05,0,20,0.005,140,0,0,2000,1,FALSE,multiplicative,0,0,0,circle,0
77641649,2026_08_25 16:37:51,16964957_1,1,"Mult plasticity, short autocorr",3,1,2,2,20000,138.576790355975,0.001,0.05,0,20,0.005,140,0,0,2000,1,FALSE,multiplicative,0,0,0,circle,0
29050664,2026_08_26 11:31:15,17066846_3,3,"10m mu, short autocorr",3,1,2,2,20000,138.576790355975,0.01,0.05,0,20,0.005,140,0,0,2000,1,FALSE,multiplicative,0,0,0,circle,0
26501655,2026_08_26 11:31:16,17066846_2,2,"10m mu, short autocorr",3,1,2,2,20000,138.576790355975,0.01,0.05,0,20,0.005,140,0,0,2000,1,FALSE,multiplicative,0,0,0,circle,0
38604924,2026_08_26 11:31:17,17066846_1,1,"10m mu, short autocorr",3,1,2,2,20000,138.576790355975,0.01,0.05,0,20,0.005,140,0,0,2000,1,FALSE,multiplicative,0,0,0,circle,0
45702982,2026_08_26 11:33:14,17066965_2,2,"10m mu, long autocorr",8,1,7,2,20000,3047.28417225722,0.01,0.05,0,20,0.005,140,0,0,2000,1,FALSE,multiplicative,0,0,0,circle,0
22019029,2026_08_26 11:33:15,17066965_1,1,"10m mu, long autocorr",8,1,7,2,20000,3047.28417225722,0.01,0.05,0,20,0.005,140,0,0,2000,1,FALSE,multiplicative,0,0,0,circle,0
18993262,2026_08_26 11:33:16,17066965_3,3,"10m mu, long autocorr",8,1,7,2,20000,3047.28417225722,0.01,0.05,0,20,0.005,140,0,0,2000,1,FALSE,multiplicative,0,0,0,circle,0
22858904,2026_08_27 16:32:00,17248377_1,1,"Export full, disturb, high autocorr",8,1,7,2,20000,3047.28417225722,0.01,0.05,0,20,0.005,140,-10,10,10000,1,FALSE,multiplicative,0.1,0.25,10,fractal,0.1,1
68619180,2026_08_27 16:32:01,17248377_3,3,"Export full, disturb, high autocorr",8,1,7,2,20000,3047.28417225722,0.01,0.05,0,20,0.005,140,-10,10,10000,1,FALSE,multiplicative,0.1,0.25,10,fractal,0.1,1
81734680,2026_08_27 16:32:03,17248377_2,2,"Export full, disturb, high autocorr",8,1,7,2,20000,3047.28417225722,0.01,0.05,0,20,0.005,140,-10,10,10000,1,FALSE,multiplicative,0.1,0.25,10,fractal,0.1,1
93162924,2026_08_27 16:38:21,17250823_2,2,"Export full, disturb, low autocorr",3,1,2,2,20000,138.576790355975,0.01,0.05,0,20,0.005,140,-10,10,10000,1,FALSE,multiplicative,0.1,0.25,10,fractal,0.1,1
38225247,2026_08_27 16:38:23,17250823_3,3,"Export full, disturb, low autocorr",3,1,2,2,20000,138.576790355975,0.01,0.05,0,20,0.005,140,-10,10,10000,1,FALSE,multiplicative,0.1,0.25,10,fractal,0.1,1
84857524,2026_08_27 16:38:24,17250823_1,1,"Export full, disturb, low autocorr",3,1,2,2,20000,138.576790355975,0.01,0.05,0,20,0.005,140,-10,10,10000,1,FALSE,multiplicative,0.1,0.25,10,fractal,0.1,1
79415962,2026_08_27 16:48:58,17252983_3,3,"Export full, no disturb, low autocorr",3,1,2,2,20000,138.576790355975,0.01,0.05,0,20,0.005,140,-10,10,10000,1,FALSE,multiplicative,0,0.25,10,fractal,0.1,1
35764500,2026_08_27 16:49:00,17252983_2,2,"Export full, no disturb, low autocorr",3,1,2,2,20000,138.576790355975,0.01,0.05,0,20,0.005,140,-10,10,10000,1,FALSE,multiplicative,0,0.25,10,fractal,0.1,1
52071292,2026_08_27 16:49:01,17252983_1,1,"Export full, no disturb, low autocorr",3,1,2,2,20000,138.576790355975,0.01,0.05,0,20,0.005,140,-10,10,10000,1,FALSE,multiplicative,0,0.25,10,fractal,0.1,1
57938266,2026_08_27 16:52:30,17253917_2,2,"Export full, no disturb, high autocorr",8,1,7,2,20000,3047.28417225722,0.01,0.05,0,20,0.005,140,-10,10,10000,1,FALSE,multiplicative,0,0.25,10,fractal,0.1,1
21719221,2026_08_27 16:52:31,17253917_3,3,"Export full, no disturb, high autocorr",8,1,7,2,20000,3047.28417225722,0.01,0.05,0,20,0.005,140,-10,10,10000,1,FALSE,multiplicative,0,0.25,10,fractal,0.1,1
70036966,2026_08_27 16:52:33,17253917_1,1,"Export full, no disturb, high autocorr",8,1,7,2,20000,3047.28417225722,0.01,0.05,0,20,0.005,140,-10,10,10000,1,FALSE,multiplicative,0,0.25,10,fractal,0.1,1
91099415,2026_09_03 17:15:54,17981581_4,4,Finding top De value (try 0.8),8,1,7,2,20000,3047.28417225722,0.001,0.05,0,10,0.005,140,-10,10,400,25,FALSE,multiplicative,0.1,0.8,16,fractal,0,0.01
54975082,2026_09_03 17:15:54,17981581_1,1,Finding top De value (try 0.9),8,1,7,2,20000,3047.28417225722,0.001,0.05,0,10,0.005,140,-10,10,400,25,FALSE,multiplicative,0.1,0.9,16,fractal,0,0.01
31012424,2026_09_03 17:15:56,17981581_8,8,Finding top De value (try 0.6),8,1,7,2,20000,3047.28417225722,0.001,0.05,0,10,0.005,140,-10,10,400,25,FALSE,multiplicative,0.1,0.6,16,fractal,0,0.01
19844858,2026_09_03 17:15:56,17981581_6,6,Finding top De value (try 0.7),8,1,7,2,20000,3047.28417225722,0.001,0.05,0,10,0.005,140,-10,10,400,25,FALSE,multiplicative,0.1,0.7,16,fractal,0,0.01
36542986,2026_09_03 17:15:56,17981581_7,7,Finding top De value (try 0.6),8,1,7,2,20000,3047.28417225722,0.001,0.05,0,10,0.005,140,-10,10,400,25,FALSE,multiplicative,0.1,0.6,16,fractal,0,0.01
58541395,2026_09_03 17:15:57,17981581_5,5,Finding top De value (try 0.7),8,1,7,2,20000,3047.28417225722,0.001,0.05,0,10,0.005,140,-10,10,400,25,FALSE,multiplicative,0.1,0.7,16,fractal,0,0.01
16097862,2026_09_03 17:15:58,17981581_3,3,Finding top De value (try 0.8),8,1,7,2,20000,3047.28417225722,0.001,0.05,0,10,0.005,140,-10,10,400,25,FALSE,multiplicative,0.1,0.8,16,fractal,0,0.01
19144866,2026_09_03 17:16:00,17981581_2,2,Finding top De value (try 0.9),8,1,7,2,20000,3047.28417225722,0.001,0.05,0,10,0.005,140,-10,10,400,25,FALSE,multiplicative,0.1,0.9,16,fractal,0,0.01
98883199,2026_09_03 17:36:41,17985727_8,8,Finding top De value (try 0.6),8,1,7,2,20000,3047.28417225722,0.001,0.05,0,10,0.005,140,-10,10,400,1,FALSE,multiplicative,0.1,0.6,16,fractal,0,0.01
69620763,2026_09_03 17:36:41,17985727_7,7,Finding top De value (try 0.6),8,1,7,2,20000,3047.28417225722,0.001,0.05,0,10,0.005,140,-10,10,400,1,FALSE,multiplicative,0.1,0.6,16,fractal,0,0.01
27197378,2026_09_03 17:36:41,17985727_1,1,Finding top De value (try 0.9),8,1,7,2,20000,3047.28417225722,0.001,0.05,0,10,0.005,140,-10,10,400,1,FALSE,multiplicative,0.1,0.9,16,fractal,0,0.01
91151795,2026_09_03 17:36:41,17985727_2,2,Finding top De value (try 0.9),8,1,7,2,20000,3047.28417225722,0.001,0.05,0,10,0.005,140,-10,10,400,1,FALSE,multiplicative,0.1,0.9,16,fractal,0,0.01
20512958,2026_09_03 17:36:42,17985727_3,3,Finding top De value (try 0.8),8,1,7,2,20000,3047.28417225722,0.001,0.05,0,10,0.005,140,-10,10,400,1,FALSE,multiplicative,0.1,0.8,16,fractal,0,0.01
72780635,2026_09_03 17:36:42,17985727_6,6,Finding top De value (try 0.7),8,1,7,2,20000,3047.28417225722,0.001,0.05,0,10,0.005,140,-10,10,400,1,FALSE,multiplicative,0.1,0.7,16,fractal,0,0.01
87587053,2026_09_03 17:36:42,17985727_5,5,Finding top De value (try 0.7),8,1,7,2,20000,3047.28417225722,0.001,0.05,0,10,0.005,140,-10,10,400,1,FALSE,multiplicative,0.1,0.7,16,fractal,0,0.01
86577230,2026_09_03 17:36:42,17985727_4,4,Finding top De value (try 0.8),8,1,7,2,20000,3047.28417225722,0.001,0.05,0,10,0.005,140,-10,10,400,1,FALSE,multiplicative,0.1,0.8,16,fractal,0,0.01
14048182,2026_09_03 17:51:40,17987692_7,7,Finding top De value (try 0.6),8,1,7,2,20000,3047.28417225722,0.001,0.05,0,10,1,1,-10,10,400,1,FALSE,multiplicative,0.1,0.6,16,fractal,0,0.01
13499256,2026_09_03 17:51:40,17987692_8,8,Finding top De value (try 0.6),8,1,7,2,20000,3047.28417225722,0.001,0.05,0,10,1,1,-10,10,400,1,FALSE,multiplicative,0.1,0.6,16,fractal,0,0.01
65022887,2026_09_03 17:51:41,17987692_5,5,Finding top De value (try 0.7),8,1,7,2,20000,3047.28417225722,0.001,0.05,0,10,1,1,-10,10,400,1,FALSE,multiplicative,0.1,0.7,16,fractal,0,0.01
34526419,2026_09_03 17:51:41,17987692_6,6,Finding top De value (try 0.7),8,1,7,2,20000,3047.28417225722,0.001,0.05,0,10,1,1,-10,10,400,1,FALSE,multiplicative,0.1,0.7,16,fractal,0,0.01
25891228,2026_09_03 17:51:41,17987692_1,1,Finding top De value (try 0.9),8,1,7,2,20000,3047.28417225722,0.001,0.05,0,10,1,1,-10,10,400,1,FALSE,multiplicative,0.1,0.9,16,fractal,0,0.01
38136866,2026_09_03 17:51:41,17987692_2,2,Finding top De value (try 0.9),8,1,7,2,20000,3047.28417225722,0.001,0.05,0,10,1,1,-10,10,400,1,FALSE,multiplicative,0.1,0.9,16,fractal,0,0.01
26199555,2026_09_03 17:51:41,17987692_3,3,Finding top De value (try 0.8),8,1,7,2,20000,3047.28417225722,0.001,0.05,0,10,1,1,-10,10,400,1,FALSE,multiplicative,0.1,0.8,16,fractal,0,0.01
25453745,2026_09_03 17:51:42,17987692_4,4,Finding top De value (try 0.8),8,1,7,2,20000,3047.28417225722,0.001,0.05,0,10,1,1,-10,10,400,1,FALSE,multiplicative,0.1,0.8,16,fractal,0,0.01
56332996,2026_09_04 14:24:26,18113615_1,1,Basemap 1 experiment,18,1,219,2,20000,989.370247371698,0.001,0.05,0,10,0.005,140,-10,10,3000,1,FALSE,multiplicative,0,0,0,fractal,1,0.01
86583379,2026_09_04 14:24:27,18113615_4,4,Basemap 1 experiment,21,1,225,2,20000,2068.54522018042,0.001,0.05,0,10,0.005,140,-10,10,3000,1,FALSE,multiplicative,0,0,0,fractal,1,0.01
53671989,2026_09_04 14:24:27,18113615_5,5,Basemap 1 experiment,22,1,227,2,20000,1405.91239235663,0.001,0.05,0,10,0.005,140,-10,10,3000,1,FALSE,multiplicative,0,0,0,fractal,1,0.01
14747056,2026_09_04 14:24:39,18113615_3,3,Basemap 1 experiment,20,1,223,2,20000,1975.70162000982,0.001,0.05,0,10,0.005,140,-10,10,3000,1,FALSE,multiplicative,0,0,0,fractal,1,0.01
62468461,2026_09_04 14:24:39,18113615_2,2,Basemap 1 experiment,19,1,221,2,20000,2040.87642025976,0.001,0.05,0,10,0.005,140,-10,10,3000,1,FALSE,multiplicative,0,0,0,fractal,1,0.01
89601381,2026_09_04 14:32:44,18114187_14,14,Basemap 1 experiment,31,1,245,2,20000,1482.72976514484,0.001,0.05,0,10,0.005,140,-10,10,3000,1,FALSE,multiplicative,0,0,0,fractal,1,0.01
33485357,2026_09_04 14:32:44,18114187_15,15,Basemap 1 experiment,32,1,247,2,20000,1064.41620299084,0.001,0.05,0,10,0.005,140,-10,10,3000,1,FALSE,multiplicative,0,0,0,fractal,1,0.01
93805014,2026_09_04 14:32:44,18114187_13,13,Basemap 1 experiment,30,1,243,2,20000,1512.65862780803,0.001,0.05,0,10,0.005,140,-10,10,3000,1,FALSE,multiplicative,0,0,0,fractal,1,0.01
29608970,2026_09_04 14:32:44,18114187_9,9,Basemap 1 experiment,26,1,235,2,20000,1462.27553065958,0.001,0.05,0,10,0.005,140,-10,10,3000,1,FALSE,multiplicative,0,0,0,fractal,1,0.01
55537956,2026_09_04 14:32:44,18114187_8,8,Basemap 1 experiment,25,1,233,2,20000,15.423038594191,0.001,0.05,0,10,0.005,140,-10,10,3000,1,FALSE,multiplicative,0,0,0,fractal,1,0.01
10375124,2026_09_04 14:32:45,18114187_10,10,Basemap 1 experiment,27,1,237,2,20000,1743.76007067125,0.001,0.05,0,10,0.005,140,-10,10,3000,1,FALSE,multiplicative,0,0,0,fractal,1,0.01
37264932,2026_09_04 14:32:45,18114187_34,34,Basemap 1 experiment,51,1,285,2,20000,14.7339675330832,0.001,0.05,0,10,0.005,140,-10,10,3000,1,FALSE,multiplicative,0,0,0,fractal,1,0.01
34335531,2026_09_04 14:32:46,18114187_12,12,Basemap 1 experiment,29,1,241,2,20000,1992.10608873458,0.001,0.05,0,10,0.005,140,-10,10,3000,1,FALSE,multiplicative,0,0,0,fractal,1,0.01
75065782,2026_09_04 14:32:46,18114187_11,11,Basemap 1 experiment,28,1,239,2,20000,2860.16229692603,0.001,0.05,0,10,0.005,140,-10,10,3000,1,FALSE,multiplicative,0,0,0,fractal,1,0.01
58075247,2026_09_04 14:32:47,18114187_28,28,Basemap 1 experiment,45,1,273,2,20000,1108.5204837492,0.001,0.05,0,10,0.005,140,-10,10,3000,1,FALSE,multiplicative,0,0,0,fractal,1,0.01
33793087,2026_09_04 14:32:46,18114187_53,53,Basemap 1 experiment,70,1,323,2,20000,1375.69893375713,0.001,0.05,0,10,0.005,140,-10,10,3000,1,FALSE,multiplicative,0,0,0,fractal,1,0.01
78464706,2026_09_04 14:32:47,18114187_83,83,Basemap 1 experiment,100,1,383,2,20000,1073.33983244526,0.001,0.05,0,10,0.005,140,-10,10,3000,1,FALSE,multiplicative,0,0,0,fractal,1,0.01
62876805,2026_09_04 14:32:47,18114187_82,82,Basemap 1 experiment,99,1,381,2,20000,1879.67437869816,0.001,0.05,0,10,0.005,140,-10,10,3000,1,FALSE,multiplicative,0,0,0,fractal,1,0.01
22551341,2026_09_04 14:32:47,18114187_22,22,Basemap 1 experiment,39,1,261,2,20000,788.847660211343,0.001,0.05,0,10,0.005,140,-10,10,3000,1,FALSE,multiplicative,0,0,0,fractal,1,0.01
16359937,2026_09_04 14:32:47,18114187_21,21,Basemap 1 experiment,38,1,259,2,20000,760.415213867477,0.001,0.05,0,10,0.005,140,-10,10,3000,1,FALSE,multiplicative,0,0,0,fractal,1,0.01
11745775,2026_09_04 14:32:46,18114187_73,73,Basemap 1 experiment,90,1,363,2,20000,2388.83146931255,0.001,0.05,0,10,0.005,140,-10,10,3000,1,FALSE,multiplicative,0,0,0,fractal,1,0.01
64787234,2026_09_04 14:32:47,18114187_74,74,Basemap 1 experiment,91,1,365,2,20000,15.5011546902045,0.001,0.05,0,10,0.005,140,-10,10,3000,1,FALSE,multiplicative,0,0,0,fractal,1,0.01
15323064,2026_09_04 14:32:48,18114187_32,32,Basemap 1 experiment,49,1,281,2,20000,2818.50099909916,0.001,0.05,0,10,0.005,140,-10,10,3000,1,FALSE,multiplicative,0,0,0,fractal,1,0.01
66980310,2026_09_04 14:32:48,18114187_95,95,Basemap 1 experiment,112,1,407,2,20000,757.718655414366,0.001,0.05,0,10,0.005,140,-10,10,3000,1,FALSE,multiplicative,0,0,0,fractal,1,0.01
82473083,2026_09_04 14:32:48,18114187_96,96,Basemap 1 experiment,113,1,409,2,20000,1465.74148443907,0.001,0.05,0,10,0.005,140,-10,10,3000,1,FALSE,multiplicative,0,0,0,fractal,1,0.01
39943072,2026_09_04 14:32:49,18114187_86,86,Basemap 1 experiment,103,1,389,2,20000,14.7332078882533,0.001,0.05,0,10,0.005,140,-10,10,3000,1,FALSE,multiplicative,0,0,0,fractal,1,0.01
74266256,2026_09_04 14:32:48,18114187_47,47,Basemap 1 experiment,64,1,311,2,20000,2723.48430455325,0.001,0.05,0,10,0.005,140,-10,10,3000,1,FALSE,multiplicative,0,0,0,fractal,1,0.01
29733762,2026_09_04 14:32:48,18114187_46,46,Basemap 1 experiment,63,1,309,2,20000,1378.05320800907,0.001,0.05,0,10,0.005,140,-10,10,3000,1,FALSE,multiplicative,0,0,0,fractal,1,0.01
39261911,2026_09_04 14:32:48,18114187_85,85,Basemap 1 experiment,102,1,387,2,20000,2510.66056126296,0.001,0.05,0,10,0.005,140,-10,10,3000,1,FALSE,multiplicative,0,0,0,fractal,1,0.01
39065590,2026_09_04 14:32:49,18114187_37,37,Basemap 1 experiment,54,1,291,2,20000,3013.22019097841,0.001,0.05,0,10,0.005,140,-10,10,3000,1,FALSE,multiplicative,0,0,0,fractal,1,0.01
70224233,2026_09_04 14:32:48,18114187_51,51,Basemap 1 experiment,68,1,319,2,20000,14.583629646427,0.001,0.05,0,10,0.005,140,-10,10,3000,1,FALSE,multiplicative,0,0,0,fractal,1,0.01
17638429,2026_09_04 14:32:49,18114187_50,50,Basemap 1 experiment,67,1,317,2,20000,1785.51345896885,0.001,0.05,0,10,0.005,140,-10,10,3000,1,FALSE,multiplicative,0,0,0,fractal,1,0.01
62265318,2026_09_04 14:32:49,18114187_49,49,Basemap 1 experiment,66,1,315,2,20000,928.031403881146,0.001,0.05,0,10,0.005,140,-10,10,3000,1,FALSE,multiplicative,0,0,0,fractal,1,0.01
80429401,2026_09_04 14:32:49,18114187_97,97,Basemap 1 experiment,114,1,411,2,20000,14.566098673372,0.001,0.05,0,10,0.005,140,-10,10,3000,1,FALSE,multiplicative,0,0,0,fractal,1,0.01
38107645,2026_09_04 14:32:49,18114187_98,98,Basemap 1 experiment,115,1,413,2,20000,878.248865366414,0.001,0.05,0,10,0.005,140,-10,10,3000,1,FALSE,multiplicative,0,0,0,fractal,1,0.01
71037856,2026_09_04 14:32:50,18114187_6,6,Basemap 1 experiment,23,1,229,2,20000,14.9739230561787,0.001,0.05,0,10,0.005,140,-10,10,3000,1,FALSE,multiplicative,0,0,0,fractal,1,0.01
14924404,2026_09_04 14:32:50,18114187_70,70,Basemap 1 experiment,87,1,357,2,20000,14.6476458058007,0.001,0.05,0,10,0.005,140,-10,10,3000,1,FALSE,multiplicative,0,0,0,fractal,1,0.01
63018585,2026_09_04 14:32:50,18114187_67,67,Basemap 1 experiment,84,1,351,2,20000,2033.78394362798,0.001,0.05,0,10,0.005,140,-10,10,3000,1,FALSE,multiplicative,0,0,0,fractal,1,0.01
93903083,2026_09_04 14:32:50,18114187_69,69,Basemap 1 experiment,86,1,355,2,20000,14.9918495454571,0.001,0.05,0,10,0.005,140,-10,10,3000,1,FALSE,multiplicative,0,0,0,fractal,1,0.01
51595385,2026_09_04 14:32:50,18114187_68,68,Basemap 1 experiment,85,1,353,2,20000,2776.01808143847,0.001,0.05,0,10,0.005,140,-10,10,3000,1,FALSE,multiplicative,0,0,0,fractal,1,0.01
55321095,2026_09_04 14:32:50,18114187_19,19,Basemap 1 experiment,36,1,255,2,20000,1348.45815982213,0.001,0.05,0,10,0.005,140,-10,10,3000,1,FALSE,multiplicative,0,0,0,fractal,1,0.01
67459959,2026_09_04 14:32:50,18114187_20,20,Basemap 1 experiment,37,1,257,2,20000,854.956070927776,0.001,0.05,0,10,0.005,140,-10,10,3000,1,FALSE,multiplicative,0,0,0,fractal,1,0.01
95163665,2026_09_04 14:32:50,18114187_36,36,Basemap 1 experiment,53,1,289,2,20000,2662.07889589694,0.001,0.05,0,10,0.005,140,-10,10,3000,1,FALSE,multiplicative,0,0,0,fractal,1,0.01
78747160,2026_09_04 14:32:50,18114187_40,40,Basemap 1 experiment,57,1,297,2,20000,14.5535716001118,0.001,0.05,0,10,0.005,140,-10,10,3000,1,FALSE,multiplicative,0,0,0,fractal,1,0.01
61356805,2026_09_04 14:32:50,18114187_41,41,Basemap 1 experiment,58,1,299,2,20000,1053.51677407167,0.001,0.05,0,10,0.005,140,-10,10,3000,1,FALSE,multiplicative,0,0,0,fractal,1,0.01
15787749,2026_09_04 14:32:50,18114187_52,52,Basemap 1 experiment,69,1,321,2,20000,1150.41460926698,0.001,0.05,0,10,0.005,140,-10,10,3000,1,FALSE,multiplicative,0,0,0,fractal,1,0.01
42153471,2026_09_04 14:32:51,18114187_101,101,Basemap 1 experiment,18,1,219,2,20000,989.370247371698,0.001,0.05,0,10,0.005,140,-10,10,3000,1,FALSE,multiplicative,0.1,0.2,6,fractal,0.1,0.01
13949423,2026_09_04 14:32:51,18114187_102,102,Basemap 1 experiment,19,1,221,2,20000,2040.87642025976,0.001,0.05,0,10,0.005,140,-10,10,3000,1,FALSE,multiplicative,0.1,0.2,6,fractal,0.1,0.01
52154312,2026_09_04 14:32:51,18114187_103,103,Basemap 1 experiment,20,1,223,2,20000,1975.70162000982,0.001,0.05,0,10,0.005,140,-10,10,3000,1,FALSE,multiplicative,0.1,0.2,6,fractal,0.1,0.01
44710735,2026_09_04 14:32:51,18114187_100,100,Basemap 1 experiment,117,1,417,2,20000,14.6637978395499,0.001,0.05,0,10,0.005,140,-10,10,3000,1,FALSE,multiplicative,0,0,0,fractal,1,0.01
57598104,2026_09_04 14:32:50,18114187_24,24,Basemap 1 experiment,41,1,265,2,20000,3285.6501400137,0.001,0.05,0,10,0.005,140,-10,10,3000,1,FALSE,multiplicative,0,0,0,fractal,1,0.01
40207423,2026_09_04 14:32:50,18114187_23,23,Basemap 1 experiment,40,1,263,2,20000,2354.90547702861,0.001,0.05,0,10,0.005,140,-10,10,3000,1,FALSE,multiplicative,0,0,0,fractal,1,0.01
68566632,2026_09_04 14:32:51,18114187_44,44,Basemap 1 experiment,61,1,305,2,20000,14.47456787638,0.001,0.05,0,10,0.005,140,-10,10,3000,1,FALSE,multiplicative,0,0,0,fractal,1,0.01
52136897,2026_09_04 14:32:51,18114187_43,43,Basemap 1 experiment,60,1,303,2,20000,14.4715818079739,0.001,0.05,0,10,0.005,140,-10,10,3000,1,FALSE,multiplicative,0,0,0,fractal,1,0.01
73044762,2026_09_04 14:32:51,18114187_45,45,Basemap 1 experiment,62,1,307,2,20000,1946.50704820748,0.001,0.05,0,10,0.005,140,-10,10,3000,1,FALSE,multiplicative,0,0,0,fractal,1,0.01
11311782,2026_09_04 14:32:50,18114187_63,63,Basemap 1 experiment,80,1,343,2,20000,14.9183643511873,0.001,0.05,0,10,0.005,140,-10,10,3000,1,FALSE,multiplicative,0,0,0,fractal,1,0.01
22830469,2026_09_04 14:32:50,18114187_65,65,Basemap 1 experiment,82,1,347,2,20000,14.8873728104569,0.001,0.05,0,10,0.005,140,-10,10,3000,1,FALSE,multiplicative,0,0,0,fractal,1,0.01
35169213,2026_09_04 14:32:50,18114187_64,64,Basemap 1 experiment,81,1,345,2,20000,1260.64243121824,0.001,0.05,0,10,0.005,140,-10,10,3000,1,FALSE,multiplicative,0,0,0,fractal,1,0.01
23097621,2026_09_04 14:32:50,18114187_79,79,Basemap 1 experiment,96,1,375,2,20000,14.7329802949794,0.001,0.05,0,10,0.005,140,-10,10,3000,1,FALSE,multiplicative,0,0,0,fractal,1,0.01
18442288,2026_09_04 14:32:50,18114187_71,71,Basemap 1 experiment,88,1,359,2,20000,14.8311357768182,0.001,0.05,0,10,0.005,140,-10,10,3000,1,FALSE,multiplicative,0,0,0,fractal,1,0.01
87190889,2026_09_04 14:32:51,18114187_99,99,Basemap 1 experiment,116,1,415,2,20000,792.537994360818,0.001,0.05,0,10,0.005,140,-10,10,3000,1,FALSE,multiplicative,0,0,0,fractal,1,0.01
10893535,2026_09_04 14:32:50,18114187_75,75,Basemap 1 experiment,92,1,367,2,20000,2182.85975054977,0.001,0.05,0,10,0.005,140,-10,10,3000,1,FALSE,multiplicative,0,0,0,fractal,1,0.01
90909081,2026_09_04 14:32:50,18114187_76,76,Basemap 1 experiment,93,1,369,2,20000,1266.70917312372,0.001,0.05,0,10,0.005,140,-10,10,3000,1,FALSE,multiplicative,0,0,0,fractal,1,0.01
41053530,2026_09_04 14:32:52,18114187_55,55,Basemap 1 experiment,72,1,327,2,20000,14.8966338695355,0.001,0.05,0,10,0.005,140,-10,10,3000,1,FALSE,multiplicative,0,0,0,fractal,1,0.01
93430527,2026_09_04 14:32:52,18114187_57,57,Basemap 1 experiment,74,1,331,2,20000,16.276738582679,0.001,0.05,0,10,0.005,140,-10,10,3000,1,FALSE,multiplicative,0,0,0,fractal,1,0.01
72136507,2026_09_04 14:32:52,18114187_56,56,Basemap 1 experiment,73,1,329,2,20000,2066.89530504284,0.001,0.05,0,10,0.005,140,-10,10,3000,1,FALSE,multiplicative,0,0,0,fractal,1,0.01
99080189,2026_09_04 14:32:52,18114187_54,54,Basemap 1 experiment,71,1,325,2,20000,2649.90910431587,0.001,0.05,0,10,0.005,140,-10,10,3000,1,FALSE,multiplicative,0,0,0,fractal,1,0.01
18936787,2026_09_04 14:32:51,18114187_66,66,Basemap 1 experiment,83,1,349,2,20000,2854.29888941966,0.001,0.05,0,10,0.005,140,-10,10,3000,1,FALSE,multiplicative,0,0,0,fractal,1,0.01
47107793,2026_09_04 14:32:51,18114187_104,104,Basemap 1 experiment,21,1,225,2,20000,2068.54522018042,0.001,0.05,0,10,0.005,140,-10,10,3000,1,FALSE,multiplicative,0.1,0.2,6,fractal,0.1,0.01
16327270,2026_09_04 14:32:51,18114187_105,105,Basemap 1 experiment,22,1,227,2,20000,1405.91239235663,0.001,0.05,0,10,0.005,140,-10,10,3000,1,FALSE,multiplicative,0.1,0.2,6,fractal,0.1,0.01
87325548,2026_09_04 14:32:52,18114187_27,27,Basemap 1 experiment,44,1,271,2,20000,3101.53415000135,0.001,0.05,0,10,0.005,140,-10,10,3000,1,FALSE,multiplicative,0,0,0,fractal,1,0.01
42558636,2026_09_04 14:32:52,18114187_26,26,Basemap 1 experiment,43,1,269,2,20000,1288.94713367896,0.001,0.05,0,10,0.005,140,-10,10,3000,1,FALSE,multiplicative,0,0,0,fractal,1,0.01
82134373,2026_09_04 14:32:52,18114187_25,25,Basemap 1 experiment,42,1,267,2,20000,14.8951873009222,0.001,0.05,0,10,0.005,140,-10,10,3000,1,FALSE,multiplicative,0,0,0,fractal,1,0.01
10754600,2026_09_04 14:32:53,18114187_72,72,Basemap 1 experiment,89,1,361,2,20000,732.621622943574,0.001,0.05,0,10,0.005,140,-10,10,3000,1,FALSE,multiplicative,0,0,0,fractal,1,0.01
61772198,2026_09_04 14:32:52,18114187_35,35,Basemap 1 experiment,52,1,287,2,20000,2113.50059557868,0.001,0.05,0,10,0.005,140,-10,10,3000,1,FALSE,multiplicative,0,0,0,fractal,1,0.01
79871587,2026_09_04 14:32:54,18114187_42,42,Basemap 1 experiment,59,1,301,2,20000,2167.86536095686,0.001,0.05,0,10,0.005,140,-10,10,3000,1,FALSE,multiplicative,0,0,0,fractal,1,0.01
53104310,2026_09_04 14:32:54,18114187_16,16,Basemap 1 experiment,33,1,249,2,20000,895.666479211213,0.001,0.05,0,10,0.005,140,-10,10,3000,1,FALSE,multiplicative,0,0,0,fractal,1,0.01
41975909,2026_09_04 14:32:55,18114187_84,84,Basemap 1 experiment,101,1,385,2,20000,14.7267497762107,0.001,0.05,0,10,0.005,140,-10,10,3000,1,FALSE,multiplicative,0,0,0,fractal,1,0.01
99379728,2026_09_04 14:32:55,18114187_92,92,Basemap 1 experiment,109,1,401,2,20000,2214.41126133434,0.001,0.05,0,10,0.005,140,-10,10,3000,1,FALSE,multiplicative,0,0,0,fractal,1,0.01
43063291,2026_09_04 14:32:55,18114187_90,90,Basemap 1 experiment,107,1,397,2,20000,1815.12848889598,0.001,0.05,0,10,0.005,140,-10,10,3000,1,FALSE,multiplicative,0,0,0,fractal,1,0.01
57743466,2026_09_04 14:32:55,18114187_87,87,Basemap 1 experiment,104,1,391,2,20000,3129.69733828298,0.001,0.05,0,10,0.005,140,-10,10,3000,1,FALSE,multiplicative,0,0,0,fractal,1,0.01
32411983,2026_09_04 14:32:55,18114187_91,91,Basemap 1 experiment,108,1,399,2,20000,979.701436530544,0.001,0.05,0,10,0.005,140,-10,10,3000,1,FALSE,multiplicative,0,0,0,fractal,1,0.01
78023350,2026_09_04 14:32:55,18114187_89,89,Basemap 1 experiment,106,1,395,2,20000,2676.26153751617,0.001,0.05,0,10,0.005,140,-10,10,3000,1,FALSE,multiplicative,0,0,0,fractal,1,0.01
33783542,2026_09_04 14:32:55,18114187_88,88,Basemap 1 experiment,105,1,393,2,20000,1094.94483397396,0.001,0.05,0,10,0.005,140,-10,10,3000,1,FALSE,multiplicative,0,0,0,fractal,1,0.01
67376330,2026_09_04 14:32:55,18114187_77,77,Basemap 1 experiment,94,1,371,2,20000,2294.46581829664,0.001,0.05,0,10,0.005,140,-10,10,3000,1,FALSE,multiplicative,0,0,0,fractal,1,0.01
33526917,2026_09_04 14:32:56,18114187_18,18,Basemap 1 experiment,35,1,253,2,20000,966.142650706626,0.001,0.05,0,10,0.005,140,-10,10,3000,1,FALSE,multiplicative,0,0,0,fractal,1,0.01
65185452,2026_09_04 14:32:56,18114187_17,17,Basemap 1 experiment,34,1,251,2,20000,2354.09468048382,0.001,0.05,0,10,0.005,140,-10,10,3000,1,FALSE,multiplicative,0,0,0,fractal,1,0.01
74990802,2026_09_04 14:32:56,18114187_48,48,Basemap 1 experiment,65,1,313,2,20000,2427.2997487573,0.001,0.05,0,10,0.005,140,-10,10,3000,1,FALSE,multiplicative,0,0,0,fractal,1,0.01
58926620,2026_09_04 14:32:56,18114187_94,94,Basemap 1 experiment,111,1,405,2,20000,987.859062425916,0.001,0.05,0,10,0.005,140,-10,10,3000,1,FALSE,multiplicative,0,0,0,fractal,1,0.01
68022473,2026_09_04 14:32:56,18114187_93,93,Basemap 1 experiment,110,1,403,2,20000,14.8381932788461,0.001,0.05,0,10,0.005,140,-10,10,3000,1,FALSE,multiplicative,0,0,0,fractal,1,0.01
54703790,2026_09_04 14:32:56,18114187_39,39,Basemap 1 experiment,56,1,295,2,20000,2187.04488736504,0.001,0.05,0,10,0.005,140,-10,10,3000,1,FALSE,multiplicative,0,0,0,fractal,1,0.01
80484937,2026_09_04 14:32:56,18114187_30,30,Basemap 1 experiment,47,1,277,2,20000,2587.66701005728,0.001,0.05,0,10,0.005,140,-10,10,3000,1,FALSE,multiplicative,0,0,0,fractal,1,0.01
18942783,2026_09_04 14:32:56,18114187_29,29,Basemap 1 experiment,46,1,275,2,20000,1737.05134942494,0.001,0.05,0,10,0.005,140,-10,10,3000,1,FALSE,multiplicative,0,0,0,fractal,1,0.01
84882588,2026_09_04 14:32:56,18114187_31,31,Basemap 1 experiment,48,1,279,2,20000,2361.03050749552,0.001,0.05,0,10,0.005,140,-10,10,3000,1,FALSE,multiplicative,0,0,0,fractal,1,0.01
90283115,2026_09_04 14:32:56,18114187_80,80,Basemap 1 experiment,97,1,377,2,20000,1796.46487976205,0.001,0.05,0,10,0.005,140,-10,10,3000,1,FALSE,multiplicative,0,0,0,fractal,1,0.01
46550336,2026_09_04 14:32:56,18114187_81,81,Basemap 1 experiment,98,1,379,2,20000,3121.51439344387,0.001,0.05,0,10,0.005,140,-10,10,3000,1,FALSE,multiplicative,0,0,0,fractal,1,0.01
12368087,2026_09_04 14:33:00,18114187_59,59,Basemap 1 experiment,76,1,335,2,20000,1725.55561754008,0.001,0.05,0,10,0.005,140,-10,10,3000,1,FALSE,multiplicative,0,0,0,fractal,1,0.01
30976005,2026_09_04 14:33:00,18114187_60,60,Basemap 1 experiment,77,1,337,2,20000,2375.37591174792,0.001,0.05,0,10,0.005,140,-10,10,3000,1,FALSE,multiplicative,0,0,0,fractal,1,0.01
36183423,2026_09_04 14:33:00,18114187_58,58,Basemap 1 experiment,75,1,333,2,20000,14.8609912017103,0.001,0.05,0,10,0.005,140,-10,10,3000,1,FALSE,multiplicative,0,0,0,fractal,1,0.01
56525459,2026_09_04 14:33:00,18114187_61,61,Basemap 1 experiment,78,1,339,2,20000,14.6890577881868,0.001,0.05,0,10,0.005,140,-10,10,3000,1,FALSE,multiplicative,0,0,0,fractal,1,0.01
80711918,2026_09_04 14:33:00,18114187_62,62,Basemap 1 experiment,79,1,341,2,20000,2587.56393979408,0.001,0.05,0,10,0.005,140,-10,10,3000,1,FALSE,multiplicative,0,0,0,fractal,1,0.01
11188574,2026_09_04 14:35:38,18114187_128,128,Basemap 1 experiment,45,1,273,2,20000,1108.5204837492,0.001,0.05,0,10,0.005,140,-10,10,3000,1,FALSE,multiplicative,0.1,0.2,6,fractal,0.1,0.01
54614965,2026_09_04 14:35:38,18114187_129,129,Basemap 1 experiment,46,1,275,2,20000,1737.05134942494,0.001,0.05,0,10,0.005,140,-10,10,3000,1,FALSE,multiplicative,0.1,0.2,6,fractal,0.1,0.01
67142238,2026_09_04 14:35:39,18114187_131,131,Basemap 1 experiment,48,1,279,2,20000,2361.03050749552,0.001,0.05,0,10,0.005,140,-10,10,3000,1,FALSE,multiplicative,0.1,0.2,6,fractal,0.1,0.01
54452261,2026_09_04 14:35:39,18114187_130,130,Basemap 1 experiment,47,1,277,2,20000,2587.66701005728,0.001,0.05,0,10,0.005,140,-10,10,3000,1,FALSE,multiplicative,0.1,0.2,6,fractal,0.1,0.01
79004399,2026_09_04 14:35:41,18114187_114,114,Basemap 1 experiment,31,1,245,2,20000,1482.72976514484,0.001,0.05,0,10,0.005,140,-10,10,3000,1,FALSE,multiplicative,0.1,0.2,6,fractal,0.1,0.01
40842231,2026_09_04 14:35:41,18114187_115,115,Basemap 1 experiment,32,1,247,2,20000,1064.41620299084,0.001,0.05,0,10,0.005,140,-10,10,3000,1,FALSE,multiplicative,0.1,0.2,6,fractal,0.1,0.01
54301823,2026_09_04 14:35:41,18114187_116,116,Basemap 1 experiment,33,1,249,2,20000,895.666479211213,0.001,0.05,0,10,0.005,140,-10,10,3000,1,FALSE,multiplicative,0.1,0.2,6,fractal,0.1,0.01
15598412,2026_09_04 14:35:41,18114187_127,127,Basemap 1 experiment,44,1,271,2,20000,3101.53415000135,0.001,0.05,0,10,0.005,140,-10,10,3000,1,FALSE,multiplicative,0.1,0.2,6,fractal,0.1,0.01
50516131,2026_09_04 14:35:41,18114187_126,126,Basemap 1 experiment,43,1,269,2,20000,1288.94713367896,0.001,0.05,0,10,0.005,140,-10,10,3000,1,FALSE,multiplicative,0.1,0.2,6,fractal,0.1,0.01
44534152,2026_09_04 14:35:42,18114187_117,117,Basemap 1 experiment,34,1,251,2,20000,2354.09468048382,0.001,0.05,0,10,0.005,140,-10,10,3000,1,FALSE,multiplicative,0.1,0.2,6,fractal,0.1,0.01
90832673,2026_09_04 14:35:41,18114187_122,122,Basemap 1 experiment,39,1,261,2,20000,788.847660211343,0.001,0.05,0,10,0.005,140,-10,10,3000,1,FALSE,multiplicative,0.1,0.2,6,fractal,0.1,0.01
72715734,2026_09_04 14:35:41,18114187_119,119,Basemap 1 experiment,36,1,255,2,20000,1348.45815982213,0.001,0.05,0,10,0.005,140,-10,10,3000,1,FALSE,multiplicative,0.1,0.2,6,fractal,0.1,0.01
74803715,2026_09_04 14:35:41,18114187_121,121,Basemap 1 experiment,38,1,259,2,20000,760.415213867477,0.001,0.05,0,10,0.005,140,-10,10,3000,1,FALSE,multiplicative,0.1,0.2,6,fractal,0.1,0.01
57190811,2026_09_04 14:35:41,18114187_120,120,Basemap 1 experiment,37,1,257,2,20000,854.956070927776,0.001,0.05,0,10,0.005,140,-10,10,3000,1,FALSE,multiplicative,0.1,0.2,6,fractal,0.1,0.01
15914967,2026_09_04 14:35:42,18114187_113,113,Basemap 1 experiment,30,1,243,2,20000,1512.65862780803,0.001,0.05,0,10,0.005,140,-10,10,3000,1,FALSE,multiplicative,0.1,0.2,6,fractal,0.1,0.01
78018973,2026_09_04 14:35:43,18114187_152,152,Basemap 1 experiment,69,1,321,2,20000,1150.41460926698,0.001,0.05,0,10,0.005,140,-10,10,3000,1,FALSE,multiplicative,0.1,0.2,6,fractal,0.1,0.01
98964948,2026_09_04 14:35:43,18114187_149,149,Basemap 1 experiment,66,1,315,2,20000,928.031403881146,0.001,0.05,0,10,0.005,140,-10,10,3000,1,FALSE,multiplicative,0.1,0.2,6,fractal,0.1,0.01
57518284,2026_09_04 14:35:43,18114187_150,150,Basemap 1 experiment,67,1,317,2,20000,1785.51345896885,0.001,0.05,0,10,0.005,140,-10,10,3000,1,FALSE,multiplicative,0.1,0.2,6,fractal,0.1,0.01
28082039,2026_09_04 14:35:43,18114187_148,148,Basemap 1 experiment,65,1,313,2,20000,2427.2997487573,0.001,0.05,0,10,0.005,140,-10,10,3000,1,FALSE,multiplicative,0.1,0.2,6,fractal,0.1,0.01
29446296,2026_09_04 14:35:43,18114187_151,151,Basemap 1 experiment,68,1,319,2,20000,14.583629646427,0.001,0.05,0,10,0.005,140,-10,10,3000,1,FALSE,multiplicative,0.1,0.2,6,fractal,0.1,0.01
36961364,2026_09_04 14:35:42,18114187_132,132,Basemap 1 experiment,49,1,281,2,20000,2818.50099909916,0.001,0.05,0,10,0.005,140,-10,10,3000,1,FALSE,multiplicative,0.1,0.2,6,fractal,0.1,0.01
78485285,2026_09_04 14:35:41,18114187_133,133,Basemap 1 experiment,50,1,283,2,20000,953.072690831937,0.001,0.05,0,10,0.005,140,-10,10,3000,1,FALSE,multiplicative,0.1,0.2,6,fractal,0.1,0.01
72331929,2026_09_04 14:35:42,18114187_137,137,Basemap 1 experiment,54,1,291,2,20000,3013.22019097841,0.001,0.05,0,10,0.005,140,-10,10,3000,1,FALSE,multiplicative,0.1,0.2,6,fractal,0.1,0.01
34206915,2026_09_04 14:35:41,18114187_136,136,Basemap 1 experiment,53,1,289,2,20000,2662.07889589694,0.001,0.05,0,10,0.005,140,-10,10,3000,1,FALSE,multiplicative,0.1,0.2,6,fractal,0.1,0.01
28467519,2026_09_04 14:35:41,18114187_135,135,Basemap 1 experiment,52,1,287,2,20000,2113.50059557868,0.001,0.05,0,10,0.005,140,-10,10,3000,1,FALSE,multiplicative,0.1,0.2,6,fractal,0.1,0.01
35192066,2026_09_04 14:35:41,18114187_134,134,Basemap 1 experiment,51,1,285,2,20000,14.7339675330832,0.001,0.05,0,10,0.005,140,-10,10,3000,1,FALSE,multiplicative,0.1,0.2,6,fractal,0.1,0.01
77694536,2026_09_04 14:35:43,18114187_147,147,Basemap 1 experiment,64,1,311,2,20000,2723.48430455325,0.001,0.05,0,10,0.005,140,-10,10,3000,1,FALSE,multiplicative,0.1,0.2,6,fractal,0.1,0.01
11962094,2026_09_04 14:35:43,18114187_146,146,Basemap 1 experiment,63,1,309,2,20000,1378.05320800907,0.001,0.05,0,10,0.005,140,-10,10,3000,1,FALSE,multiplicative,0.1,0.2,6,fractal,0.1,0.01
90452239,2026_09_04 14:35:45,18114187_107,107,Basemap 1 experiment,24,1,231,2,20000,1088.67020623715,0.001,0.05,0,10,0.005,140,-10,10,3000,1,FALSE,multiplicative,0.1,0.2,6,fractal,0.1,0.01
62210595,2026_09_04 14:35:45,18114187_106,106,Basemap 1 experiment,23,1,229,2,20000,14.9739230561787,0.001,0.05,0,10,0.005,140,-10,10,3000,1,FALSE,multiplicative,0.1,0.2,6,fractal,0.1,0.01
38342687,2026_09_04 14:35:47,18114187_124,124,Basemap 1 experiment,41,1,265,2,20000,3285.6501400137,0.001,0.05,0,10,0.005,140,-10,10,3000,1,FALSE,multiplicative,0.1,0.2,6,fractal,0.1,0.01
78735404,2026_09_04 14:35:46,18114187_123,123,Basemap 1 experiment,40,1,263,2,20000,2354.90547702861,0.001,0.05,0,10,0.005,140,-10,10,3000,1,FALSE,multiplicative,0.1,0.2,6,fractal,0.1,0.01
55239407,2026_09_04 14:35:46,18114187_125,125,Basemap 1 experiment,42,1,267,2,20000,14.8951873009222,0.001,0.05,0,10,0.005,140,-10,10,3000,1,FALSE,multiplicative,0.1,0.2,6,fractal,0.1,0.01
74120781,2026_09_04 14:35:48,18114187_140,140,Basemap 1 experiment,57,1,297,2,20000,14.5535716001118,0.001,0.05,0,10,0.005,140,-10,10,3000,1,FALSE,multiplicative,0.1,0.2,6,fractal,0.1,0.01
28142312,2026_09_04 14:35:48,18114187_143,143,Basemap 1 experiment,60,1,303,2,20000,14.4715818079739,0.001,0.05,0,10,0.005,140,-10,10,3000,1,FALSE,multiplicative,0.1,0.2,6,fractal,0.1,0.01
65500550,2026_09_04 14:35:48,18114187_142,142,Basemap 1 experiment,59,1,301,2,20000,2167.86536095686,0.001,0.05,0,10,0.005,140,-10,10,3000,1,FALSE,multiplicative,0.1,0.2,6,fractal,0.1,0.01
26372913,2026_09_04 14:35:48,18114187_139,139,Basemap 1 experiment,56,1,295,2,20000,2187.04488736504,0.001,0.05,0,10,0.005,140,-10,10,3000,1,FALSE,multiplicative,0.1,0.2,6,fractal,0.1,0.01
66488468,2026_09_04 14:35:48,18114187_138,138,Basemap 1 experiment,55,1,293,2,20000,15.9661291621639,0.001,0.05,0,10,0.005,140,-10,10,3000,1,FALSE,multiplicative,0.1,0.2,6,fractal,0.1,0.01
74198342,2026_09_04 14:35:48,18114187_141,141,Basemap 1 experiment,58,1,299,2,20000,1053.51677407167,0.001,0.05,0,10,0.005,140,-10,10,3000,1,FALSE,multiplicative,0.1,0.2,6,fractal,0.1,0.01
97187817,2026_09_04 14:35:50,18114187_109,109,Basemap 1 experiment,26,1,235,2,20000,1462.27553065958,0.001,0.05,0,10,0.005,140,-10,10,3000,1,FALSE,multiplicative,0.1,0.2,6,fractal,0.1,0.01
65702289,2026_09_04 14:35:50,18114187_108,108,Basemap 1 experiment,25,1,233,2,20000,15.423038594191,0.001,0.05,0,10,0.005,140,-10,10,3000,1,FALSE,multiplicative,0.1,0.2,6,fractal,0.1,0.01
66300991,2026_09_04 14:35:49,18114187_110,110,Basemap 1 experiment,27,1,237,2,20000,1743.76007067125,0.001,0.05,0,10,0.005,140,-10,10,3000,1,FALSE,multiplicative,0.1,0.2,6,fractal,0.1,0.01
65061336,2026_09_04 14:35:50,18114187_112,112,Basemap 1 experiment,29,1,241,2,20000,1992.10608873458,0.001,0.05,0,10,0.005,140,-10,10,3000,1,FALSE,multiplicative,0.1,0.2,6,fractal,0.1,0.01
18513287,2026_09_04 14:35:50,18114187_111,111,Basemap 1 experiment,28,1,239,2,20000,2860.16229692603,0.001,0.05,0,10,0.005,140,-10,10,3000,1,FALSE,multiplicative,0.1,0.2,6,fractal,0.1,0.01
81292345,2026_09_04 14:35:50,18114187_145,145,Basemap 1 experiment,62,1,307,2,20000,1946.50704820748,0.001,0.05,0,10,0.005,140,-10,10,3000,1,FALSE,multiplicative,0.1,0.2,6,fractal,0.1,0.01
97227663,2026_09_04 14:35:50,18114187_144,144,Basemap 1 experiment,61,1,305,2,20000,14.47456787638,0.001,0.05,0,10,0.005,140,-10,10,3000,1,FALSE,multiplicative,0.1,0.2,6,fractal,0.1,0.01
84488010,2026_09_04 14:35:49,18114187_118,118,Basemap 1 experiment,35,1,253,2,20000,966.142650706626,0.001,0.05,0,10,0.005,140,-10,10,3000,1,FALSE,multiplicative,0.1,0.2,6,fractal,0.1,0.01
99383100,2026_09_04 14:38:40,18114187_182,182,Basemap 1 experiment,99,1,381,2,20000,1879.67437869816,0.001,0.05,0,10,0.005,140,-10,10,3000,1,FALSE,multiplicative,0.1,0.2,6,fractal,0.1,0.01
79906039,2026_09_04 14:38:41,18114187_183,183,Basemap 1 experiment,100,1,383,2,20000,1073.33983244526,0.001,0.05,0,10,0.005,140,-10,10,3000,1,FALSE,multiplicative,0.1,0.2,6,fractal,0.1,0.01
76784508,2026_09_04 14:38:42,18114187_184,184,Basemap 1 experiment,101,1,385,2,20000,14.7267497762107,0.001,0.05,0,10,0.005,140,-10,10,3000,1,FALSE,multiplicative,0.1,0.2,6,fractal,0.1,0.01
80006696,2026_09_04 14:38:41,18114187_166,166,Basemap 1 experiment,83,1,349,2,20000,2854.29888941966,0.001,0.05,0,10,0.005,140,-10,10,3000,1,FALSE,multiplicative,0.1,0.2,6,fractal,0.1,0.01
40393379,2026_09_04 14:38:41,18114187_165,165,Basemap 1 experiment,82,1,347,2,20000,14.8873728104569,0.001,0.05,0,10,0.005,140,-10,10,3000,1,FALSE,multiplicative,0.1,0.2,6,fractal,0.1,0.01
99023262,2026_09_04 14:38:41,18114187_167,167,Basemap 1 experiment,84,1,351,2,20000,2033.78394362798,0.001,0.05,0,10,0.005,140,-10,10,3000,1,FALSE,multiplicative,0.1,0.2,6,fractal,0.1,0.01
47097622,2026_09_04 14:38:41,18114187_171,171,Basemap 1 experiment,88,1,359,2,20000,14.8311357768182,0.001,0.05,0,10,0.005,140,-10,10,3000,1,FALSE,multiplicative,0.1,0.2,6,fractal,0.1,0.01
80261524,2026_09_04 14:38:42,18114187_162,162,Basemap 1 experiment,79,1,341,2,20000,2587.56393979408,0.001,0.05,0,10,0.005,140,-10,10,3000,1,FALSE,multiplicative,0.1,0.2,6,fractal,0.1,0.01
34846937,2026_09_04 14:38:42,18114187_163,163,Basemap 1 experiment,80,1,343,2,20000,14.9183643511873,0.001,0.05,0,10,0.005,140,-10,10,3000,1,FALSE,multiplicative,0.1,0.2,6,fractal,0.1,0.01
31081588,2026_09_04 14:38:42,18114187_181,181,Basemap 1 experiment,98,1,379,2,20000,3121.51439344387,0.001,0.05,0,10,0.005,140,-10,10,3000,1,FALSE,multiplicative,0.1,0.2,6,fractal,0.1,0.01
77929635,2026_09_04 14:38:43,18114187_194,194,Basemap 1 experiment,111,1,405,2,20000,987.859062425916,0.001,0.05,0,10,0.005,140,-10,10,3000,1,FALSE,multiplicative,0.1,0.2,6,fractal,0.1,0.01
94640793,2026_09_04 14:38:44,18114187_164,164,Basemap 1 experiment,81,1,345,2,20000,1260.64243121824,0.001,0.05,0,10,0.005,140,-10,10,3000,1,FALSE,multiplicative,0.1,0.2,6,fractal,0.1,0.01
32160504,2026_09_04 14:38:43,18114187_172,172,Basemap 1 experiment,89,1,361,2,20000,732.621622943574,0.001,0.05,0,10,0.005,140,-10,10,3000,1,FALSE,multiplicative,0.1,0.2,6,fractal,0.1,0.01
11218667,2026_09_04 14:38:43,18114187_179,179,Basemap 1 experiment,96,1,375,2,20000,14.7329802949794,0.001,0.05,0,10,0.005,140,-10,10,3000,1,FALSE,multiplicative,0.1,0.2,6,fractal,0.1,0.01
29481358,2026_09_04 14:38:43,18114187_180,180,Basemap 1 experiment,97,1,377,2,20000,1796.46487976205,0.001,0.05,0,10,0.005,140,-10,10,3000,1,FALSE,multiplicative,0.1,0.2,6,fractal,0.1,0.01
80513064,2026_09_04 14:38:43,18114187_159,159,Basemap 1 experiment,76,1,335,2,20000,1725.55561754008,0.001,0.05,0,10,0.005,140,-10,10,3000,1,FALSE,multiplicative,0.1,0.2,6,fractal,0.1,0.01
60458672,2026_09_04 14:38:43,18114187_158,158,Basemap 1 experiment,75,1,333,2,20000,14.8609912017103,0.001,0.05,0,10,0.005,140,-10,10,3000,1,FALSE,multiplicative,0.1,0.2,6,fractal,0.1,0.01
85748452,2026_09_04 14:38:43,18114187_157,157,Basemap 1 experiment,74,1,331,2,20000,16.276738582679,0.001,0.05,0,10,0.005,140,-10,10,3000,1,FALSE,multiplicative,0.1,0.2,6,fractal,0.1,0.01
96437916,2026_09_04 14:38:44,18114187_169,169,Basemap 1 experiment,86,1,355,2,20000,14.9918495454571,0.001,0.05,0,10,0.005,140,-10,10,3000,1,FALSE,multiplicative,0.1,0.2,6,fractal,0.1,0.01
94151308,2026_09_04 14:38:44,18114187_170,170,Basemap 1 experiment,87,1,357,2,20000,14.6476458058007,0.001,0.05,0,10,0.005,140,-10,10,3000,1,FALSE,multiplicative,0.1,0.2,6,fractal,0.1,0.01
53938254,2026_09_04 14:38:44,18114187_168,168,Basemap 1 experiment,85,1,353,2,20000,2776.01808143847,0.001,0.05,0,10,0.005,140,-10,10,3000,1,FALSE,multiplicative,0.1,0.2,6,fractal,0.1,0.01
89080595,2026_09_04 14:38:44,18114187_192,192,Basemap 1 experiment,109,1,401,2,20000,2214.41126133434,0.001,0.05,0,10,0.005,140,-10,10,3000,1,FALSE,multiplicative,0.1,0.2,6,fractal,0.1,0.01
29598789,2026_09_04 14:38:44,18114187_193,193,Basemap 1 experiment,110,1,403,2,20000,14.8381932788461,0.001,0.05,0,10,0.005,140,-10,10,3000,1,FALSE,multiplicative,0.1,0.2,6,fractal,0.1,0.01
42138103,2026_09_04 14:38:44,18114187_187,187,Basemap 1 experiment,104,1,391,2,20000,3129.69733828298,0.001,0.05,0,10,0.005,140,-10,10,3000,1,FALSE,multiplicative,0.1,0.2,6,fractal,0.1,0.01
72517219,2026_09_04 14:38:44,18114187_191,191,Basemap 1 experiment,108,1,399,2,20000,979.701436530544,0.001,0.05,0,10,0.005,140,-10,10,3000,1,FALSE,multiplicative,0.1,0.2,6,fractal,0.1,0.01
44812293,2026_09_04 14:38:44,18114187_189,189,Basemap 1 experiment,106,1,395,2,20000,2676.26153751617,0.001,0.05,0,10,0.005,140,-10,10,3000,1,FALSE,multiplicative,0.1,0.2,6,fractal,0.1,0.01
93121726,2026_09_04 14:38:44,18114187_186,186,Basemap 1 experiment,103,1,389,2,20000,14.7332078882533,0.001,0.05,0,10,0.005,140,-10,10,3000,1,FALSE,multiplicative,0.1,0.2,6,fractal,0.1,0.01
63620581,2026_09_04 14:38:44,18114187_188,188,Basemap 1 experiment,105,1,393,2,20000,1094.94483397396,0.001,0.05,0,10,0.005,140,-10,10,3000,1,FALSE,multiplicative,0.1,0.2,6,fractal,0.1,0.01
38680665,2026_09_04 14:38:44,18114187_190,190,Basemap 1 experiment,107,1,397,2,20000,1815.12848889598,0.001,0.05,0,10,0.005,140,-10,10,3000,1,FALSE,multiplicative,0.1,0.2,6,fractal,0.1,0.01
99183764,2026_09_04 14:38:44,18114187_174,174,Basemap 1 experiment,91,1,365,2,20000,15.5011546902045,0.001,0.05,0,10,0.005,140,-10,10,3000,1,FALSE,multiplicative,0.1,0.2,6,fractal,0.1,0.01
35633597,2026_09_04 14:38:44,18114187_173,173,Basemap 1 experiment,90,1,363,2,20000,2388.83146931255,0.001,0.05,0,10,0.005,140,-10,10,3000,1,FALSE,multiplicative,0.1,0.2,6,fractal,0.1,0.01
14779083,2026_09_04 14:38:45,18114187_178,178,Basemap 1 experiment,95,1,373,2,20000,2604.95726509002,0.001,0.05,0,10,0.005,140,-10,10,3000,1,FALSE,multiplicative,0.1,0.2,6,fractal,0.1,0.01
28979620,2026_09_04 14:38:45,18114187_176,176,Basemap 1 experiment,93,1,369,2,20000,1266.70917312372,0.001,0.05,0,10,0.005,140,-10,10,3000,1,FALSE,multiplicative,0.1,0.2,6,fractal,0.1,0.01
73170336,2026_09_04 14:38:45,18114187_175,175,Basemap 1 experiment,92,1,367,2,20000,2182.85975054977,0.001,0.05,0,10,0.005,140,-10,10,3000,1,FALSE,multiplicative,0.1,0.2,6,fractal,0.1,0.01
96302993,2026_09_04 14:38:46,18114187_203,203,Basemap 1 experiment,20,1,223,2,20000,1975.70162000982,0.001,0.05,0,10,0.005,140,-10,10,3000,1,FALSE,multiplicative,0.1,0.4,6,fractal,0.1,0.01
73320495,2026_09_04 14:38:46,18114187_202,202,Basemap 1 experiment,19,1,221,2,20000,2040.87642025976,0.001,0.05,0,10,0.005,140,-10,10,3000,1,FALSE,multiplicative,0.1,0.4,6,fractal,0.1,0.01
26843923,2026_09_04 14:38:45,18114187_153,153,Basemap 1 experiment,70,1,323,2,20000,1375.69893375713,0.001,0.05,0,10,0.005,140,-10,10,3000,1,FALSE,multiplicative,0.1,0.2,6,fractal,0.1,0.01
39781062,2026_09_04 14:38:45,18114187_177,177,Basemap 1 experiment,94,1,371,2,20000,2294.46581829664,0.001,0.05,0,10,0.005,140,-10,10,3000,1,FALSE,multiplicative,0.1,0.2,6,fractal,0.1,0.01
30069352,2026_09_04 14:38:47,18114187_185,185,Basemap 1 experiment,102,1,387,2,20000,2510.66056126296,0.001,0.05,0,10,0.005,140,-10,10,3000,1,FALSE,multiplicative,0.1,0.2,6,fractal,0.1,0.01
85213242,2026_09_04 14:38:49,18114187_195,195,Basemap 1 experiment,112,1,407,2,20000,757.718655414366,0.001,0.05,0,10,0.005,140,-10,10,3000,1,FALSE,multiplicative,0.1,0.2,6,fractal,0.1,0.01
48633218,2026_09_04 14:38:49,18114187_196,196,Basemap 1 experiment,113,1,409,2,20000,1465.74148443907,0.001,0.05,0,10,0.005,140,-10,10,3000,1,FALSE,multiplicative,0.1,0.2,6,fractal,0.1,0.01
61097162,2026_09_04 14:38:49,18114187_204,204,Basemap 1 experiment,21,1,225,2,20000,2068.54522018042,0.001,0.05,0,10,0.005,140,-10,10,3000,1,FALSE,multiplicative,0.1,0.4,6,fractal,0.1,0.01
96221277,2026_09_04 14:38:51,18114187_160,160,Basemap 1 experiment,77,1,337,2,20000,2375.37591174792,0.001,0.05,0,10,0.005,140,-10,10,3000,1,FALSE,multiplicative,0.1,0.2,6,fractal,0.1,0.01
99203346,2026_09_04 14:38:50,18114187_155,155,Basemap 1 experiment,72,1,327,2,20000,14.8966338695355,0.001,0.05,0,10,0.005,140,-10,10,3000,1,FALSE,multiplicative,0.1,0.2,6,fractal,0.1,0.01
29518752,2026_09_04 14:38:50,18114187_156,156,Basemap 1 experiment,73,1,329,2,20000,2066.89530504284,0.001,0.05,0,10,0.005,140,-10,10,3000,1,FALSE,multiplicative,0.1,0.2,6,fractal,0.1,0.01
36735035,2026_09_04 14:38:50,18114187_154,154,Basemap 1 experiment,71,1,325,2,20000,2649.90910431587,0.001,0.05,0,10,0.005,140,-10,10,3000,1,FALSE,multiplicative,0.1,0.2,6,fractal,0.1,0.01
65146790,2026_09_04 14:38:52,18114187_161,161,Basemap 1 experiment,78,1,339,2,20000,14.6890577881868,0.001,0.05,0,10,0.005,140,-10,10,3000,1,FALSE,multiplicative,0.1,0.2,6,fractal,0.1,0.01
52131175,2026_09_04 14:38:53,18114187_199,199,Basemap 1 experiment,116,1,415,2,20000,792.537994360818,0.001,0.05,0,10,0.005,140,-10,10,3000,1,FALSE,multiplicative,0.1,0.2,6,fractal,0.1,0.01
48641237,2026_09_04 14:38:53,18114187_201,201,Basemap 1 experiment,18,1,219,2,20000,989.370247371698,0.001,0.05,0,10,0.005,140,-10,10,3000,1,FALSE,multiplicative,0.1,0.4,6,fractal,0.1,0.01
61090904,2026_09_04 14:38:53,18114187_200,200,Basemap 1 experiment,117,1,417,2,20000,14.6637978395499,0.001,0.05,0,10,0.005,140,-10,10,3000,1,FALSE,multiplicative,0.1,0.2,6,fractal,0.1,0.01
45434919,2026_09_04 14:38:53,18114187_198,198,Basemap 1 experiment,115,1,413,2,20000,878.248865366414,0.001,0.05,0,10,0.005,140,-10,10,3000,1,FALSE,multiplicative,0.1,0.2,6,fractal,0.1,0.01
44904490,2026_09_04 14:38:53,18114187_197,197,Basemap 1 experiment,114,1,411,2,20000,14.566098673372,0.001,0.05,0,10,0.005,140,-10,10,3000,1,FALSE,multiplicative,0.1,0.2,6,fractal,0.1,0.01
79552007,2026_09_04 14:41:37,18114187_246,246,Basemap 1 experiment,63,1,309,2,20000,1378.05320800907,0.001,0.05,0,10,0.005,140,-10,10,3000,1,FALSE,multiplicative,0.1,0.4,6,fractal,0.1,0.01
35465061,2026_09_04 14:41:37,18114187_245,245,Basemap 1 experiment,62,1,307,2,20000,1946.50704820748,0.001,0.05,0,10,0.005,140,-10,10,3000,1,FALSE,multiplicative,0.1,0.4,6,fractal,0.1,0.01
78682621,2026_09_04 14:41:38,18114187_205,205,Basemap 1 experiment,22,1,227,2,20000,1405.91239235663,0.001,0.05,0,10,0.005,140,-10,10,3000,1,FALSE,multiplicative,0.1,0.4,6,fractal,0.1,0.01
19773380,2026_09_04 14:41:39,18114187_209,209,Basemap 1 experiment,26,1,235,2,20000,1462.27553065958,0.001,0.05,0,10,0.005,140,-10,10,3000,1,FALSE,multiplicative,0.1,0.4,6,fractal,0.1,0.01
40809982,2026_09_04 14:41:39,18114187_210,210,Basemap 1 experiment,27,1,237,2,20000,1743.76007067125,0.001,0.05,0,10,0.005,140,-10,10,3000,1,FALSE,multiplicative,0.1,0.4,6,fractal,0.1,0.01
32658759,2026_09_04 14:41:40,18114187_213,213,Basemap 1 experiment,30,1,243,2,20000,1512.65862780803,0.001,0.05,0,10,0.005,140,-10,10,3000,1,FALSE,multiplicative,0.1,0.4,6,fractal,0.1,0.01
11210329,2026_09_04 14:41:40,18114187_214,214,Basemap 1 experiment,31,1,245,2,20000,1482.72976514484,0.001,0.05,0,10,0.005,140,-10,10,3000,1,FALSE,multiplicative,0.1,0.4,6,fractal,0.1,0.01
28131599,2026_09_04 14:41:40,18114187_230,230,Basemap 1 experiment,47,1,277,2,20000,2587.66701005728,0.001,0.05,0,10,0.005,140,-10,10,3000,1,FALSE,multiplicative,0.1,0.4,6,fractal,0.1,0.01
91531824,2026_09_04 14:41:41,18114187_208,208,Basemap 1 experiment,25,1,233,2,20000,15.423038594191,0.001,0.05,0,10,0.005,140,-10,10,3000,1,FALSE,multiplicative,0.1,0.4,6,fractal,0.1,0.01
98236498,2026_09_04 14:41:41,18114187_207,207,Basemap 1 experiment,24,1,231,2,20000,1088.67020623715,0.001,0.05,0,10,0.005,140,-10,10,3000,1,FALSE,multiplicative,0.1,0.4,6,fractal,0.1,0.01
41045418,2026_09_04 14:41:41,18114187_229,229,Basemap 1 experiment,46,1,275,2,20000,1737.05134942494,0.001,0.05,0,10,0.005,140,-10,10,3000,1,FALSE,multiplicative,0.1,0.4,6,fractal,0.1,0.01
40703967,2026_09_04 14:41:41,18114187_224,224,Basemap 1 experiment,41,1,265,2,20000,3285.6501400137,0.001,0.05,0,10,0.005,140,-10,10,3000,1,FALSE,multiplicative,0.1,0.4,6,fractal,0.1,0.01
31209835,2026_09_04 14:41:41,18114187_223,223,Basemap 1 experiment,40,1,263,2,20000,2354.90547702861,0.001,0.05,0,10,0.005,140,-10,10,3000,1,FALSE,multiplicative,0.1,0.4,6,fractal,0.1,0.01
50651469,2026_09_04 14:41:41,18114187_225,225,Basemap 1 experiment,42,1,267,2,20000,14.8951873009222,0.001,0.05,0,10,0.005,140,-10,10,3000,1,FALSE,multiplicative,0.1,0.4,6,fractal,0.1,0.01
94547703,2026_09_04 14:41:41,18114187_226,226,Basemap 1 experiment,43,1,269,2,20000,1288.94713367896,0.001,0.05,0,10,0.005,140,-10,10,3000,1,FALSE,multiplicative,0.1,0.4,6,fractal,0.1,0.01
58896155,2026_09_04 14:41:41,18114187_211,211,Basemap 1 experiment,28,1,239,2,20000,2860.16229692603,0.001,0.05,0,10,0.005,140,-10,10,3000,1,FALSE,multiplicative,0.1,0.4,6,fractal,0.1,0.01
47372473,2026_09_04 14:41:41,18114187_212,212,Basemap 1 experiment,29,1,241,2,20000,1992.10608873458,0.001,0.05,0,10,0.005,140,-10,10,3000,1,FALSE,multiplicative,0.1,0.4,6,fractal,0.1,0.01
81638927,2026_09_04 14:41:41,18114187_241,241,Basemap 1 experiment,58,1,299,2,20000,1053.51677407167,0.001,0.05,0,10,0.005,140,-10,10,3000,1,FALSE,multiplicative,0.1,0.4,6,fractal,0.1,0.01
98093486,2026_09_04 14:41:41,18114187_240,240,Basemap 1 experiment,57,1,297,2,20000,14.5535716001118,0.001,0.05,0,10,0.005,140,-10,10,3000,1,FALSE,multiplicative,0.1,0.4,6,fractal,0.1,0.01
90979506,2026_09_04 14:41:42,18114187_227,227,Basemap 1 experiment,44,1,271,2,20000,3101.53415000135,0.001,0.05,0,10,0.005,140,-10,10,3000,1,FALSE,multiplicative,0.1,0.4,6,fractal,0.1,0.01
82892434,2026_09_04 14:41:42,18114187_228,228,Basemap 1 experiment,45,1,273,2,20000,1108.5204837492,0.001,0.05,0,10,0.005,140,-10,10,3000,1,FALSE,multiplicative,0.1,0.4,6,fractal,0.1,0.01
76587672,2026_09_04 14:41:43,18114187_247,247,Basemap 1 experiment,64,1,311,2,20000,2723.48430455325,0.001,0.05,0,10,0.005,140,-10,10,3000,1,FALSE,multiplicative,0.1,0.4,6,fractal,0.1,0.01
87582048,2026_09_04 14:41:43,18114187_248,248,Basemap 1 experiment,65,1,313,2,20000,2427.2997487573,0.001,0.05,0,10,0.005,140,-10,10,3000,1,FALSE,multiplicative,0.1,0.4,6,fractal,0.1,0.01
21772665,2026_09_04 14:41:44,18114187_242,242,Basemap 1 experiment,59,1,301,2,20000,2167.86536095686,0.001,0.05,0,10,0.005,140,-10,10,3000,1,FALSE,multiplicative,0.1,0.4,6,fractal,0.1,0.01
63717851,2026_09_04 14:41:45,18114187_244,244,Basemap 1 experiment,61,1,305,2,20000,14.47456787638,0.001,0.05,0,10,0.005,140,-10,10,3000,1,FALSE,multiplicative,0.1,0.4,6,fractal,0.1,0.01
68474725,2026_09_04 14:41:45,18114187_243,243,Basemap 1 experiment,60,1,303,2,20000,14.4715818079739,0.001,0.05,0,10,0.005,140,-10,10,3000,1,FALSE,multiplicative,0.1,0.4,6,fractal,0.1,0.01
91371036,2026_09_04 14:41:46,18114187_206,206,Basemap 1 experiment,23,1,229,2,20000,14.9739230561787,0.001,0.05,0,10,0.005,140,-10,10,3000,1,FALSE,multiplicative,0.1,0.4,6,fractal,0.1,0.01
89281274,2026_09_04 14:41:48,18114187_219,219,Basemap 1 experiment,36,1,255,2,20000,1348.45815982213,0.001,0.05,0,10,0.005,140,-10,10,3000,1,FALSE,multiplicative,0.1,0.4,6,fractal,0.1,0.01
73097502,2026_09_04 14:41:48,18114187_221,221,Basemap 1 experiment,38,1,259,2,20000,760.415213867477,0.001,0.05,0,10,0.005,140,-10,10,3000,1,FALSE,multiplicative,0.1,0.4,6,fractal,0.1,0.01
79417252,2026_09_04 14:41:48,18114187_222,222,Basemap 1 experiment,39,1,261,2,20000,788.847660211343,0.001,0.05,0,10,0.005,140,-10,10,3000,1,FALSE,multiplicative,0.1,0.4,6,fractal,0.1,0.01
48300029,2026_09_04 14:41:48,18114187_220,220,Basemap 1 experiment,37,1,257,2,20000,854.956070927776,0.001,0.05,0,10,0.005,140,-10,10,3000,1,FALSE,multiplicative,0.1,0.4,6,fractal,0.1,0.01
23666817,2026_09_04 14:41:48,18114187_236,236,Basemap 1 experiment,53,1,289,2,20000,2662.07889589694,0.001,0.05,0,10,0.005,140,-10,10,3000,1,FALSE,multiplicative,0.1,0.4,6,fractal,0.1,0.01
46971691,2026_09_04 14:41:48,18114187_235,235,Basemap 1 experiment,52,1,287,2,20000,2113.50059557868,0.001,0.05,0,10,0.005,140,-10,10,3000,1,FALSE,multiplicative,0.1,0.4,6,fractal,0.1,0.01
33974470,2026_09_04 14:41:48,18114187_239,239,Basemap 1 experiment,56,1,295,2,20000,2187.04488736504,0.001,0.05,0,10,0.005,140,-10,10,3000,1,FALSE,multiplicative,0.1,0.4,6,fractal,0.1,0.01
90826974,2026_09_04 14:41:48,18114187_237,237,Basemap 1 experiment,54,1,291,2,20000,3013.22019097841,0.001,0.05,0,10,0.005,140,-10,10,3000,1,FALSE,multiplicative,0.1,0.4,6,fractal,0.1,0.01
88017658,2026_09_04 14:41:48,18114187_238,238,Basemap 1 experiment,55,1,293,2,20000,15.9661291621639,0.001,0.05,0,10,0.005,140,-10,10,3000,1,FALSE,multiplicative,0.1,0.4,6,fractal,0.1,0.01
38235901,2026_09_04 14:41:48,18114187_233,233,Basemap 1 experiment,50,1,283,2,20000,953.072690831937,0.001,0.05,0,10,0.005,140,-10,10,3000,1,FALSE,multiplicative,0.1,0.4,6,fractal,0.1,0.01
64880312,2026_09_04 14:41:48,18114187_234,234,Basemap 1 experiment,51,1,285,2,20000,14.7339675330832,0.001,0.05,0,10,0.005,140,-10,10,3000,1,FALSE,multiplicative,0.1,0.4,6,fractal,0.1,0.01
74710959,2026_09_04 14:41:48,18114187_232,232,Basemap 1 experiment,49,1,281,2,20000,2818.50099909916,0.001,0.05,0,10,0.005,140,-10,10,3000,1,FALSE,multiplicative,0.1,0.4,6,fractal,0.1,0.01
72851031,2026_09_04 14:41:48,18114187_231,231,Basemap 1 experiment,48,1,279,2,20000,2361.03050749552,0.001,0.05,0,10,0.005,140,-10,10,3000,1,FALSE,multiplicative,0.1,0.4,6,fractal,0.1,0.01
43817097,2026_09_04 14:41:51,18114187_217,217,Basemap 1 experiment,34,1,251,2,20000,2354.09468048382,0.001,0.05,0,10,0.005,140,-10,10,3000,1,FALSE,multiplicative,0.1,0.4,6,fractal,0.1,0.01
46491696,2026_09_04 14:41:51,18114187_216,216,Basemap 1 experiment,33,1,249,2,20000,895.666479211213,0.001,0.05,0,10,0.005,140,-10,10,3000,1,FALSE,multiplicative,0.1,0.4,6,fractal,0.1,0.01
11487809,2026_09_04 14:41:51,18114187_218,218,Basemap 1 experiment,35,1,253,2,20000,966.142650706626,0.001,0.05,0,10,0.005,140,-10,10,3000,1,FALSE,multiplicative,0.1,0.4,6,fractal,0.1,0.01
23856475,2026_09_04 14:41:51,18114187_215,215,Basemap 1 experiment,32,1,247,2,20000,1064.41620299084,0.001,0.05,0,10,0.005,140,-10,10,3000,1,FALSE,multiplicative,0.1,0.4,6,fractal,0.1,0.01
90778848,2026_09_04 14:44:37,18114187_257,257,Basemap 1 experiment,74,1,331,2,20000,16.276738582679,0.001,0.05,0,10,0.005,140,-10,10,3000,1,FALSE,multiplicative,0.1,0.4,6,fractal,0.1,0.01
53337348,2026_09_04 14:44:37,18114187_253,253,Basemap 1 experiment,70,1,323,2,20000,1375.69893375713,0.001,0.05,0,10,0.005,140,-10,10,3000,1,FALSE,multiplicative,0.1,0.4,6,fractal,0.1,0.01
36715314,2026_09_04 14:44:37,18114187_255,255,Basemap 1 experiment,72,1,327,2,20000,14.8966338695355,0.001,0.05,0,10,0.005,140,-10,10,3000,1,FALSE,multiplicative,0.1,0.4,6,fractal,0.1,0.01
43500659,2026_09_04 14:44:37,18114187_252,252,Basemap 1 experiment,69,1,321,2,20000,1150.41460926698,0.001,0.05,0,10,0.005,140,-10,10,3000,1,FALSE,multiplicative,0.1,0.4,6,fractal,0.1,0.01
16064937,2026_09_04 14:44:37,18114187_256,256,Basemap 1 experiment,73,1,329,2,20000,2066.89530504284,0.001,0.05,0,10,0.005,140,-10,10,3000,1,FALSE,multiplicative,0.1,0.4,6,fractal,0.1,0.01
24151054,2026_09_04 14:44:37,18114187_250,250,Basemap 1 experiment,67,1,317,2,20000,1785.51345896885,0.001,0.05,0,10,0.005,140,-10,10,3000,1,FALSE,multiplicative,0.1,0.4,6,fractal,0.1,0.01
37175940,2026_09_04 14:44:37,18114187_251,251,Basemap 1 experiment,68,1,319,2,20000,14.583629646427,0.001,0.05,0,10,0.005,140,-10,10,3000,1,FALSE,multiplicative,0.1,0.4,6,fractal,0.1,0.01
64187333,2026_09_04 14:44:37,18114187_254,254,Basemap 1 experiment,71,1,325,2,20000,2649.90910431587,0.001,0.05,0,10,0.005,140,-10,10,3000,1,FALSE,multiplicative,0.1,0.4,6,fractal,0.1,0.01
26995258,2026_09_04 14:44:38,18114187_271,271,Basemap 1 experiment,88,1,359,2,20000,14.8311357768182,0.001,0.05,0,10,0.005,140,-10,10,3000,1,FALSE,multiplicative,0.1,0.4,6,fractal,0.1,0.01
82078983,2026_09_04 14:44:38,18114187_270,270,Basemap 1 experiment,87,1,357,2,20000,14.6476458058007,0.001,0.05,0,10,0.005,140,-10,10,3000,1,FALSE,multiplicative,0.1,0.4,6,fractal,0.1,0.01
14401875,2026_09_04 14:44:38,18114187_249,249,Basemap 1 experiment,66,1,315,2,20000,928.031403881146,0.001,0.05,0,10,0.005,140,-10,10,3000,1,FALSE,multiplicative,0.1,0.4,6,fractal,0.1,0.01
21428958,2026_09_04 14:44:39,18114187_269,269,Basemap 1 experiment,86,1,355,2,20000,14.9918495454571,0.001,0.05,0,10,0.005,140,-10,10,3000,1,FALSE,multiplicative,0.1,0.4,6,fractal,0.1,0.01
37475499,2026_09_04 14:44:39,18114187_268,268,Basemap 1 experiment,85,1,353,2,20000,2776.01808143847,0.001,0.05,0,10,0.005,140,-10,10,3000,1,FALSE,multiplicative,0.1,0.4,6,fractal,0.1,0.01
50344287,2026_09_04 14:44:40,18114187_282,282,Basemap 1 experiment,99,1,381,2,20000,1879.67437869816,0.001,0.05,0,10,0.005,140,-10,10,3000,1,FALSE,multiplicative,0.1,0.4,6,fractal,0.1,0.01
12169853,2026_09_04 14:44:40,18114187_281,281,Basemap 1 experiment,98,1,379,2,20000,3121.51439344387,0.001,0.05,0,10,0.005,140,-10,10,3000,1,FALSE,multiplicative,0.1,0.4,6,fractal,0.1,0.01
68263924,2026_09_04 14:44:40,18114187_283,283,Basemap 1 experiment,100,1,383,2,20000,1073.33983244526,0.001,0.05,0,10,0.005,140,-10,10,3000,1,FALSE,multiplicative,0.1,0.4,6,fractal,0.1,0.01
56327070,2026_09_04 14:44:42,18114187_260,260,Basemap 1 experiment,77,1,337,2,20000,2375.37591174792,0.001,0.05,0,10,0.005,140,-10,10,3000,1,FALSE,multiplicative,0.1,0.4,6,fractal,0.1,0.01
82976156,2026_09_04 14:44:43,18114187_278,278,Basemap 1 experiment,95,1,373,2,20000,2604.95726509002,0.001,0.05,0,10,0.005,140,-10,10,3000,1,FALSE,multiplicative,0.1,0.4,6,fractal,0.1,0.01
35434048,2026_09_04 14:44:43,18114187_277,277,Basemap 1 experiment,94,1,371,2,20000,2294.46581829664,0.001,0.05,0,10,0.005,140,-10,10,3000,1,FALSE,multiplicative,0.1,0.4,6,fractal,0.1,0.01
40484520,2026_09_04 14:44:43,18114187_276,276,Basemap 1 experiment,93,1,369,2,20000,1266.70917312372,0.001,0.05,0,10,0.005,140,-10,10,3000,1,FALSE,multiplicative,0.1,0.4,6,fractal,0.1,0.01
47278119,2026_09_04 14:44:43,18114187_274,274,Basemap 1 experiment,91,1,365,2,20000,15.5011546902045,0.001,0.05,0,10,0.005,140,-10,10,3000,1,FALSE,multiplicative,0.1,0.4,6,fractal,0.1,0.01
19492255,2026_09_04 14:44:43,18114187_275,275,Basemap 1 experiment,92,1,367,2,20000,2182.85975054977,0.001,0.05,0,10,0.005,140,-10,10,3000,1,FALSE,multiplicative,0.1,0.4,6,fractal,0.1,0.01
82785252,2026_09_04 14:44:43,18114187_261,261,Basemap 1 experiment,78,1,339,2,20000,14.6890577881868,0.001,0.05,0,10,0.005,140,-10,10,3000,1,FALSE,multiplicative,0.1,0.4,6,fractal,0.1,0.01
37977191,2026_09_04 14:44:43,18114187_265,265,Basemap 1 experiment,82,1,347,2,20000,14.8873728104569,0.001,0.05,0,10,0.005,140,-10,10,3000,1,FALSE,multiplicative,0.1,0.4,6,fractal,0.1,0.01
71811184,2026_09_04 14:44:43,18114187_262,262,Basemap 1 experiment,79,1,341,2,20000,2587.56393979408,0.001,0.05,0,10,0.005,140,-10,10,3000,1,FALSE,multiplicative,0.1,0.4,6,fractal,0.1,0.01
29560918,2026_09_04 14:44:43,18114187_266,266,Basemap 1 experiment,83,1,349,2,20000,2854.29888941966,0.001,0.05,0,10,0.005,140,-10,10,3000,1,FALSE,multiplicative,0.1,0.4,6,fractal,0.1,0.01
67905279,2026_09_04 14:44:43,18114187_264,264,Basemap 1 experiment,81,1,345,2,20000,1260.64243121824,0.001,0.05,0,10,0.005,140,-10,10,3000,1,FALSE,multiplicative,0.1,0.4,6,fractal,0.1,0.01
42330719,2026_09_04 14:44:43,18114187_267,267,Basemap 1 experiment,84,1,351,2,20000,2033.78394362798,0.001,0.05,0,10,0.005,140,-10,10,3000,1,FALSE,multiplicative,0.1,0.4,6,fractal,0.1,0.01
60649418,2026_09_04 14:44:43,18114187_263,263,Basemap 1 experiment,80,1,343,2,20000,14.9183643511873,0.001,0.05,0,10,0.005,140,-10,10,3000,1,FALSE,multiplicative,0.1,0.4,6,fractal,0.1,0.01
69822956,2026_09_04 14:44:45,18114187_259,259,Basemap 1 experiment,76,1,335,2,20000,1725.55561754008,0.001,0.05,0,10,0.005,140,-10,10,3000,1,FALSE,multiplicative,0.1,0.4,6,fractal,0.1,0.01
67097950,2026_09_04 14:44:44,18114187_258,258,Basemap 1 experiment,75,1,333,2,20000,14.8609912017103,0.001,0.05,0,10,0.005,140,-10,10,3000,1,FALSE,multiplicative,0.1,0.4,6,fractal,0.1,0.01
67387777,2026_09_04 14:44:46,18114187_279,279,Basemap 1 experiment,96,1,375,2,20000,14.7329802949794,0.001,0.05,0,10,0.005,140,-10,10,3000,1,FALSE,multiplicative,0.1,0.4,6,fractal,0.1,0.01
49851651,2026_09_04 14:44:46,18114187_280,280,Basemap 1 experiment,97,1,377,2,20000,1796.46487976205,0.001,0.05,0,10,0.005,140,-10,10,3000,1,FALSE,multiplicative,0.1,0.4,6,fractal,0.1,0.01
11224296,2026_09_04 14:44:48,18114187_273,273,Basemap 1 experiment,90,1,363,2,20000,2388.83146931255,0.001,0.05,0,10,0.005,140,-10,10,3000,1,FALSE,multiplicative,0.1,0.4,6,fractal,0.1,0.01
54396087,2026_09_04 14:44:48,18114187_272,272,Basemap 1 experiment,89,1,361,2,20000,732.621622943574,0.001,0.05,0,10,0.005,140,-10,10,3000,1,FALSE,multiplicative,0.1,0.4,6,fractal,0.1,0.01
23141836,2026_09_04 14:47:39,18114187_300,300,Basemap 1 experiment,117,1,417,2,20000,14.6637978395499,0.001,0.05,0,10,0.005,140,-10,10,3000,1,FALSE,multiplicative,0.1,0.4,6,fractal,0.1,0.01
63431940,2026_09_04 14:47:39,18114187_301,301,Basemap 1 experiment,18,1,219,2,20000,989.370247371698,0.001,0.05,0,10,0.005,140,-10,10,3000,1,FALSE,multiplicative,0.1,0.6,6,fractal,0.1,0.01
88238549,2026_09_04 14:47:42,18114187_366,366,Basemap 1 experiment,83,1,349,2,20000,2854.29888941966,0.001,0.05,0,10,0.005,140,-10,10,3000,1,FALSE,multiplicative,0.1,0.6,6,fractal,0.1,0.01
35181886,2026_09_04 14:47:42,18114187_361,361,Basemap 1 experiment,78,1,339,2,20000,14.6890577881868,0.001,0.05,0,10,0.005,140,-10,10,3000,1,FALSE,multiplicative,0.1,0.6,6,fractal,0.1,0.01
80704012,2026_09_04 14:47:42,18114187_364,364,Basemap 1 experiment,81,1,345,2,20000,1260.64243121824,0.001,0.05,0,10,0.005,140,-10,10,3000,1,FALSE,multiplicative,0.1,0.6,6,fractal,0.1,0.01
97903464,2026_09_04 14:47:42,18114187_368,368,Basemap 1 experiment,85,1,353,2,20000,2776.01808143847,0.001,0.05,0,10,0.005,140,-10,10,3000,1,FALSE,multiplicative,0.1,0.6,6,fractal,0.1,0.01
21115146,2026_09_04 14:47:42,18114187_369,369,Basemap 1 experiment,86,1,355,2,20000,14.9918495454571,0.001,0.05,0,10,0.005,140,-10,10,3000,1,FALSE,multiplicative,0.1,0.6,6,fractal,0.1,0.01
88921482,2026_09_04 14:47:42,18114187_363,363,Basemap 1 experiment,80,1,343,2,20000,14.9183643511873,0.001,0.05,0,10,0.005,140,-10,10,3000,1,FALSE,multiplicative,0.1,0.6,6,fractal,0.1,0.01
81155047,2026_09_04 14:47:42,18114187_362,362,Basemap 1 experiment,79,1,341,2,20000,2587.56393979408,0.001,0.05,0,10,0.005,140,-10,10,3000,1,FALSE,multiplicative,0.1,0.6,6,fractal,0.1,0.01
30918919,2026_09_04 14:47:42,18114187_365,365,Basemap 1 experiment,82,1,347,2,20000,14.8873728104569,0.001,0.05,0,10,0.005,140,-10,10,3000,1,FALSE,multiplicative,0.1,0.6,6,fractal,0.1,0.01
63646819,2026_09_04 14:47:41,18114187_322,322,Basemap 1 experiment,39,1,261,2,20000,788.847660211343,0.001,0.05,0,10,0.005,140,-10,10,3000,1,FALSE,multiplicative,0.1,0.6,6,fractal,0.1,0.01
60018075,2026_09_04 14:47:41,18114187_324,324,Basemap 1 experiment,41,1,265,2,20000,3285.6501400137,0.001,0.05,0,10,0.005,140,-10,10,3000,1,FALSE,multiplicative,0.1,0.6,6,fractal,0.1,0.01
19908713,2026_09_04 14:47:41,18114187_323,323,Basemap 1 experiment,40,1,263,2,20000,2354.90547702861,0.001,0.05,0,10,0.005,140,-10,10,3000,1,FALSE,multiplicative,0.1,0.6,6,fractal,0.1,0.01
24709059,2026_09_04 14:47:41,18114187_320,320,Basemap 1 experiment,37,1,257,2,20000,854.956070927776,0.001,0.05,0,10,0.005,140,-10,10,3000,1,FALSE,multiplicative,0.1,0.6,6,fractal,0.1,0.01
55746574,2026_09_04 14:47:43,18114187_360,360,Basemap 1 experiment,77,1,337,2,20000,2375.37591174792,0.001,0.05,0,10,0.005,140,-10,10,3000,1,FALSE,multiplicative,0.1,0.6,6,fractal,0.1,0.01
73015683,2026_09_04 14:47:43,18114187_359,359,Basemap 1 experiment,76,1,335,2,20000,1725.55561754008,0.001,0.05,0,10,0.005,140,-10,10,3000,1,FALSE,multiplicative,0.1,0.6,6,fractal,0.1,0.01
87671678,2026_09_04 14:47:43,18114187_321,321,Basemap 1 experiment,38,1,259,2,20000,760.415213867477,0.001,0.05,0,10,0.005,140,-10,10,3000,1,FALSE,multiplicative,0.1,0.6,6,fractal,0.1,0.01
31126586,2026_09_04 14:47:43,18114187_367,367,Basemap 1 experiment,84,1,351,2,20000,2033.78394362798,0.001,0.05,0,10,0.005,140,-10,10,3000,1,FALSE,multiplicative,0.1,0.6,6,fractal,0.1,0.01
82129673,2026_09_04 14:47:43,18114187_325,325,Basemap 1 experiment,42,1,267,2,20000,14.8951873009222,0.001,0.05,0,10,0.005,140,-10,10,3000,1,FALSE,multiplicative,0.1,0.6,6,fractal,0.1,0.01
38624956,2026_09_04 14:47:43,18114187_347,347,Basemap 1 experiment,64,1,311,2,20000,2723.48430455325,0.001,0.05,0,10,0.005,140,-10,10,3000,1,FALSE,multiplicative,0.1,0.6,6,fractal,0.1,0.01
85152966,2026_09_04 14:47:43,18114187_348,348,Basemap 1 experiment,65,1,313,2,20000,2427.2997487573,0.001,0.05,0,10,0.005,140,-10,10,3000,1,FALSE,multiplicative,0.1,0.6,6,fractal,0.1,0.01
74016233,2026_09_04 14:47:43,18114187_293,293,Basemap 1 experiment,110,1,403,2,20000,14.8381932788461,0.001,0.05,0,10,0.005,140,-10,10,3000,1,FALSE,multiplicative,0.1,0.4,6,fractal,0.1,0.01
77495619,2026_09_04 14:47:43,18114187_290,290,Basemap 1 experiment,107,1,397,2,20000,1815.12848889598,0.001,0.05,0,10,0.005,140,-10,10,3000,1,FALSE,multiplicative,0.1,0.4,6,fractal,0.1,0.01
22440901,2026_09_04 14:47:43,18114187_291,291,Basemap 1 experiment,108,1,399,2,20000,979.701436530544,0.001,0.05,0,10,0.005,140,-10,10,3000,1,FALSE,multiplicative,0.1,0.4,6,fractal,0.1,0.01
13274657,2026_09_04 14:47:43,18114187_292,292,Basemap 1 experiment,109,1,401,2,20000,2214.41126133434,0.001,0.05,0,10,0.005,140,-10,10,3000,1,FALSE,multiplicative,0.1,0.4,6,fractal,0.1,0.01
40574075,2026_09_04 14:47:43,18114187_295,295,Basemap 1 experiment,112,1,407,2,20000,757.718655414366,0.001,0.05,0,10,0.005,140,-10,10,3000,1,FALSE,multiplicative,0.1,0.4,6,fractal,0.1,0.01
48821120,2026_09_04 14:47:43,18114187_294,294,Basemap 1 experiment,111,1,405,2,20000,987.859062425916,0.001,0.05,0,10,0.005,140,-10,10,3000,1,FALSE,multiplicative,0.1,0.4,6,fractal,0.1,0.01
90264866,2026_09_04 14:47:45,18114187_327,327,Basemap 1 experiment,44,1,271,2,20000,3101.53415000135,0.001,0.05,0,10,0.005,140,-10,10,3000,1,FALSE,multiplicative,0.1,0.6,6,fractal,0.1,0.01
42860413,2026_09_04 14:47:44,18114187_284,284,Basemap 1 experiment,101,1,385,2,20000,14.7267497762107,0.001,0.05,0,10,0.005,140,-10,10,3000,1,FALSE,multiplicative,0.1,0.4,6,fractal,0.1,0.01
98693802,2026_09_04 14:47:43,18114187_299,299,Basemap 1 experiment,116,1,415,2,20000,792.537994360818,0.001,0.05,0,10,0.005,140,-10,10,3000,1,FALSE,multiplicative,0.1,0.4,6,fractal,0.1,0.01
21689355,2026_09_04 14:47:43,18114187_298,298,Basemap 1 experiment,115,1,413,2,20000,878.248865366414,0.001,0.05,0,10,0.005,140,-10,10,3000,1,FALSE,multiplicative,0.1,0.4,6,fractal,0.1,0.01
14332616,2026_09_04 14:47:44,18114187_297,297,Basemap 1 experiment,114,1,411,2,20000,14.566098673372,0.001,0.05,0,10,0.005,140,-10,10,3000,1,FALSE,multiplicative,0.1,0.4,6,fractal,0.1,0.01
86675380,2026_09_04 14:47:45,18114187_374,374,Basemap 1 experiment,91,1,365,2,20000,15.5011546902045,0.001,0.05,0,10,0.005,140,-10,10,3000,1,FALSE,multiplicative,0.1,0.6,6,fractal,0.1,0.01
77616842,2026_09_04 14:47:45,18114187_375,375,Basemap 1 experiment,92,1,367,2,20000,2182.85975054977,0.001,0.05,0,10,0.005,140,-10,10,3000,1,FALSE,multiplicative,0.1,0.6,6,fractal,0.1,0.01
89898054,2026_09_04 14:47:45,18114187_373,373,Basemap 1 experiment,90,1,363,2,20000,2388.83146931255,0.001,0.05,0,10,0.005,140,-10,10,3000,1,FALSE,multiplicative,0.1,0.6,6,fractal,0.1,0.01
15483492,2026_09_04 14:47:45,18114187_377,377,Basemap 1 experiment,94,1,371,2,20000,2294.46581829664,0.001,0.05,0,10,0.005,140,-10,10,3000,1,FALSE,multiplicative,0.1,0.6,6,fractal,0.1,0.01
73338429,2026_09_04 14:47:45,18114187_372,372,Basemap 1 experiment,89,1,361,2,20000,732.621622943574,0.001,0.05,0,10,0.005,140,-10,10,3000,1,FALSE,multiplicative,0.1,0.6,6,fractal,0.1,0.01
78968529,2026_09_04 14:47:45,18114187_376,376,Basemap 1 experiment,93,1,369,2,20000,1266.70917312372,0.001,0.05,0,10,0.005,140,-10,10,3000,1,FALSE,multiplicative,0.1,0.6,6,fractal,0.1,0.01
35262827,2026_09_04 14:47:45,18114187_319,319,Basemap 1 experiment,36,1,255,2,20000,1348.45815982213,0.001,0.05,0,10,0.005,140,-10,10,3000,1,FALSE,multiplicative,0.1,0.6,6,fractal,0.1,0.01
71204838,2026_09_04 14:47:45,18114187_318,318,Basemap 1 experiment,35,1,253,2,20000,966.142650706626,0.001,0.05,0,10,0.005,140,-10,10,3000,1,FALSE,multiplicative,0.1,0.6,6,fractal,0.1,0.01
46905639,2026_09_04 14:47:46,18114187_351,351,Basemap 1 experiment,68,1,319,2,20000,14.583629646427,0.001,0.05,0,10,0.005,140,-10,10,3000,1,FALSE,multiplicative,0.1,0.6,6,fractal,0.1,0.01
87314461,2026_09_04 14:47:46,18114187_353,353,Basemap 1 experiment,70,1,323,2,20000,1375.69893375713,0.001,0.05,0,10,0.005,140,-10,10,3000,1,FALSE,multiplicative,0.1,0.6,6,fractal,0.1,0.01
28418118,2026_09_04 14:47:46,18114187_352,352,Basemap 1 experiment,69,1,321,2,20000,1150.41460926698,0.001,0.05,0,10,0.005,140,-10,10,3000,1,FALSE,multiplicative,0.1,0.6,6,fractal,0.1,0.01
18990325,2026_09_04 14:47:46,18114187_349,349,Basemap 1 experiment,66,1,315,2,20000,928.031403881146,0.001,0.05,0,10,0.005,140,-10,10,3000,1,FALSE,multiplicative,0.1,0.6,6,fractal,0.1,0.01
15151816,2026_09_04 14:47:46,18114187_350,350,Basemap 1 experiment,67,1,317,2,20000,1785.51345896885,0.001,0.05,0,10,0.005,140,-10,10,3000,1,FALSE,multiplicative,0.1,0.6,6,fractal,0.1,0.01
39884678,2026_09_04 14:47:46,18114187_354,354,Basemap 1 experiment,71,1,325,2,20000,2649.90910431587,0.001,0.05,0,10,0.005,140,-10,10,3000,1,FALSE,multiplicative,0.1,0.6,6,fractal,0.1,0.01
71248944,2026_09_04 14:47:46,18114187_356,356,Basemap 1 experiment,73,1,329,2,20000,2066.89530504284,0.001,0.05,0,10,0.005,140,-10,10,3000,1,FALSE,multiplicative,0.1,0.6,6,fractal,0.1,0.01
59749038,2026_09_04 14:47:46,18114187_355,355,Basemap 1 experiment,72,1,327,2,20000,14.8966338695355,0.001,0.05,0,10,0.005,140,-10,10,3000,1,FALSE,multiplicative,0.1,0.6,6,fractal,0.1,0.01
35525451,2026_09_04 14:47:45,18114187_332,332,Basemap 1 experiment,49,1,281,2,20000,2818.50099909916,0.001,0.05,0,10,0.005,140,-10,10,3000,1,FALSE,multiplicative,0.1,0.6,6,fractal,0.1,0.01
40896807,2026_09_04 14:47:45,18114187_337,337,Basemap 1 experiment,54,1,291,2,20000,3013.22019097841,0.001,0.05,0,10,0.005,140,-10,10,3000,1,FALSE,multiplicative,0.1,0.6,6,fractal,0.1,0.01
71773599,2026_09_04 14:47:45,18114187_336,336,Basemap 1 experiment,53,1,289,2,20000,2662.07889589694,0.001,0.05,0,10,0.005,140,-10,10,3000,1,FALSE,multiplicative,0.1,0.6,6,fractal,0.1,0.01
20254675,2026_09_04 14:47:45,18114187_333,333,Basemap 1 experiment,50,1,283,2,20000,953.072690831937,0.001,0.05,0,10,0.005,140,-10,10,3000,1,FALSE,multiplicative,0.1,0.6,6,fractal,0.1,0.01
15444893,2026_09_04 14:47:45,18114187_335,335,Basemap 1 experiment,52,1,287,2,20000,2113.50059557868,0.001,0.05,0,10,0.005,140,-10,10,3000,1,FALSE,multiplicative,0.1,0.6,6,fractal,0.1,0.01
98507321,2026_09_04 14:47:45,18114187_334,334,Basemap 1 experiment,51,1,285,2,20000,14.7339675330832,0.001,0.05,0,10,0.005,140,-10,10,3000,1,FALSE,multiplicative,0.1,0.6,6,fractal,0.1,0.01
46689104,2026_09_04 14:47:45,18114187_338,338,Basemap 1 experiment,55,1,293,2,20000,15.9661291621639,0.001,0.05,0,10,0.005,140,-10,10,3000,1,FALSE,multiplicative,0.1,0.6,6,fractal,0.1,0.01
55224208,2026_09_04 14:47:45,18114187_339,339,Basemap 1 experiment,56,1,295,2,20000,2187.04488736504,0.001,0.05,0,10,0.005,140,-10,10,3000,1,FALSE,multiplicative,0.1,0.6,6,fractal,0.1,0.01
15110309,2026_09_04 14:47:46,18114187_328,328,Basemap 1 experiment,45,1,273,2,20000,1108.5204837492,0.001,0.05,0,10,0.005,140,-10,10,3000,1,FALSE,multiplicative,0.1,0.6,6,fractal,0.1,0.01
54971955,2026_09_04 14:47:46,18114187_329,329,Basemap 1 experiment,46,1,275,2,20000,1737.05134942494,0.001,0.05,0,10,0.005,140,-10,10,3000,1,FALSE,multiplicative,0.1,0.6,6,fractal,0.1,0.01
94002338,2026_09_04 14:47:45,18114187_357,357,Basemap 1 experiment,74,1,331,2,20000,16.276738582679,0.001,0.05,0,10,0.005,140,-10,10,3000,1,FALSE,multiplicative,0.1,0.6,6,fractal,0.1,0.01
31512993,2026_09_04 14:47:45,18114187_358,358,Basemap 1 experiment,75,1,333,2,20000,14.8609912017103,0.001,0.05,0,10,0.005,140,-10,10,3000,1,FALSE,multiplicative,0.1,0.6,6,fractal,0.1,0.01
10608432,2026_09_04 14:47:46,18114187_303,303,Basemap 1 experiment,20,1,223,2,20000,1975.70162000982,0.001,0.05,0,10,0.005,140,-10,10,3000,1,FALSE,multiplicative,0.1,0.6,6,fractal,0.1,0.01
22766266,2026_09_04 14:47:46,18114187_302,302,Basemap 1 experiment,19,1,221,2,20000,2040.87642025976,0.001,0.05,0,10,0.005,140,-10,10,3000,1,FALSE,multiplicative,0.1,0.6,6,fractal,0.1,0.01
19441602,2026_09_04 14:47:46,18114187_304,304,Basemap 1 experiment,21,1,225,2,20000,2068.54522018042,0.001,0.05,0,10,0.005,140,-10,10,3000,1,FALSE,multiplicative,0.1,0.6,6,fractal,0.1,0.01
54852054,2026_09_04 14:47:45,18114187_305,305,Basemap 1 experiment,22,1,227,2,20000,1405.91239235663,0.001,0.05,0,10,0.005,140,-10,10,3000,1,FALSE,multiplicative,0.1,0.6,6,fractal,0.1,0.01
10516981,2026_09_04 14:47:46,18114187_371,371,Basemap 1 experiment,88,1,359,2,20000,14.8311357768182,0.001,0.05,0,10,0.005,140,-10,10,3000,1,FALSE,multiplicative,0.1,0.6,6,fractal,0.1,0.01
68553356,2026_09_04 14:47:46,18114187_370,370,Basemap 1 experiment,87,1,357,2,20000,14.6476458058007,0.001,0.05,0,10,0.005,140,-10,10,3000,1,FALSE,multiplicative,0.1,0.6,6,fractal,0.1,0.01
63864120,2026_09_04 14:47:48,18114187_315,315,Basemap 1 experiment,32,1,247,2,20000,1064.41620299084,0.001,0.05,0,10,0.005,140,-10,10,3000,1,FALSE,multiplicative,0.1,0.6,6,fractal,0.1,0.01
11734868,2026_09_04 14:47:48,18114187_306,306,Basemap 1 experiment,23,1,229,2,20000,14.9739230561787,0.001,0.05,0,10,0.005,140,-10,10,3000,1,FALSE,multiplicative,0.1,0.6,6,fractal,0.1,0.01
36314484,2026_09_04 14:47:48,18114187_308,308,Basemap 1 experiment,25,1,233,2,20000,15.423038594191,0.001,0.05,0,10,0.005,140,-10,10,3000,1,FALSE,multiplicative,0.1,0.6,6,fractal,0.1,0.01
86141005,2026_09_04 14:47:48,18114187_310,310,Basemap 1 experiment,27,1,237,2,20000,1743.76007067125,0.001,0.05,0,10,0.005,140,-10,10,3000,1,FALSE,multiplicative,0.1,0.6,6,fractal,0.1,0.01
54583650,2026_09_04 14:47:48,18114187_312,312,Basemap 1 experiment,29,1,241,2,20000,1992.10608873458,0.001,0.05,0,10,0.005,140,-10,10,3000,1,FALSE,multiplicative,0.1,0.6,6,fractal,0.1,0.01
37072978,2026_09_04 14:47:48,18114187_311,311,Basemap 1 experiment,28,1,239,2,20000,2860.16229692603,0.001,0.05,0,10,0.005,140,-10,10,3000,1,FALSE,multiplicative,0.1,0.6,6,fractal,0.1,0.01
14553504,2026_09_04 14:47:48,18114187_316,316,Basemap 1 experiment,33,1,249,2,20000,895.666479211213,0.001,0.05,0,10,0.005,140,-10,10,3000,1,FALSE,multiplicative,0.1,0.6,6,fractal,0.1,0.01
65447887,2026_09_04 14:47:48,18114187_317,317,Basemap 1 experiment,34,1,251,2,20000,2354.09468048382,0.001,0.05,0,10,0.005,140,-10,10,3000,1,FALSE,multiplicative,0.1,0.6,6,fractal,0.1,0.01
58308311,2026_09_04 14:47:48,18114187_309,309,Basemap 1 experiment,26,1,235,2,20000,1462.27553065958,0.001,0.05,0,10,0.005,140,-10,10,3000,1,FALSE,multiplicative,0.1,0.6,6,fractal,0.1,0.01
90982641,2026_09_04 14:47:48,18114187_313,313,Basemap 1 experiment,30,1,243,2,20000,1512.65862780803,0.001,0.05,0,10,0.005,140,-10,10,3000,1,FALSE,multiplicative,0.1,0.6,6,fractal,0.1,0.01
94174298,2026_09_04 14:47:48,18114187_307,307,Basemap 1 experiment,24,1,231,2,20000,1088.67020623715,0.001,0.05,0,10,0.005,140,-10,10,3000,1,FALSE,multiplicative,0.1,0.6,6,fractal,0.1,0.01
98528004,2026_09_04 14:47:48,18114187_314,314,Basemap 1 experiment,31,1,245,2,20000,1482.72976514484,0.001,0.05,0,10,0.005,140,-10,10,3000,1,FALSE,multiplicative,0.1,0.6,6,fractal,0.1,0.01
28502726,2026_09_04 14:47:48,18114187_342,342,Basemap 1 experiment,59,1,301,2,20000,2167.86536095686,0.001,0.05,0,10,0.005,140,-10,10,3000,1,FALSE,multiplicative,0.1,0.6,6,fractal,0.1,0.01
21316691,2026_09_04 14:47:48,18114187_346,346,Basemap 1 experiment,63,1,309,2,20000,1378.05320800907,0.001,0.05,0,10,0.005,140,-10,10,3000,1,FALSE,multiplicative,0.1,0.6,6,fractal,0.1,0.01
77970912,2026_09_04 14:47:48,18114187_343,343,Basemap 1 experiment,60,1,303,2,20000,14.4715818079739,0.001,0.05,0,10,0.005,140,-10,10,3000,1,FALSE,multiplicative,0.1,0.6,6,fractal,0.1,0.01
90789597,2026_09_04 14:47:48,18114187_345,345,Basemap 1 experiment,62,1,307,2,20000,1946.50704820748,0.001,0.05,0,10,0.005,140,-10,10,3000,1,FALSE,multiplicative,0.1,0.6,6,fractal,0.1,0.01
58611796,2026_09_04 14:47:48,18114187_344,344,Basemap 1 experiment,61,1,305,2,20000,14.47456787638,0.001,0.05,0,10,0.005,140,-10,10,3000,1,FALSE,multiplicative,0.1,0.6,6,fractal,0.1,0.01
36290582,2026_09_04 14:47:48,18114187_341,341,Basemap 1 experiment,58,1,299,2,20000,1053.51677407167,0.001,0.05,0,10,0.005,140,-10,10,3000,1,FALSE,multiplicative,0.1,0.6,6,fractal,0.1,0.01
50315074,2026_09_04 14:47:48,18114187_340,340,Basemap 1 experiment,57,1,297,2,20000,14.5535716001118,0.001,0.05,0,10,0.005,140,-10,10,3000,1,FALSE,multiplicative,0.1,0.6,6,fractal,0.1,0.01
76047649,2026_09_04 14:47:47,18114187_285,285,Basemap 1 experiment,102,1,387,2,20000,2510.66056126296,0.001,0.05,0,10,0.005,140,-10,10,3000,1,FALSE,multiplicative,0.1,0.4,6,fractal,0.1,0.01
73619162,2026_09_04 14:47:52,18114187_382,382,Basemap 1 experiment,99,1,381,2,20000,1879.67437869816,0.001,0.05,0,10,0.005,140,-10,10,3000,1,FALSE,multiplicative,0.1,0.6,6,fractal,0.1,0.01
58084773,2026_09_04 14:47:52,18114187_381,381,Basemap 1 experiment,98,1,379,2,20000,3121.51439344387,0.001,0.05,0,10,0.005,140,-10,10,3000,1,FALSE,multiplicative,0.1,0.6,6,fractal,0.1,0.01
87525423,2026_09_04 14:47:52,18114187_383,383,Basemap 1 experiment,100,1,383,2,20000,1073.33983244526,0.001,0.05,0,10,0.005,140,-10,10,3000,1,FALSE,multiplicative,0.1,0.6,6,fractal,0.1,0.01
30845476,2026_09_04 14:47:52,18114187_380,380,Basemap 1 experiment,97,1,377,2,20000,1796.46487976205,0.001,0.05,0,10,0.005,140,-10,10,3000,1,FALSE,multiplicative,0.1,0.6,6,fractal,0.1,0.01
65724247,2026_09_04 14:47:52,18114187_379,379,Basemap 1 experiment,96,1,375,2,20000,14.7329802949794,0.001,0.05,0,10,0.005,140,-10,10,3000,1,FALSE,multiplicative,0.1,0.6,6,fractal,0.1,0.01
65146974,2026_09_04 14:47:52,18114187_378,378,Basemap 1 experiment,95,1,373,2,20000,2604.95726509002,0.001,0.05,0,10,0.005,140,-10,10,3000,1,FALSE,multiplicative,0.1,0.6,6,fractal,0.1,0.01
60820856,2026_09_04 14:47:59,18114187_288,288,Basemap 1 experiment,105,1,393,2,20000,1094.94483397396,0.001,0.05,0,10,0.005,140,-10,10,3000,1,FALSE,multiplicative,0.1,0.4,6,fractal,0.1,0.01
44739891,2026_09_04 14:47:59,18114187_287,287,Basemap 1 experiment,104,1,391,2,20000,3129.69733828298,0.001,0.05,0,10,0.005,140,-10,10,3000,1,FALSE,multiplicative,0.1,0.4,6,fractal,0.1,0.01
70712410,2026_09_04 14:48:00,18114187_289,289,Basemap 1 experiment,106,1,395,2,20000,2676.26153751617,0.001,0.05,0,10,0.005,140,-10,10,3000,1,FALSE,multiplicative,0.1,0.4,6,fractal,0.1,0.01
48483078,2026_09_04 14:47:59,18114187_286,286,Basemap 1 experiment,103,1,389,2,20000,14.7332078882533,0.001,0.05,0,10,0.005,140,-10,10,3000,1,FALSE,multiplicative,0.1,0.4,6,fractal,0.1,0.01
55444615,2026_09_04 14:50:39,18114187_384,384,Basemap 1 experiment,101,1,385,2,20000,14.7267497762107,0.001,0.05,0,10,0.005,140,-10,10,3000,1,FALSE,multiplicative,0.1,0.6,6,fractal,0.1,0.01
67034399,2026_09_04 14:50:40,18114187_386,386,Basemap 1 experiment,103,1,389,2,20000,14.7332078882533,0.001,0.05,0,10,0.005,140,-10,10,3000,1,FALSE,multiplicative,0.1,0.6,6,fractal,0.1,0.01
51910371,2026_09_04 14:50:40,18114187_387,387,Basemap 1 experiment,104,1,391,2,20000,3129.69733828298,0.001,0.05,0,10,0.005,140,-10,10,3000,1,FALSE,multiplicative,0.1,0.6,6,fractal,0.1,0.01
82490284,2026_09_04 14:50:40,18114187_393,393,Basemap 1 experiment,110,1,403,2,20000,14.8381932788461,0.001,0.05,0,10,0.005,140,-10,10,3000,1,FALSE,multiplicative,0.1,0.6,6,fractal,0.1,0.01
63349016,2026_09_04 14:50:40,18114187_392,392,Basemap 1 experiment,109,1,401,2,20000,2214.41126133434,0.001,0.05,0,10,0.005,140,-10,10,3000,1,FALSE,multiplicative,0.1,0.6,6,fractal,0.1,0.01
55878569,2026_09_04 14:50:41,18114187_385,385,Basemap 1 experiment,102,1,387,2,20000,2510.66056126296,0.001,0.05,0,10,0.005,140,-10,10,3000,1,FALSE,multiplicative,0.1,0.6,6,fractal,0.1,0.01
99902565,2026_09_04 14:50:41,18114187_404,404,Basemap 1 experiment,21,1,225,2,20000,2068.54522018042,0.001,0.05,0,10,0.005,140,-10,10,3000,1,FALSE,multiplicative,0.1,0.8,6,fractal,0.1,0.01
51375444,2026_09_04 14:50:41,18114187_406,406,Basemap 1 experiment,23,1,229,2,20000,14.9739230561787,0.001,0.05,0,10,0.005,140,-10,10,3000,1,FALSE,multiplicative,0.1,0.8,6,fractal,0.1,0.01
47571270,2026_09_04 14:50:41,18114187_405,405,Basemap 1 experiment,22,1,227,2,20000,1405.91239235663,0.001,0.05,0,10,0.005,140,-10,10,3000,1,FALSE,multiplicative,0.1,0.8,6,fractal,0.1,0.01
59604711,2026_09_04 14:50:41,18114187_396,396,Basemap 1 experiment,113,1,409,2,20000,1465.74148443907,0.001,0.05,0,10,0.005,140,-10,10,3000,1,FALSE,multiplicative,0.1,0.6,6,fractal,0.1,0.01
59357231,2026_09_04 14:50:41,18114187_394,394,Basemap 1 experiment,111,1,405,2,20000,987.859062425916,0.001,0.05,0,10,0.005,140,-10,10,3000,1,FALSE,multiplicative,0.1,0.6,6,fractal,0.1,0.01
81689248,2026_09_04 14:50:41,18114187_395,395,Basemap 1 experiment,112,1,407,2,20000,757.718655414366,0.001,0.05,0,10,0.005,140,-10,10,3000,1,FALSE,multiplicative,0.1,0.6,6,fractal,0.1,0.01
48412084,2026_09_04 14:50:42,18114187_452,452,Basemap 1 experiment,69,1,321,2,20000,1150.41460926698,0.001,0.05,0,10,0.005,140,-10,10,3000,1,FALSE,multiplicative,0.1,0.8,6,fractal,0.1,0.01
74949101,2026_09_04 14:50:41,18114187_449,449,Basemap 1 experiment,66,1,315,2,20000,928.031403881146,0.001,0.05,0,10,0.005,140,-10,10,3000,1,FALSE,multiplicative,0.1,0.8,6,fractal,0.1,0.01
57413248,2026_09_04 14:50:41,18114187_455,455,Basemap 1 experiment,72,1,327,2,20000,14.8966338695355,0.001,0.05,0,10,0.005,140,-10,10,3000,1,FALSE,multiplicative,0.1,0.8,6,fractal,0.1,0.01
58427119,2026_09_04 14:50:41,18114187_447,447,Basemap 1 experiment,64,1,311,2,20000,2723.48430455325,0.001,0.05,0,10,0.005,140,-10,10,3000,1,FALSE,multiplicative,0.1,0.8,6,fractal,0.1,0.01
55310792,2026_09_04 14:50:41,18114187_402,402,Basemap 1 experiment,19,1,221,2,20000,2040.87642025976,0.001,0.05,0,10,0.005,140,-10,10,3000,1,FALSE,multiplicative,0.1,0.8,6,fractal,0.1,0.01
16486561,2026_09_04 14:50:43,18114187_438,438,Basemap 1 experiment,55,1,293,2,20000,15.9661291621639,0.001,0.05,0,10,0.005,140,-10,10,3000,1,FALSE,multiplicative,0.1,0.8,6,fractal,0.1,0.01
72834511,2026_09_04 14:50:43,18114187_439,439,Basemap 1 experiment,56,1,295,2,20000,2187.04488736504,0.001,0.05,0,10,0.005,140,-10,10,3000,1,FALSE,multiplicative,0.1,0.8,6,fractal,0.1,0.01
21232774,2026_09_04 14:50:42,18114187_403,403,Basemap 1 experiment,20,1,223,2,20000,1975.70162000982,0.001,0.05,0,10,0.005,140,-10,10,3000,1,FALSE,multiplicative,0.1,0.8,6,fractal,0.1,0.01
69377524,2026_09_04 14:50:43,18114187_465,465,Basemap 1 experiment,82,1,347,2,20000,14.8873728104569,0.001,0.05,0,10,0.005,140,-10,10,3000,1,FALSE,multiplicative,0.1,0.8,6,fractal,0.1,0.01
18626042,2026_09_04 14:50:43,18114187_443,443,Basemap 1 experiment,60,1,303,2,20000,14.4715818079739,0.001,0.05,0,10,0.005,140,-10,10,3000,1,FALSE,multiplicative,0.1,0.8,6,fractal,0.1,0.01
61848056,2026_09_04 14:50:43,18114187_466,466,Basemap 1 experiment,83,1,349,2,20000,2854.29888941966,0.001,0.05,0,10,0.005,140,-10,10,3000,1,FALSE,multiplicative,0.1,0.8,6,fractal,0.1,0.01
60626929,2026_09_04 14:50:42,18114187_390,390,Basemap 1 experiment,107,1,397,2,20000,1815.12848889598,0.001,0.05,0,10,0.005,140,-10,10,3000,1,FALSE,multiplicative,0.1,0.6,6,fractal,0.1,0.01
43315288,2026_09_04 14:50:42,18114187_389,389,Basemap 1 experiment,106,1,395,2,20000,2676.26153751617,0.001,0.05,0,10,0.005,140,-10,10,3000,1,FALSE,multiplicative,0.1,0.6,6,fractal,0.1,0.01
89071541,2026_09_04 14:50:42,18114187_388,388,Basemap 1 experiment,105,1,393,2,20000,1094.94483397396,0.001,0.05,0,10,0.005,140,-10,10,3000,1,FALSE,multiplicative,0.1,0.6,6,fractal,0.1,0.01
61252624,2026_09_04 14:50:44,18114187_467,467,Basemap 1 experiment,84,1,351,2,20000,2033.78394362798,0.001,0.05,0,10,0.005,140,-10,10,3000,1,FALSE,multiplicative,0.1,0.8,6,fractal,0.1,0.01
55928921,2026_09_04 14:50:44,18114187_451,451,Basemap 1 experiment,68,1,319,2,20000,14.583629646427,0.001,0.05,0,10,0.005,140,-10,10,3000,1,FALSE,multiplicative,0.1,0.8,6,fractal,0.1,0.01
57430693,2026_09_04 14:50:44,18114187_454,454,Basemap 1 experiment,71,1,325,2,20000,2649.90910431587,0.001,0.05,0,10,0.005,140,-10,10,3000,1,FALSE,multiplicative,0.1,0.8,6,fractal,0.1,0.01
41288576,2026_09_04 14:50:44,18114187_450,450,Basemap 1 experiment,67,1,317,2,20000,1785.51345896885,0.001,0.05,0,10,0.005,140,-10,10,3000,1,FALSE,multiplicative,0.1,0.8,6,fractal,0.1,0.01
16062761,2026_09_04 14:50:44,18114187_437,437,Basemap 1 experiment,54,1,291,2,20000,3013.22019097841,0.001,0.05,0,10,0.005,140,-10,10,3000,1,FALSE,multiplicative,0.1,0.8,6,fractal,0.1,0.01
12480801,2026_09_04 14:50:42,18114187_391,391,Basemap 1 experiment,108,1,399,2,20000,979.701436530544,0.001,0.05,0,10,0.005,140,-10,10,3000,1,FALSE,multiplicative,0.1,0.6,6,fractal,0.1,0.01
57976484,2026_09_04 14:50:42,18114187_419,419,Basemap 1 experiment,36,1,255,2,20000,1348.45815982213,0.001,0.05,0,10,0.005,140,-10,10,3000,1,FALSE,multiplicative,0.1,0.8,6,fractal,0.1,0.01
47882658,2026_09_04 14:50:42,18114187_418,418,Basemap 1 experiment,35,1,253,2,20000,966.142650706626,0.001,0.05,0,10,0.005,140,-10,10,3000,1,FALSE,multiplicative,0.1,0.8,6,fractal,0.1,0.01
65504200,2026_09_04 14:50:42,18114187_417,417,Basemap 1 experiment,34,1,251,2,20000,2354.09468048382,0.001,0.05,0,10,0.005,140,-10,10,3000,1,FALSE,multiplicative,0.1,0.8,6,fractal,0.1,0.01
16967921,2026_09_04 14:50:43,18114187_425,425,Basemap 1 experiment,42,1,267,2,20000,14.8951873009222,0.001,0.05,0,10,0.005,140,-10,10,3000,1,FALSE,multiplicative,0.1,0.8,6,fractal,0.1,0.01
61114182,2026_09_04 14:50:43,18114187_426,426,Basemap 1 experiment,43,1,269,2,20000,1288.94713367896,0.001,0.05,0,10,0.005,140,-10,10,3000,1,FALSE,multiplicative,0.1,0.8,6,fractal,0.1,0.01
55662112,2026_09_04 14:50:43,18114187_424,424,Basemap 1 experiment,41,1,265,2,20000,3285.6501400137,0.001,0.05,0,10,0.005,140,-10,10,3000,1,FALSE,multiplicative,0.1,0.8,6,fractal,0.1,0.01
50155557,2026_09_04 14:50:43,18114187_408,408,Basemap 1 experiment,25,1,233,2,20000,15.423038594191,0.001,0.05,0,10,0.005,140,-10,10,3000,1,FALSE,multiplicative,0.1,0.8,6,fractal,0.1,0.01
74369667,2026_09_04 14:50:43,18114187_410,410,Basemap 1 experiment,27,1,237,2,20000,1743.76007067125,0.001,0.05,0,10,0.005,140,-10,10,3000,1,FALSE,multiplicative,0.1,0.8,6,fractal,0.1,0.01
68727355,2026_09_04 14:50:43,18114187_409,409,Basemap 1 experiment,26,1,235,2,20000,1462.27553065958,0.001,0.05,0,10,0.005,140,-10,10,3000,1,FALSE,multiplicative,0.1,0.8,6,fractal,0.1,0.01
44170549,2026_09_04 14:50:43,18114187_411,411,Basemap 1 experiment,28,1,239,2,20000,2860.16229692603,0.001,0.05,0,10,0.005,140,-10,10,3000,1,FALSE,multiplicative,0.1,0.8,6,fractal,0.1,0.01
93487849,2026_09_04 14:50:44,18114187_453,453,Basemap 1 experiment,70,1,323,2,20000,1375.69893375713,0.001,0.05,0,10,0.005,140,-10,10,3000,1,FALSE,multiplicative,0.1,0.8,6,fractal,0.1,0.01
28835297,2026_09_04 14:50:44,18114187_446,446,Basemap 1 experiment,63,1,309,2,20000,1378.05320800907,0.001,0.05,0,10,0.005,140,-10,10,3000,1,FALSE,multiplicative,0.1,0.8,6,fractal,0.1,0.01
93727620,2026_09_04 14:50:44,18114187_445,445,Basemap 1 experiment,62,1,307,2,20000,1946.50704820748,0.001,0.05,0,10,0.005,140,-10,10,3000,1,FALSE,multiplicative,0.1,0.8,6,fractal,0.1,0.01
79918531,2026_09_04 14:50:44,18114187_448,448,Basemap 1 experiment,65,1,313,2,20000,2427.2997487573,0.001,0.05,0,10,0.005,140,-10,10,3000,1,FALSE,multiplicative,0.1,0.8,6,fractal,0.1,0.01
35321085,2026_09_04 14:50:44,18114187_444,444,Basemap 1 experiment,61,1,305,2,20000,14.47456787638,0.001,0.05,0,10,0.005,140,-10,10,3000,1,FALSE,multiplicative,0.1,0.8,6,fractal,0.1,0.01
7987384418,2026_09_04 14:50:44,18114187_436,436,Basemap 1 experiment,53,1,289,2,20000,2662.07889589694,0.001,0.05,0,10,0.005,140,-10,10,3000,1,FALSE,multiplicative,0.1,0.8,6,fractal,0.1,0.01
42021996,2026_09_04 14:50:43,18114187_407,407,Basemap 1 experiment,24,1,231,2,20000,1088.67020623715,0.001,0.05,0,10,0.005,140,-10,10,3000,1,FALSE,multiplicative,0.1,0.8,6,fractal,0.1,0.01
94839268,2026_09_04 14:50:44,18114187_469,469,Basemap 1 experiment,86,1,355,2,20000,14.9918495454571,0.001,0.05,0,10,0.005,140,-10,10,3000,1,FALSE,multiplicative,0.1,0.8,6,fractal,0.1,0.01
20160672,2026_09_04 14:50:44,18114187_470,470,Basemap 1 experiment,87,1,357,2,20000,14.6476458058007,0.001,0.05,0,10,0.005,140,-10,10,3000,1,FALSE,multiplicative,0.1,0.8,6,fractal,0.1,0.01
13199328,2026_09_04 14:50:44,18114187_468,468,Basemap 1 experiment,85,1,353,2,20000,2776.01808143847,0.001,0.05,0,10,0.005,140,-10,10,3000,1,FALSE,multiplicative,0.1,0.8,6,fractal,0.1,0.01
93297111,2026_09_04 14:50:43,18114187_412,412,Basemap 1 experiment,29,1,241,2,20000,1992.10608873458,0.001,0.05,0,10,0.005,140,-10,10,3000,1,FALSE,multiplicative,0.1,0.8,6,fractal,0.1,0.01
98055190,2026_09_04 14:50:43,18114187_416,416,Basemap 1 experiment,33,1,249,2,20000,895.666479211213,0.001,0.05,0,10,0.005,140,-10,10,3000,1,FALSE,multiplicative,0.1,0.8,6,fractal,0.1,0.01
40241447,2026_09_04 14:50:43,18114187_472,472,Basemap 1 experiment,89,1,361,2,20000,732.621622943574,0.001,0.05,0,10,0.005,140,-10,10,3000,1,FALSE,multiplicative,0.1,0.8,6,fractal,0.1,0.01
90594191,2026_09_04 14:50:43,18114187_471,471,Basemap 1 experiment,88,1,359,2,20000,14.8311357768182,0.001,0.05,0,10,0.005,140,-10,10,3000,1,FALSE,multiplicative,0.1,0.8,6,fractal,0.1,0.01
31626673,2026_09_04 14:50:43,18114187_456,456,Basemap 1 experiment,73,1,329,2,20000,2066.89530504284,0.001,0.05,0,10,0.005,140,-10,10,3000,1,FALSE,multiplicative,0.1,0.8,6,fractal,0.1,0.01
98123479,2026_09_04 14:50:44,18114187_458,458,Basemap 1 experiment,75,1,333,2,20000,14.8609912017103,0.001,0.05,0,10,0.005,140,-10,10,3000,1,FALSE,multiplicative,0.1,0.8,6,fractal,0.1,0.01
12136194,2026_09_04 14:50:43,18114187_462,462,Basemap 1 experiment,79,1,341,2,20000,2587.56393979408,0.001,0.05,0,10,0.005,140,-10,10,3000,1,FALSE,multiplicative,0.1,0.8,6,fractal,0.1,0.01
12397798,2026_09_04 14:50:43,18114187_461,461,Basemap 1 experiment,78,1,339,2,20000,14.6890577881868,0.001,0.05,0,10,0.005,140,-10,10,3000,1,FALSE,multiplicative,0.1,0.8,6,fractal,0.1,0.01
85233840,2026_09_04 14:50:43,18114187_464,464,Basemap 1 experiment,81,1,345,2,20000,1260.64243121824,0.001,0.05,0,10,0.005,140,-10,10,3000,1,FALSE,multiplicative,0.1,0.8,6,fractal,0.1,0.01
33169908,2026_09_04 14:50:44,18114187_459,459,Basemap 1 experiment,76,1,335,2,20000,1725.55561754008,0.001,0.05,0,10,0.005,140,-10,10,3000,1,FALSE,multiplicative,0.1,0.8,6,fractal,0.1,0.01
86951839,2026_09_04 14:50:43,18114187_460,460,Basemap 1 experiment,77,1,337,2,20000,2375.37591174792,0.001,0.05,0,10,0.005,140,-10,10,3000,1,FALSE,multiplicative,0.1,0.8,6,fractal,0.1,0.01
52403915,2026_09_04 14:50:44,18114187_457,457,Basemap 1 experiment,74,1,331,2,20000,16.276738582679,0.001,0.05,0,10,0.005,140,-10,10,3000,1,FALSE,multiplicative,0.1,0.8,6,fractal,0.1,0.01
81001717,2026_09_04 14:50:43,18114187_463,463,Basemap 1 experiment,80,1,343,2,20000,14.9183643511873,0.001,0.05,0,10,0.005,140,-10,10,3000,1,FALSE,multiplicative,0.1,0.8,6,fractal,0.1,0.01
77002033,2026_09_04 14:50:44,18114187_423,423,Basemap 1 experiment,40,1,263,2,20000,2354.90547702861,0.001,0.05,0,10,0.005,140,-10,10,3000,1,FALSE,multiplicative,0.1,0.8,6,fractal,0.1,0.01
12988417,2026_09_04 14:50:44,18114187_401,401,Basemap 1 experiment,18,1,219,2,20000,989.370247371698,0.001,0.05,0,10,0.005,140,-10,10,3000,1,FALSE,multiplicative,0.1,0.8,6,fractal,0.1,0.01
28946057,2026_09_04 14:50:44,18114187_400,400,Basemap 1 experiment,117,1,417,2,20000,14.6637978395499,0.001,0.05,0,10,0.005,140,-10,10,3000,1,FALSE,multiplicative,0.1,0.6,6,fractal,0.1,0.01
55699208,2026_09_04 14:50:44,18114187_397,397,Basemap 1 experiment,114,1,411,2,20000,14.566098673372,0.001,0.05,0,10,0.005,140,-10,10,3000,1,FALSE,multiplicative,0.1,0.6,6,fractal,0.1,0.01
94123653,2026_09_04 14:50:44,18114187_398,398,Basemap 1 experiment,115,1,413,2,20000,878.248865366414,0.001,0.05,0,10,0.005,140,-10,10,3000,1,FALSE,multiplicative,0.1,0.6,6,fractal,0.1,0.01
37138599,2026_09_04 14:50:44,18114187_399,399,Basemap 1 experiment,116,1,415,2,20000,792.537994360818,0.001,0.05,0,10,0.005,140,-10,10,3000,1,FALSE,multiplicative,0.1,0.6,6,fractal,0.1,0.01
15801599,2026_09_04 14:50:45,18114187_433,433,Basemap 1 experiment,50,1,283,2,20000,953.072690831937,0.001,0.05,0,10,0.005,140,-10,10,3000,1,FALSE,multiplicative,0.1,0.8,6,fractal,0.1,0.01
32131139,2026_09_04 14:50:45,18114187_432,432,Basemap 1 experiment,49,1,281,2,20000,2818.50099909916,0.001,0.05,0,10,0.005,140,-10,10,3000,1,FALSE,multiplicative,0.1,0.8,6,fractal,0.1,0.01
64547048,2026_09_04 14:50:44,18114187_427,427,Basemap 1 experiment,44,1,271,2,20000,3101.53415000135,0.001,0.05,0,10,0.005,140,-10,10,3000,1,FALSE,multiplicative,0.1,0.8,6,fractal,0.1,0.01
56623134,2026_09_04 14:50:44,18114187_429,429,Basemap 1 experiment,46,1,275,2,20000,1737.05134942494,0.001,0.05,0,10,0.005,140,-10,10,3000,1,FALSE,multiplicative,0.1,0.8,6,fractal,0.1,0.01
23246328,2026_09_04 14:50:44,18114187_428,428,Basemap 1 experiment,45,1,273,2,20000,1108.5204837492,0.001,0.05,0,10,0.005,140,-10,10,3000,1,FALSE,multiplicative,0.1,0.8,6,fractal,0.1,0.01
11506518,2026_09_04 14:50:44,18114187_431,431,Basemap 1 experiment,48,1,279,2,20000,2361.03050749552,0.001,0.05,0,10,0.005,140,-10,10,3000,1,FALSE,multiplicative,0.1,0.8,6,fractal,0.1,0.01
50169129,2026_09_04 14:50:44,18114187_430,430,Basemap 1 experiment,47,1,277,2,20000,2587.66701005728,0.001,0.05,0,10,0.005,140,-10,10,3000,1,FALSE,multiplicative,0.1,0.8,6,fractal,0.1,0.01
80620799,2026_09_04 14:50:45,18114187_441,441,Basemap 1 experiment,58,1,299,2,20000,1053.51677407167,0.001,0.05,0,10,0.005,140,-10,10,3000,1,FALSE,multiplicative,0.1,0.8,6,fractal,0.1,0.01
11312501,2026_09_04 14:50:45,18114187_440,440,Basemap 1 experiment,57,1,297,2,20000,14.5535716001118,0.001,0.05,0,10,0.005,140,-10,10,3000,1,FALSE,multiplicative,0.1,0.8,6,fractal,0.1,0.01
20655804,2026_09_04 14:50:47,18114187_480,480,Basemap 1 experiment,97,1,377,2,20000,1796.46487976205,0.001,0.05,0,10,0.005,140,-10,10,3000,1,FALSE,multiplicative,0.1,0.8,6,fractal,0.1,0.01
55850741,2026_09_04 14:50:47,18114187_483,483,Basemap 1 experiment,100,1,383,2,20000,1073.33983244526,0.001,0.05,0,10,0.005,140,-10,10,3000,1,FALSE,multiplicative,0.1,0.8,6,fractal,0.1,0.01
81220160,2026_09_04 14:50:46,18114187_420,420,Basemap 1 experiment,37,1,257,2,20000,854.956070927776,0.001,0.05,0,10,0.005,140,-10,10,3000,1,FALSE,multiplicative,0.1,0.8,6,fractal,0.1,0.01
57756831,2026_09_04 14:50:49,18114187_482,482,Basemap 1 experiment,99,1,381,2,20000,1879.67437869816,0.001,0.05,0,10,0.005,140,-10,10,3000,1,FALSE,multiplicative,0.1,0.8,6,fractal,0.1,0.01
92338873,2026_09_04 14:50:48,18114187_481,481,Basemap 1 experiment,98,1,379,2,20000,3121.51439344387,0.001,0.05,0,10,0.005,140,-10,10,3000,1,FALSE,multiplicative,0.1,0.8,6,fractal,0.1,0.01
86192710,2026_09_04 14:50:50,18114187_421,421,Basemap 1 experiment,38,1,259,2,20000,760.415213867477,0.001,0.05,0,10,0.005,140,-10,10,3000,1,FALSE,multiplicative,0.1,0.8,6,fractal,0.1,0.01
92617889,2026_09_04 14:50:50,18114187_422,422,Basemap 1 experiment,39,1,261,2,20000,788.847660211343,0.001,0.05,0,10,0.005,140,-10,10,3000,1,FALSE,multiplicative,0.1,0.8,6,fractal,0.1,0.01
23373311,2026_09_04 14:50:51,18114187_434,434,Basemap 1 experiment,51,1,285,2,20000,14.7339675330832,0.001,0.05,0,10,0.005,140,-10,10,3000,1,FALSE,multiplicative,0.1,0.8,6,fractal,0.1,0.01
21361754,2026_09_04 14:50:52,18114187_479,479,Basemap 1 experiment,96,1,375,2,20000,14.7329802949794,0.001,0.05,0,10,0.005,140,-10,10,3000,1,FALSE,multiplicative,0.1,0.8,6,fractal,0.1,0.01
62904759,2026_09_04 14:50:52,18114187_473,473,Basemap 1 experiment,90,1,363,2,20000,2388.83146931255,0.001,0.05,0,10,0.005,140,-10,10,3000,1,FALSE,multiplicative,0.1,0.8,6,fractal,0.1,0.01
40152614,2026_09_04 14:50:52,18114187_474,474,Basemap 1 experiment,91,1,365,2,20000,15.5011546902045,0.001,0.05,0,10,0.005,140,-10,10,3000,1,FALSE,multiplicative,0.1,0.8,6,fractal,0.1,0.01
53382017,2026_09_04 14:50:52,18114187_477,477,Basemap 1 experiment,94,1,371,2,20000,2294.46581829664,0.001,0.05,0,10,0.005,140,-10,10,3000,1,FALSE,multiplicative,0.1,0.8,6,fractal,0.1,0.01
90250075,2026_09_04 14:50:52,18114187_475,475,Basemap 1 experiment,92,1,367,2,20000,2182.85975054977,0.001,0.05,0,10,0.005,140,-10,10,3000,1,FALSE,multiplicative,0.1,0.8,6,fractal,0.1,0.01
77233458,2026_09_04 14:50:52,18114187_478,478,Basemap 1 experiment,95,1,373,2,20000,2604.95726509002,0.001,0.05,0,10,0.005,140,-10,10,3000,1,FALSE,multiplicative,0.1,0.8,6,fractal,0.1,0.01
33664308,2026_09_04 14:50:52,18114187_476,476,Basemap 1 experiment,93,1,369,2,20000,1266.70917312372,0.001,0.05,0,10,0.005,140,-10,10,3000,1,FALSE,multiplicative,0.1,0.8,6,fractal,0.1,0.01
28689036,2026_09_04 14:53:39,18114187_501,501,Basemap 1 experiment,18,1,219,2,20000,989.370247371698,0.001,0.05,0,10,0.005,140,-10,10,3000,1,FALSE,multiplicative,0.1,0.4,1,fractal,0.1,0.01
55614679,2026_09_04 14:53:40,18114187_502,502,Basemap 1 experiment,19,1,221,2,20000,2040.87642025976,0.001,0.05,0,10,0.005,140,-10,10,3000,1,FALSE,multiplicative,0.1,0.4,1,fractal,0.1,0.01
90367225,2026_09_04 14:53:40,18114187_497,497,Basemap 1 experiment,114,1,411,2,20000,14.566098673372,0.001,0.05,0,10,0.005,140,-10,10,3000,1,FALSE,multiplicative,0.1,0.8,6,fractal,0.1,0.01
55950642,2026_09_04 14:53:41,18114187_496,496,Basemap 1 experiment,113,1,409,2,20000,1465.74148443907,0.001,0.05,0,10,0.005,140,-10,10,3000,1,FALSE,multiplicative,0.1,0.8,6,fractal,0.1,0.01
55286040,2026_09_04 14:53:41,18114187_529,529,Basemap 1 experiment,46,1,275,2,20000,1737.05134942494,0.001,0.05,0,10,0.005,140,-10,10,3000,1,FALSE,multiplicative,0.1,0.4,1,fractal,0.1,0.01
23139240,2026_09_04 14:53:41,18114187_530,530,Basemap 1 experiment,47,1,277,2,20000,2587.66701005728,0.001,0.05,0,10,0.005,140,-10,10,3000,1,FALSE,multiplicative,0.1,0.4,1,fractal,0.1,0.01
52361580,2026_09_04 14:53:41,18114187_523,523,Basemap 1 experiment,40,1,263,2,20000,2354.90547702861,0.001,0.05,0,10,0.005,140,-10,10,3000,1,FALSE,multiplicative,0.1,0.4,1,fractal,0.1,0.01
88326222,2026_09_04 14:53:41,18114187_524,524,Basemap 1 experiment,41,1,265,2,20000,3285.6501400137,0.001,0.05,0,10,0.005,140,-10,10,3000,1,FALSE,multiplicative,0.1,0.4,1,fractal,0.1,0.01
11951937,2026_09_04 14:53:41,18114187_485,485,Basemap 1 experiment,102,1,387,2,20000,2510.66056126296,0.001,0.05,0,10,0.005,140,-10,10,3000,1,FALSE,multiplicative,0.1,0.8,6,fractal,0.1,0.01
63239127,2026_09_04 14:53:42,18114187_484,484,Basemap 1 experiment,101,1,385,2,20000,14.7267497762107,0.001,0.05,0,10,0.005,140,-10,10,3000,1,FALSE,multiplicative,0.1,0.8,6,fractal,0.1,0.01
40045309,2026_09_04 14:53:43,18114187_548,548,Basemap 1 experiment,65,1,313,2,20000,2427.2997487573,0.001,0.05,0,10,0.005,140,-10,10,3000,1,FALSE,multiplicative,0.1,0.4,1,fractal,0.1,0.01
36038322,2026_09_04 14:53:43,18114187_550,550,Basemap 1 experiment,67,1,317,2,20000,1785.51345896885,0.001,0.05,0,10,0.005,140,-10,10,3000,1,FALSE,multiplicative,0.1,0.4,1,fractal,0.1,0.01
74823775,2026_09_04 14:53:43,18114187_549,549,Basemap 1 experiment,66,1,315,2,20000,928.031403881146,0.001,0.05,0,10,0.005,140,-10,10,3000,1,FALSE,multiplicative,0.1,0.4,1,fractal,0.1,0.01
48731922,2026_09_04 14:53:43,18114187_551,551,Basemap 1 experiment,68,1,319,2,20000,14.583629646427,0.001,0.05,0,10,0.005,140,-10,10,3000,1,FALSE,multiplicative,0.1,0.4,1,fractal,0.1,0.01
64736926,2026_09_04 14:53:43,18114187_552,552,Basemap 1 experiment,69,1,321,2,20000,1150.41460926698,0.001,0.05,0,10,0.005,140,-10,10,3000,1,FALSE,multiplicative,0.1,0.4,1,fractal,0.1,0.01
86680697,2026_09_04 14:53:43,18114187_543,543,Basemap 1 experiment,60,1,303,2,20000,14.4715818079739,0.001,0.05,0,10,0.005,140,-10,10,3000,1,FALSE,multiplicative,0.1,0.4,1,fractal,0.1,0.01
37804984,2026_09_04 14:53:43,18114187_546,546,Basemap 1 experiment,63,1,309,2,20000,1378.05320800907,0.001,0.05,0,10,0.005,140,-10,10,3000,1,FALSE,multiplicative,0.1,0.4,1,fractal,0.1,0.01
72992654,2026_09_04 14:53:43,18114187_553,553,Basemap 1 experiment,70,1,323,2,20000,1375.69893375713,0.001,0.05,0,10,0.005,140,-10,10,3000,1,FALSE,multiplicative,0.1,0.4,1,fractal,0.1,0.01
78073531,2026_09_04 14:53:43,18114187_547,547,Basemap 1 experiment,64,1,311,2,20000,2723.48430455325,0.001,0.05,0,10,0.005,140,-10,10,3000,1,FALSE,multiplicative,0.1,0.4,1,fractal,0.1,0.01
36144227,2026_09_04 14:53:42,18114187_495,495,Basemap 1 experiment,112,1,407,2,20000,757.718655414366,0.001,0.05,0,10,0.005,140,-10,10,3000,1,FALSE,multiplicative,0.1,0.8,6,fractal,0.1,0.01
21871061,2026_09_04 14:53:43,18114187_545,545,Basemap 1 experiment,62,1,307,2,20000,1946.50704820748,0.001,0.05,0,10,0.005,140,-10,10,3000,1,FALSE,multiplicative,0.1,0.4,1,fractal,0.1,0.01
14298520,2026_09_04 14:53:43,18114187_544,544,Basemap 1 experiment,61,1,305,2,20000,14.47456787638,0.001,0.05,0,10,0.005,140,-10,10,3000,1,FALSE,multiplicative,0.1,0.4,1,fractal,0.1,0.01
81802825,2026_09_04 14:53:43,18114187_542,542,Basemap 1 experiment,59,1,301,2,20000,2167.86536095686,0.001,0.05,0,10,0.005,140,-10,10,3000,1,FALSE,multiplicative,0.1,0.4,1,fractal,0.1,0.01
83951490,2026_09_04 14:53:42,18114187_522,522,Basemap 1 experiment,39,1,261,2,20000,788.847660211343,0.001,0.05,0,10,0.005,140,-10,10,3000,1,FALSE,multiplicative,0.1,0.4,1,fractal,0.1,0.01
93589745,2026_09_04 14:53:42,18114187_521,521,Basemap 1 experiment,38,1,259,2,20000,760.415213867477,0.001,0.05,0,10,0.005,140,-10,10,3000,1,FALSE,multiplicative,0.1,0.4,1,fractal,0.1,0.01
48297407,2026_09_04 14:53:43,18114187_560,560,Basemap 1 experiment,77,1,337,2,20000,2375.37591174792,0.001,0.05,0,10,0.005,140,-10,10,3000,1,FALSE,multiplicative,0.1,0.4,1,fractal,0.1,0.01
20536965,2026_09_04 14:53:43,18114187_561,561,Basemap 1 experiment,78,1,339,2,20000,14.6890577881868,0.001,0.05,0,10,0.005,140,-10,10,3000,1,FALSE,multiplicative,0.1,0.4,1,fractal,0.1,0.01
31222906,2026_09_04 14:53:43,18114187_564,564,Basemap 1 experiment,81,1,345,2,20000,1260.64243121824,0.001,0.05,0,10,0.005,140,-10,10,3000,1,FALSE,multiplicative,0.1,0.4,1,fractal,0.1,0.01
59916695,2026_09_04 14:53:43,18114187_512,512,Basemap 1 experiment,29,1,241,2,20000,1992.10608873458,0.001,0.05,0,10,0.005,140,-10,10,3000,1,FALSE,multiplicative,0.1,0.4,1,fractal,0.1,0.01
19109064,2026_09_04 14:53:43,18114187_513,513,Basemap 1 experiment,30,1,243,2,20000,1512.65862780803,0.001,0.05,0,10,0.005,140,-10,10,3000,1,FALSE,multiplicative,0.1,0.4,1,fractal,0.1,0.01
31532556,2026_09_04 14:53:44,18114187_570,570,Basemap 1 experiment,87,1,357,2,20000,14.6476458058007,0.001,0.05,0,10,0.005,140,-10,10,3000,1,FALSE,multiplicative,0.1,0.4,1,fractal,0.1,0.01
89535196,2026_09_04 14:53:44,18114187_563,563,Basemap 1 experiment,80,1,343,2,20000,14.9183643511873,0.001,0.05,0,10,0.005,140,-10,10,3000,1,FALSE,multiplicative,0.1,0.4,1,fractal,0.1,0.01
31004469,2026_09_04 14:53:44,18114187_562,562,Basemap 1 experiment,79,1,341,2,20000,2587.56393979408,0.001,0.05,0,10,0.005,140,-10,10,3000,1,FALSE,multiplicative,0.1,0.4,1,fractal,0.1,0.01
94533082,2026_09_04 14:53:44,18114187_557,557,Basemap 1 experiment,74,1,331,2,20000,16.276738582679,0.001,0.05,0,10,0.005,140,-10,10,3000,1,FALSE,multiplicative,0.1,0.4,1,fractal,0.1,0.01
30460561,2026_09_04 14:53:44,18114187_559,559,Basemap 1 experiment,76,1,335,2,20000,1725.55561754008,0.001,0.05,0,10,0.005,140,-10,10,3000,1,FALSE,multiplicative,0.1,0.4,1,fractal,0.1,0.01
91855847,2026_09_04 14:53:44,18114187_556,556,Basemap 1 experiment,73,1,329,2,20000,2066.89530504284,0.001,0.05,0,10,0.005,140,-10,10,3000,1,FALSE,multiplicative,0.1,0.4,1,fractal,0.1,0.01
73097933,2026_09_04 14:53:44,18114187_558,558,Basemap 1 experiment,75,1,333,2,20000,14.8609912017103,0.001,0.05,0,10,0.005,140,-10,10,3000,1,FALSE,multiplicative,0.1,0.4,1,fractal,0.1,0.01
93177940,2026_09_04 14:53:44,18114187_509,509,Basemap 1 experiment,26,1,235,2,20000,1462.27553065958,0.001,0.05,0,10,0.005,140,-10,10,3000,1,FALSE,multiplicative,0.1,0.4,1,fractal,0.1,0.01
35421875,2026_09_04 14:53:44,18114187_511,511,Basemap 1 experiment,28,1,239,2,20000,2860.16229692603,0.001,0.05,0,10,0.005,140,-10,10,3000,1,FALSE,multiplicative,0.1,0.4,1,fractal,0.1,0.01
47711703,2026_09_04 14:53:44,18114187_510,510,Basemap 1 experiment,27,1,237,2,20000,1743.76007067125,0.001,0.05,0,10,0.005,140,-10,10,3000,1,FALSE,multiplicative,0.1,0.4,1,fractal,0.1,0.01
48903484,2026_09_04 14:53:44,18114187_508,508,Basemap 1 experiment,25,1,233,2,20000,15.423038594191,0.001,0.05,0,10,0.005,140,-10,10,3000,1,FALSE,multiplicative,0.1,0.4,1,fractal,0.1,0.01
65392392,2026_09_04 14:53:44,18114187_554,554,Basemap 1 experiment,71,1,325,2,20000,2649.90910431587,0.001,0.05,0,10,0.005,140,-10,10,3000,1,FALSE,multiplicative,0.1,0.4,1,fractal,0.1,0.01
43864302,2026_09_04 14:53:44,18114187_555,555,Basemap 1 experiment,72,1,327,2,20000,14.8966338695355,0.001,0.05,0,10,0.005,140,-10,10,3000,1,FALSE,multiplicative,0.1,0.4,1,fractal,0.1,0.01
1
30344514,2026_09_04 14:53:44,18114187_565,565,Basemap 1 experiment,82,1,347,2,20000,14.8873728104569,0.001,0.05,0,10,0.005,140,-10,10,3000,1,FALSE,multiplicative,0.1,0.4,1,fractal,0.1,0.01
51029453,2026_09_04 14:53:44,18114187_492,492,Basemap 1 experiment,109,1,401,2,20000,2214.41126133434,0.001,0.05,0,10,0.005,140,-10,10,3000,1,FALSE,multiplicative,0.1,0.8,6,fractal,0.1,0.01
42938269,2026_09_04 14:53:44,18114187_491,491,Basemap 1 experiment,108,1,399,2,20000,979.701436530544,0.001,0.05,0,10,0.005,140,-10,10,3000,1,FALSE,multiplicative,0.1,0.8,6,fractal,0.1,0.01
88628254,2026_09_04 14:53:44,18114187_490,490,Basemap 1 experiment,107,1,397,2,20000,1815.12848889598,0.001,0.05,0,10,0.005,140,-10,10,3000,1,FALSE,multiplicative,0.1,0.8,6,fractal,0.1,0.01
78846647,2026_09_04 14:53:45,18114187_527,527,Basemap 1 experiment,44,1,271,2,20000,3101.53415000135,0.001,0.05,0,10,0.005,140,-10,10,3000,1,FALSE,multiplicative,0.1,0.4,1,fractal,0.1,0.01
76006456,2026_09_04 14:53:46,18114187_571,571,Basemap 1 experiment,88,1,359,2,20000,14.8311357768182,0.001,0.05,0,10,0.005,140,-10,10,3000,1,FALSE,multiplicative,0.1,0.4,1,fractal,0.1,0.01
29877282,2026_09_04 14:53:47,18114187_488,488,Basemap 1 experiment,105,1,393,2,20000,1094.94483397396,0.001,0.05,0,10,0.005,140,-10,10,3000,1,FALSE,multiplicative,0.1,0.8,6,fractal,0.1,0.01
39556429,2026_09_04 14:53:47,18114187_489,489,Basemap 1 experiment,106,1,395,2,20000,2676.26153751617,0.001,0.05,0,10,0.005,140,-10,10,3000,1,FALSE,multiplicative,0.1,0.8,6,fractal,0.1,0.01
89055753,2026_09_04 14:53:47,18114187_528,528,Basemap 1 experiment,45,1,273,2,20000,1108.5204837492,0.001,0.05,0,10,0.005,140,-10,10,3000,1,FALSE,multiplicative,0.1,0.4,1,fractal,0.1,0.01
1
36694892,2026_09_04 14:53:47,18114187_486,486,Basemap 1 experiment,103,1,389,2,20000,14.7332078882533,0.001,0.05,0,10,0.005,140,-10,10,3000,1,FALSE,multiplicative,0.1,0.8,6,fractal,0.1,0.01
19482350,2026_09_04 14:53:47,18114187_520,520,Basemap 1 experiment,37,1,257,2,20000,854.956070927776,0.001,0.05,0,10,0.005,140,-10,10,3000,1,FALSE,multiplicative,0.1,0.4,1,fractal,0.1,0.01
54575308,2026_09_04 14:53:47,18114187_514,514,Basemap 1 experiment,31,1,245,2,20000,1482.72976514484,0.001,0.05,0,10,0.005,140,-10,10,3000,1,FALSE,multiplicative,0.1,0.4,1,fractal,0.1,0.01
77636603,2026_09_04 14:53:47,18114187_519,519,Basemap 1 experiment,36,1,255,2,20000,1348.45815982213,0.001,0.05,0,10,0.005,140,-10,10,3000,1,FALSE,multiplicative,0.1,0.4,1,fractal,0.1,0.01
90489987,2026_09_04 14:53:47,18114187_518,518,Basemap 1 experiment,35,1,253,2,20000,966.142650706626,0.001,0.05,0,10,0.005,140,-10,10,3000,1,FALSE,multiplicative,0.1,0.4,1,fractal,0.1,0.01
93940404,2026_09_04 14:53:47,18114187_516,516,Basemap 1 experiment,33,1,249,2,20000,895.666479211213,0.001,0.05,0,10,0.005,140,-10,10,3000,1,FALSE,multiplicative,0.1,0.4,1,fractal,0.1,0.01
60207930,2026_09_04 14:53:47,18114187_515,515,Basemap 1 experiment,32,1,247,2,20000,1064.41620299084,0.001,0.05,0,10,0.005,140,-10,10,3000,1,FALSE,multiplicative,0.1,0.4,1,fractal,0.1,0.01
81423507,2026_09_04 14:53:47,18114187_517,517,Basemap 1 experiment,34,1,251,2,20000,2354.09468048382,0.001,0.05,0,10,0.005,140,-10,10,3000,1,FALSE,multiplicative,0.1,0.4,1,fractal,0.1,0.01
17495617,2026_09_04 14:53:47,18114187_507,507,Basemap 1 experiment,24,1,231,2,20000,1088.67020623715,0.001,0.05,0,10,0.005,140,-10,10,3000,1,FALSE,multiplicative,0.1,0.4,1,fractal,0.1,0.01
98391643,2026_09_04 14:53:47,18114187_504,504,Basemap 1 experiment,21,1,225,2,20000,2068.54522018042,0.001,0.05,0,10,0.005,140,-10,10,3000,1,FALSE,multiplicative,0.1,0.4,1,fractal,0.1,0.01
65798734,2026_09_04 14:53:47,18114187_505,505,Basemap 1 experiment,22,1,227,2,20000,1405.91239235663,0.001,0.05,0,10,0.005,140,-10,10,3000,1,FALSE,multiplicative,0.1,0.4,1,fractal,0.1,0.01
10621048,2026_09_04 14:53:47,18114187_506,506,Basemap 1 experiment,23,1,229,2,20000,14.9739230561787,0.001,0.05,0,10,0.005,140,-10,10,3000,1,FALSE,multiplicative,0.1,0.4,1,fractal,0.1,0.01
11576710,2026_09_04 14:53:47,18114187_503,503,Basemap 1 experiment,20,1,223,2,20000,1975.70162000982,0.001,0.05,0,10,0.005,140,-10,10,3000,1,FALSE,multiplicative,0.1,0.4,1,fractal,0.1,0.01
12740358,2026_09_04 14:53:48,18114187_583,583,Basemap 1 experiment,100,1,383,2,20000,1073.33983244526,0.001,0.05,0,10,0.005,140,-10,10,3000,1,FALSE,multiplicative,0.1,0.4,1,fractal,0.1,0.01
48726651,2026_09_04 14:53:48,18114187_526,526,Basemap 1 experiment,43,1,269,2,20000,1288.94713367896,0.001,0.05,0,10,0.005,140,-10,10,3000,1,FALSE,multiplicative,0.1,0.4,1,fractal,0.1,0.01
23141977,2026_09_04 14:53:48,18114187_525,525,Basemap 1 experiment,42,1,267,2,20000,14.8951873009222,0.001,0.05,0,10,0.005,140,-10,10,3000,1,FALSE,multiplicative,0.1,0.4,1,fractal,0.1,0.01
82533724,2026_09_04 14:53:49,18114187_500,500,Basemap 1 experiment,117,1,417,2,20000,14.6637978395499,0.001,0.05,0,10,0.005,140,-10,10,3000,1,FALSE,multiplicative,0.1,0.8,6,fractal,0.1,0.01
47363747,2026_09_04 14:53:49,18114187_498,498,Basemap 1 experiment,115,1,413,2,20000,878.248865366414,0.001,0.05,0,10,0.005,140,-10,10,3000,1,FALSE,multiplicative,0.1,0.8,6,fractal,0.1,0.01
16124776,2026_09_04 14:53:49,18114187_499,499,Basemap 1 experiment,116,1,415,2,20000,792.537994360818,0.001,0.05,0,10,0.005,140,-10,10,3000,1,FALSE,multiplicative,0.1,0.8,6,fractal,0.1,0.01
19823273,2026_09_04 14:53:49,18114187_535,535,Basemap 1 experiment,52,1,287,2,20000,2113.50059557868,0.001,0.05,0,10,0.005,140,-10,10,3000,1,FALSE,multiplicative,0.1,0.4,1,fractal,0.1,0.01
78667082,2026_09_04 14:53:49,18114187_536,536,Basemap 1 experiment,53,1,289,2,20000,2662.07889589694,0.001,0.05,0,10,0.005,140,-10,10,3000,1,FALSE,multiplicative,0.1,0.4,1,fractal,0.1,0.01
49823228,2026_09_04 14:53:49,18114187_531,531,Basemap 1 experiment,48,1,279,2,20000,2361.03050749552,0.001,0.05,0,10,0.005,140,-10,10,3000,1,FALSE,multiplicative,0.1,0.4,1,fractal,0.1,0.01
61898770,2026_09_04 14:53:49,18114187_537,537,Basemap 1 experiment,54,1,291,2,20000,3013.22019097841,0.001,0.05,0,10,0.005,140,-10,10,3000,1,FALSE,multiplicative,0.1,0.4,1,fractal,0.1,0.01
35431551,2026_09_04 14:53:49,18114187_534,534,Basemap 1 experiment,51,1,285,2,20000,14.7339675330832,0.001,0.05,0,10,0.005,140,-10,10,3000,1,FALSE,multiplicative,0.1,0.4,1,fractal,0.1,0.01
57195054,2026_09_04 14:53:49,18114187_533,533,Basemap 1 experiment,50,1,283,2,20000,953.072690831937,0.001,0.05,0,10,0.005,140,-10,10,3000,1,FALSE,multiplicative,0.1,0.4,1,fractal,0.1,0.01
67521267,2026_09_04 14:53:49,18114187_541,541,Basemap 1 experiment,58,1,299,2,20000,1053.51677407167,0.001,0.05,0,10,0.005,140,-10,10,3000,1,FALSE,multiplicative,0.1,0.4,1,fractal,0.1,0.01
99682631,2026_09_04 14:53:49,18114187_532,532,Basemap 1 experiment,49,1,281,2,20000,2818.50099909916,0.001,0.05,0,10,0.005,140,-10,10,3000,1,FALSE,multiplicative,0.1,0.4,1,fractal,0.1,0.01
11050119,2026_09_04 14:53:49,18114187_540,540,Basemap 1 experiment,57,1,297,2,20000,14.5535716001118,0.001,0.05,0,10,0.005,140,-10,10,3000,1,FALSE,multiplicative,0.1,0.4,1,fractal,0.1,0.01
23619971,2026_09_04 14:53:49,18114187_539,539,Basemap 1 experiment,56,1,295,2,20000,2187.04488736504,0.001,0.05,0,10,0.005,140,-10,10,3000,1,FALSE,multiplicative,0.1,0.4,1,fractal,0.1,0.01
86211097,2026_09_04 14:53:49,18114187_538,538,Basemap 1 experiment,55,1,293,2,20000,15.9661291621639,0.001,0.05,0,10,0.005,140,-10,10,3000,1,FALSE,multiplicative,0.1,0.4,1,fractal,0.1,0.01
33214230,2026_09_04 14:53:50,18114187_572,572,Basemap 1 experiment,89,1,361,2,20000,732.621622943574,0.001,0.05,0,10,0.005,140,-10,10,3000,1,FALSE,multiplicative,0.1,0.4,1,fractal,0.1,0.01
56044570,2026_09_04 14:53:50,18114187_579,579,Basemap 1 experiment,96,1,375,2,20000,14.7329802949794,0.001,0.05,0,10,0.005,140,-10,10,3000,1,FALSE,multiplicative,0.1,0.4,1,fractal,0.1,0.01
29576482,2026_09_04 14:53:50,18114187_580,580,Basemap 1 experiment,97,1,377,2,20000,1796.46487976205,0.001,0.05,0,10,0.005,140,-10,10,3000,1,FALSE,multiplicative,0.1,0.4,1,fractal,0.1,0.01
74591119,2026_09_04 14:53:50,18114187_573,573,Basemap 1 experiment,90,1,363,2,20000,2388.83146931255,0.001,0.05,0,10,0.005,140,-10,10,3000,1,FALSE,multiplicative,0.1,0.4,1,fractal,0.1,0.01
24480326,2026_09_04 14:53:50,18114187_582,582,Basemap 1 experiment,99,1,381,2,20000,1879.67437869816,0.001,0.05,0,10,0.005,140,-10,10,3000,1,FALSE,multiplicative,0.1,0.4,1,fractal,0.1,0.01
23466611,2026_09_04 14:53:50,18114187_577,577,Basemap 1 experiment,94,1,371,2,20000,2294.46581829664,0.001,0.05,0,10,0.005,140,-10,10,3000,1,FALSE,multiplicative,0.1,0.4,1,fractal,0.1,0.01
34893704,2026_09_04 14:53:50,18114187_576,576,Basemap 1 experiment,93,1,369,2,20000,1266.70917312372,0.001,0.05,0,10,0.005,140,-10,10,3000,1,FALSE,multiplicative,0.1,0.4,1,fractal,0.1,0.01
31991841,2026_09_04 14:53:50,18114187_574,574,Basemap 1 experiment,91,1,365,2,20000,15.5011546902045,0.001,0.05,0,10,0.005,140,-10,10,3000,1,FALSE,multiplicative,0.1,0.4,1,fractal,0.1,0.01
33113936,2026_09_04 14:53:50,18114187_581,581,Basemap 1 experiment,98,1,379,2,20000,3121.51439344387,0.001,0.05,0,10,0.005,140,-10,10,3000,1,FALSE,multiplicative,0.1,0.4,1,fractal,0.1,0.01
33447456,2026_09_04 14:53:50,18114187_575,575,Basemap 1 experiment,92,1,367,2,20000,2182.85975054977,0.001,0.05,0,10,0.005,140,-10,10,3000,1,FALSE,multiplicative,0.1,0.4,1,fractal,0.1,0.01
82091460,2026_09_04 14:53:50,18114187_578,578,Basemap 1 experiment,95,1,373,2,20000,2604.95726509002,0.001,0.05,0,10,0.005,140,-10,10,3000,1,FALSE,multiplicative,0.1,0.4,1,fractal,0.1,0.01
72941406,2026_09_04 14:53:51,18114187_568,568,Basemap 1 experiment,85,1,353,2,20000,2776.01808143847,0.001,0.05,0,10,0.005,140,-10,10,3000,1,FALSE,multiplicative,0.1,0.4,1,fractal,0.1,0.01
14337915,2026_09_04 14:53:51,18114187_567,567,Basemap 1 experiment,84,1,351,2,20000,2033.78394362798,0.001,0.05,0,10,0.005,140,-10,10,3000,1,FALSE,multiplicative,0.1,0.4,1,fractal,0.1,0.01
17358246,2026_09_04 14:53:51,18114187_566,566,Basemap 1 experiment,83,1,349,2,20000,2854.29888941966,0.001,0.05,0,10,0.005,140,-10,10,3000,1,FALSE,multiplicative,0.1,0.4,1,fractal,0.1,0.01
42230376,2026_09_04 14:53:51,18114187_569,569,Basemap 1 experiment,86,1,355,2,20000,14.9918495454571,0.001,0.05,0,10,0.005,140,-10,10,3000,1,FALSE,multiplicative,0.1,0.4,1,fractal,0.1,0.01
84516319,2026_09_04 14:57:47,18114187_618,618,Basemap 1 experiment,35,1,253,2,20000,966.142650706626,0.001,0.05,0,10,0.005,140,-10,10,3000,1,FALSE,multiplicative,0.1,0.4,6,fractal,0.05,0.01
38108673,2026_09_04 14:57:47,18114187_617,617,Basemap 1 experiment,34,1,251,2,20000,2354.09468048382,0.001,0.05,0,10,0.005,140,-10,10,3000,1,FALSE,multiplicative,0.1,0.4,6,fractal,0.05,0.01
16914894,2026_09_04 14:57:47,18114187_619,619,Basemap 1 experiment,36,1,255,2,20000,1348.45815982213,0.001,0.05,0,10,0.005,140,-10,10,3000,1,FALSE,multiplicative,0.1,0.4,6,fractal,0.05,0.01
55467441,2026_09_04 14:57:49,18114187_620,620,Basemap 1 experiment,37,1,257,2,20000,854.956070927776,0.001,0.05,0,10,0.005,140,-10,10,3000,1,FALSE,multiplicative,0.1,0.4,6,fractal,0.05,0.01
31894550,2026_09_04 14:57:49,18114187_616,616,Basemap 1 experiment,33,1,249,2,20000,895.666479211213,0.001,0.05,0,10,0.005,140,-10,10,3000,1,FALSE,multiplicative,0.1,0.4,6,fractal,0.05,0.01
11924185,2026_09_04 14:57:49,18114187_615,615,Basemap 1 experiment,32,1,247,2,20000,1064.41620299084,0.001,0.05,0,10,0.005,140,-10,10,3000,1,FALSE,multiplicative,0.1,0.4,6,fractal,0.05,0.01
15685052,2026_09_04 14:57:49,18114187_597,597,Basemap 1 experiment,114,1,411,2,20000,14.566098673372,0.001,0.05,0,10,0.005,140,-10,10,3000,1,FALSE,multiplicative,0.1,0.4,1,fractal,0.1,0.01
51735806,2026_09_04 14:57:50,18114187_598,598,Basemap 1 experiment,115,1,413,2,20000,878.248865366414,0.001,0.05,0,10,0.005,140,-10,10,3000,1,FALSE,multiplicative,0.1,0.4,1,fractal,0.1,0.01
40808328,2026_09_04 14:57:49,18114187_593,593,Basemap 1 experiment,110,1,403,2,20000,14.8381932788461,0.001,0.05,0,10,0.005,140,-10,10,3000,1,FALSE,multiplicative,0.1,0.4,1,fractal,0.1,0.01
58933600,2026_09_04 14:57:49,18114187_592,592,Basemap 1 experiment,109,1,401,2,20000,2214.41126133434,0.001,0.05,0,10,0.005,140,-10,10,3000,1,FALSE,multiplicative,0.1,0.4,1,fractal,0.1,0.01
50176796,2026_09_04 14:57:49,18114187_584,584,Basemap 1 experiment,101,1,385,2,20000,14.7267497762107,0.001,0.05,0,10,0.005,140,-10,10,3000,1,FALSE,multiplicative,0.1,0.4,1,fractal,0.1,0.01
58406180,2026_09_04 14:57:51,18114187_594,594,Basemap 1 experiment,111,1,405,2,20000,987.859062425916,0.001,0.05,0,10,0.005,140,-10,10,3000,1,FALSE,multiplicative,0.1,0.4,1,fractal,0.1,0.01
66100573,2026_09_04 14:57:51,18114187_623,623,Basemap 1 experiment,40,1,263,2,20000,2354.90547702861,0.001,0.05,0,10,0.005,140,-10,10,3000,1,FALSE,multiplicative,0.1,0.4,6,fractal,0.05,0.01
86539993,2026_09_04 14:57:51,18114187_621,621,Basemap 1 experiment,38,1,259,2,20000,760.415213867477,0.001,0.05,0,10,0.005,140,-10,10,3000,1,FALSE,multiplicative,0.1,0.4,6,fractal,0.05,0.01
63529872,2026_09_04 14:57:51,18114187_622,622,Basemap 1 experiment,39,1,261,2,20000,788.847660211343,0.001,0.05,0,10,0.005,140,-10,10,3000,1,FALSE,multiplicative,0.1,0.4,6,fractal,0.05,0.01
81215160,2026_09_04 14:57:51,18114187_624,624,Basemap 1 experiment,41,1,265,2,20000,3285.6501400137,0.001,0.05,0,10,0.005,140,-10,10,3000,1,FALSE,multiplicative,0.1,0.4,6,fractal,0.05,0.01
40653915,2026_09_04 14:57:51,18114187_590,590,Basemap 1 experiment,107,1,397,2,20000,1815.12848889598,0.001,0.05,0,10,0.005,140,-10,10,3000,1,FALSE,multiplicative,0.1,0.4,1,fractal,0.1,0.01
62107690,2026_09_04 14:57:51,18114187_591,591,Basemap 1 experiment,108,1,399,2,20000,979.701436530544,0.001,0.05,0,10,0.005,140,-10,10,3000,1,FALSE,multiplicative,0.1,0.4,1,fractal,0.1,0.01
70598812,2026_09_04 14:57:51,18114187_589,589,Basemap 1 experiment,106,1,395,2,20000,2676.26153751617,0.001,0.05,0,10,0.005,140,-10,10,3000,1,FALSE,multiplicative,0.1,0.4,1,fractal,0.1,0.01
19029919,2026_09_04 14:57:51,18114187_588,588,Basemap 1 experiment,105,1,393,2,20000,1094.94483397396,0.001,0.05,0,10,0.005,140,-10,10,3000,1,FALSE,multiplicative,0.1,0.4,1,fractal,0.1,0.01
48893921,2026_09_04 14:57:51,18114187_587,587,Basemap 1 experiment,104,1,391,2,20000,3129.69733828298,0.001,0.05,0,10,0.005,140,-10,10,3000,1,FALSE,multiplicative,0.1,0.4,1,fractal,0.1,0.01
38861249,2026_09_04 14:57:51,18114187_596,596,Basemap 1 experiment,113,1,409,2,20000,1465.74148443907,0.001,0.05,0,10,0.005,140,-10,10,3000,1,FALSE,multiplicative,0.1,0.4,1,fractal,0.1,0.01
57502460,2026_09_04 14:57:51,18114187_595,595,Basemap 1 experiment,112,1,407,2,20000,757.718655414366,0.001,0.05,0,10,0.005,140,-10,10,3000,1,FALSE,multiplicative,0.1,0.4,1,fractal,0.1,0.01
17674436,2026_09_04 14:57:51,18114187_585,585,Basemap 1 experiment,102,1,387,2,20000,2510.66056126296,0.001,0.05,0,10,0.005,140,-10,10,3000,1,FALSE,multiplicative,0.1,0.4,1,fractal,0.1,0.01
34296818,2026_09_04 14:57:51,18114187_627,627,Basemap 1 experiment,44,1,271,2,20000,3101.53415000135,0.001,0.05,0,10,0.005,140,-10,10,3000,1,FALSE,multiplicative,0.1,0.4,6,fractal,0.05,0.01
49054827,2026_09_04 14:57:51,18114187_628,628,Basemap 1 experiment,45,1,273,2,20000,1108.5204837492,0.001,0.05,0,10,0.005,140,-10,10,3000,1,FALSE,multiplicative,0.1,0.4,6,fractal,0.05,0.01
60321185,2026_09_04 14:57:52,18114187_586,586,Basemap 1 experiment,103,1,389,2,20000,14.7332078882533,0.001,0.05,0,10,0.005,140,-10,10,3000,1,FALSE,multiplicative,0.1,0.4,1,fractal,0.1,0.01
52549771,2026_09_04 14:57:52,18114187_599,599,Basemap 1 experiment,116,1,415,2,20000,792.537994360818,0.001,0.05,0,10,0.005,140,-10,10,3000,1,FALSE,multiplicative,0.1,0.4,1,fractal,0.1,0.01
93607795,2026_09_04 14:57:52,18114187_600,600,Basemap 1 experiment,117,1,417,2,20000,14.6637978395499,0.001,0.05,0,10,0.005,140,-10,10,3000,1,FALSE,multiplicative,0.1,0.4,1,fractal,0.1,0.01
42413482,2026_09_04 14:57:52,18114187_668,668,Basemap 1 experiment,85,1,353,2,20000,2776.01808143847,0.001,0.05,0,10,0.005,140,-10,10,3000,1,FALSE,multiplicative,0.1,0.4,6,fractal,0.05,0.01
82149211,2026_09_04 14:57:53,18114187_639,639,Basemap 1 experiment,56,1,295,2,20000,2187.04488736504,0.001,0.05,0,10,0.005,140,-10,10,3000,1,FALSE,multiplicative,0.1,0.4,6,fractal,0.05,0.01
97077189,2026_09_04 14:57:53,18114187_641,641,Basemap 1 experiment,58,1,299,2,20000,1053.51677407167,0.001,0.05,0,10,0.005,140,-10,10,3000,1,FALSE,multiplicative,0.1,0.4,6,fractal,0.05,0.01
41751366,2026_09_04 14:57:53,18114187_640,640,Basemap 1 experiment,57,1,297,2,20000,14.5535716001118,0.001,0.05,0,10,0.005,140,-10,10,3000,1,FALSE,multiplicative,0.1,0.4,6,fractal,0.05,0.01
87772954,2026_09_04 14:57:53,18114187_642,642,Basemap 1 experiment,59,1,301,2,20000,2167.86536095686,0.001,0.05,0,10,0.005,140,-10,10,3000,1,FALSE,multiplicative,0.1,0.4,6,fractal,0.05,0.01
96140599,2026_09_04 14:57:53,18114187_643,643,Basemap 1 experiment,60,1,303,2,20000,14.4715818079739,0.001,0.05,0,10,0.005,140,-10,10,3000,1,FALSE,multiplicative,0.1,0.4,6,fractal,0.05,0.01
25295558,2026_09_04 14:57:53,18114187_644,644,Basemap 1 experiment,61,1,305,2,20000,14.47456787638,0.001,0.05,0,10,0.005,140,-10,10,3000,1,FALSE,multiplicative,0.1,0.4,6,fractal,0.05,0.01
57092342,2026_09_04 14:57:53,18114187_638,638,Basemap 1 experiment,55,1,293,2,20000,15.9661291621639,0.001,0.05,0,10,0.005,140,-10,10,3000,1,FALSE,multiplicative,0.1,0.4,6,fractal,0.05,0.01
85620934,2026_09_04 14:57:53,18114187_648,648,Basemap 1 experiment,65,1,313,2,20000,2427.2997487573,0.001,0.05,0,10,0.005,140,-10,10,3000,1,FALSE,multiplicative,0.1,0.4,6,fractal,0.05,0.01
54125932,2026_09_04 14:57:53,18114187_649,649,Basemap 1 experiment,66,1,315,2,20000,928.031403881146,0.001,0.05,0,10,0.005,140,-10,10,3000,1,FALSE,multiplicative,0.1,0.4,6,fractal,0.05,0.01
70791053,2026_09_04 14:57:53,18114187_667,667,Basemap 1 experiment,84,1,351,2,20000,2033.78394362798,0.001,0.05,0,10,0.005,140,-10,10,3000,1,FALSE,multiplicative,0.1,0.4,6,fractal,0.05,0.01
21586267,2026_09_04 14:57:52,18114187_606,606,Basemap 1 experiment,23,1,229,2,20000,14.9739230561787,0.001,0.05,0,10,0.005,140,-10,10,3000,1,FALSE,multiplicative,0.1,0.4,6,fractal,0.05,0.01
72826972,2026_09_04 14:57:52,18114187_602,602,Basemap 1 experiment,19,1,221,2,20000,2040.87642025976,0.001,0.05,0,10,0.005,140,-10,10,3000,1,FALSE,multiplicative,0.1,0.4,6,fractal,0.05,0.01
17864079,2026_09_04 14:57:52,18114187_605,605,Basemap 1 experiment,22,1,227,2,20000,1405.91239235663,0.001,0.05,0,10,0.005,140,-10,10,3000,1,FALSE,multiplicative,0.1,0.4,6,fractal,0.05,0.01
16525175,2026_09_04 14:57:52,18114187_603,603,Basemap 1 experiment,20,1,223,2,20000,1975.70162000982,0.001,0.05,0,10,0.005,140,-10,10,3000,1,FALSE,multiplicative,0.1,0.4,6,fractal,0.05,0.01
27273826,2026_09_04 14:57:52,18114187_609,609,Basemap 1 experiment,26,1,235,2,20000,1462.27553065958,0.001,0.05,0,10,0.005,140,-10,10,3000,1,FALSE,multiplicative,0.1,0.4,6,fractal,0.05,0.01
89175843,2026_09_04 14:57:52,18114187_607,607,Basemap 1 experiment,24,1,231,2,20000,1088.67020623715,0.001,0.05,0,10,0.005,140,-10,10,3000,1,FALSE,multiplicative,0.1,0.4,6,fractal,0.05,0.01
88992212,2026_09_04 14:57:52,18114187_604,604,Basemap 1 experiment,21,1,225,2,20000,2068.54522018042,0.001,0.05,0,10,0.005,140,-10,10,3000,1,FALSE,multiplicative,0.1,0.4,6,fractal,0.05,0.01
35777701,2026_09_04 14:57:52,18114187_608,608,Basemap 1 experiment,25,1,233,2,20000,15.423038594191,0.001,0.05,0,10,0.005,140,-10,10,3000,1,FALSE,multiplicative,0.1,0.4,6,fractal,0.05,0.01
17667736,2026_09_04 14:57:54,18114187_654,654,Basemap 1 experiment,71,1,325,2,20000,2649.90910431587,0.001,0.05,0,10,0.005,140,-10,10,3000,1,FALSE,multiplicative,0.1,0.4,6,fractal,0.05,0.01
52455906,2026_09_04 14:57:54,18114187_653,653,Basemap 1 experiment,70,1,323,2,20000,1375.69893375713,0.001,0.05,0,10,0.005,140,-10,10,3000,1,FALSE,multiplicative,0.1,0.4,6,fractal,0.05,0.01
12359705,2026_09_04 14:57:54,18114187_614,614,Basemap 1 experiment,31,1,245,2,20000,1482.72976514484,0.001,0.05,0,10,0.005,140,-10,10,3000,1,FALSE,multiplicative,0.1,0.4,6,fractal,0.05,0.01
56849580,2026_09_04 14:57:54,18114187_613,613,Basemap 1 experiment,30,1,243,2,20000,1512.65862780803,0.001,0.05,0,10,0.005,140,-10,10,3000,1,FALSE,multiplicative,0.1,0.4,6,fractal,0.05,0.01
51094329,2026_09_04 14:57:54,18114187_611,611,Basemap 1 experiment,28,1,239,2,20000,2860.16229692603,0.001,0.05,0,10,0.005,140,-10,10,3000,1,FALSE,multiplicative,0.1,0.4,6,fractal,0.05,0.01
78051546,2026_09_04 14:57:54,18114187_612,612,Basemap 1 experiment,29,1,241,2,20000,1992.10608873458,0.001,0.05,0,10,0.005,140,-10,10,3000,1,FALSE,multiplicative,0.1,0.4,6,fractal,0.05,0.01
80774779,2026_09_04 14:57:54,18114187_601,601,Basemap 1 experiment,18,1,219,2,20000,989.370247371698,0.001,0.05,0,10,0.005,140,-10,10,3000,1,FALSE,multiplicative,0.1,0.4,6,fractal,0.05,0.01
30630514,2026_09_04 14:57:55,18114187_637,637,Basemap 1 experiment,54,1,291,2,20000,3013.22019097841,0.001,0.05,0,10,0.005,140,-10,10,3000,1,FALSE,multiplicative,0.1,0.4,6,fractal,0.05,0.01
30801159,2026_09_04 14:57:55,18114187_650,650,Basemap 1 experiment,67,1,317,2,20000,1785.51345896885,0.001,0.05,0,10,0.005,140,-10,10,3000,1,FALSE,multiplicative,0.1,0.4,6,fractal,0.05,0.01
99264880,2026_09_04 14:57:55,18114187_651,651,Basemap 1 experiment,68,1,319,2,20000,14.583629646427,0.001,0.05,0,10,0.005,140,-10,10,3000,1,FALSE,multiplicative,0.1,0.4,6,fractal,0.05,0.01
23425388,2026_09_04 14:57:55,18114187_664,664,Basemap 1 experiment,81,1,345,2,20000,1260.64243121824,0.001,0.05,0,10,0.005,140,-10,10,3000,1,FALSE,multiplicative,0.1,0.4,6,fractal,0.05,0.01
46890072,2026_09_04 14:57:55,18114187_663,663,Basemap 1 experiment,80,1,343,2,20000,14.9183643511873,0.001,0.05,0,10,0.005,140,-10,10,3000,1,FALSE,multiplicative,0.1,0.4,6,fractal,0.05,0.01
94496370,2026_09_04 14:57:55,18114187_665,665,Basemap 1 experiment,82,1,347,2,20000,14.8873728104569,0.001,0.05,0,10,0.005,140,-10,10,3000,1,FALSE,multiplicative,0.1,0.4,6,fractal,0.05,0.01
20018969,2026_09_04 14:57:55,18114187_666,666,Basemap 1 experiment,83,1,349,2,20000,2854.29888941966,0.001,0.05,0,10,0.005,140,-10,10,3000,1,FALSE,multiplicative,0.1,0.4,6,fractal,0.05,0.01
18817863,2026_09_04 14:57:55,18114187_660,660,Basemap 1 experiment,77,1,337,2,20000,2375.37591174792,0.001,0.05,0,10,0.005,140,-10,10,3000,1,FALSE,multiplicative,0.1,0.4,6,fractal,0.05,0.01
85577753,2026_09_04 14:57:55,18114187_661,661,Basemap 1 experiment,78,1,339,2,20000,14.6890577881868,0.001,0.05,0,10,0.005,140,-10,10,3000,1,FALSE,multiplicative,0.1,0.4,6,fractal,0.05,0.01
54073162,2026_09_04 14:57:55,18114187_656,656,Basemap 1 experiment,73,1,329,2,20000,2066.89530504284,0.001,0.05,0,10,0.005,140,-10,10,3000,1,FALSE,multiplicative,0.1,0.4,6,fractal,0.05,0.01
78781454,2026_09_04 14:57:55,18114187_655,655,Basemap 1 experiment,72,1,327,2,20000,14.8966338695355,0.001,0.05,0,10,0.005,140,-10,10,3000,1,FALSE,multiplicative,0.1,0.4,6,fractal,0.05,0.01
59484588,2026_09_04 14:57:55,18114187_626,626,Basemap 1 experiment,43,1,269,2,20000,1288.94713367896,0.001,0.05,0,10,0.005,140,-10,10,3000,1,FALSE,multiplicative,0.1,0.4,6,fractal,0.05,0.01
27415088,2026_09_04 14:57:55,18114187_625,625,Basemap 1 experiment,42,1,267,2,20000,14.8951873009222,0.001,0.05,0,10,0.005,140,-10,10,3000,1,FALSE,multiplicative,0.1,0.4,6,fractal,0.05,0.01
40690323,2026_09_04 14:57:55,18114187_658,658,Basemap 1 experiment,75,1,333,2,20000,14.8609912017103,0.001,0.05,0,10,0.005,140,-10,10,3000,1,FALSE,multiplicative,0.1,0.4,6,fractal,0.05,0.01
84944392,2026_09_04 14:57:55,18114187_657,657,Basemap 1 experiment,74,1,331,2,20000,16.276738582679,0.001,0.05,0,10,0.005,140,-10,10,3000,1,FALSE,multiplicative,0.1,0.4,6,fractal,0.05,0.01
21427607,2026_09_04 14:57:57,18114187_652,652,Basemap 1 experiment,69,1,321,2,20000,1150.41460926698,0.001,0.05,0,10,0.005,140,-10,10,3000,1,FALSE,multiplicative,0.1,0.4,6,fractal,0.05,0.01
15401450,2026_09_04 14:57:56,18114187_630,630,Basemap 1 experiment,47,1,277,2,20000,2587.66701005728,0.001,0.05,0,10,0.005,140,-10,10,3000,1,FALSE,multiplicative,0.1,0.4,6,fractal,0.05,0.01
93996205,2026_09_04 14:57:56,18114187_631,631,Basemap 1 experiment,48,1,279,2,20000,2361.03050749552,0.001,0.05,0,10,0.005,140,-10,10,3000,1,FALSE,multiplicative,0.1,0.4,6,fractal,0.05,0.01
56674829,2026_09_04 14:57:56,18114187_629,629,Basemap 1 experiment,46,1,275,2,20000,1737.05134942494,0.001,0.05,0,10,0.005,140,-10,10,3000,1,FALSE,multiplicative,0.1,0.4,6,fractal,0.05,0.01
99380939,2026_09_04 14:57:56,18114187_632,632,Basemap 1 experiment,49,1,281,2,20000,2818.50099909916,0.001,0.05,0,10,0.005,140,-10,10,3000,1,FALSE,multiplicative,0.1,0.4,6,fractal,0.05,0.01
94368306,2026_09_04 14:57:56,18114187_633,633,Basemap 1 experiment,50,1,283,2,20000,953.072690831937,0.001,0.05,0,10,0.005,140,-10,10,3000,1,FALSE,multiplicative,0.1,0.4,6,fractal,0.05,0.01
67050191,2026_09_04 14:57:56,18114187_647,647,Basemap 1 experiment,64,1,311,2,20000,2723.48430455325,0.001,0.05,0,10,0.005,140,-10,10,3000,1,FALSE,multiplicative,0.1,0.4,6,fractal,0.05,0.01
54091546,2026_09_04 14:57:56,18114187_646,646,Basemap 1 experiment,63,1,309,2,20000,1378.05320800907,0.001,0.05,0,10,0.005,140,-10,10,3000,1,FALSE,multiplicative,0.1,0.4,6,fractal,0.05,0.01
70067886,2026_09_04 14:57:56,18114187_645,645,Basemap 1 experiment,62,1,307,2,20000,1946.50704820748,0.001,0.05,0,10,0.005,140,-10,10,3000,1,FALSE,multiplicative,0.1,0.4,6,fractal,0.05,0.01
38905516,2026_09_04 14:57:57,18114187_676,676,Basemap 1 experiment,93,1,369,2,20000,1266.70917312372,0.001,0.05,0,10,0.005,140,-10,10,3000,1,FALSE,multiplicative,0.1,0.4,6,fractal,0.05,0.01
15361401,2026_09_04 14:57:57,18114187_678,678,Basemap 1 experiment,95,1,373,2,20000,2604.95726509002,0.001,0.05,0,10,0.005,140,-10,10,3000,1,FALSE,multiplicative,0.1,0.4,6,fractal,0.05,0.01
46546474,2026_09_04 14:57:57,18114187_682,682,Basemap 1 experiment,99,1,381,2,20000,1879.67437869816,0.001,0.05,0,10,0.005,140,-10,10,3000,1,FALSE,multiplicative,0.1,0.4,6,fractal,0.05,0.01
52998362,2026_09_04 14:57:57,18114187_681,681,Basemap 1 experiment,98,1,379,2,20000,3121.51439344387,0.001,0.05,0,10,0.005,140,-10,10,3000,1,FALSE,multiplicative,0.1,0.4,6,fractal,0.05,0.01
90815926,2026_09_04 14:57:57,18114187_679,679,Basemap 1 experiment,96,1,375,2,20000,14.7329802949794,0.001,0.05,0,10,0.005,140,-10,10,3000,1,FALSE,multiplicative,0.1,0.4,6,fractal,0.05,0.01
72110697,2026_09_04 14:57:57,18114187_680,680,Basemap 1 experiment,97,1,377,2,20000,1796.46487976205,0.001,0.05,0,10,0.005,140,-10,10,3000,1,FALSE,multiplicative,0.1,0.4,6,fractal,0.05,0.01
86750650,2026_09_04 14:57:57,18114187_677,677,Basemap 1 experiment,94,1,371,2,20000,2294.46581829664,0.001,0.05,0,10,0.005,140,-10,10,3000,1,FALSE,multiplicative,0.1,0.4,6,fractal,0.05,0.01
60184817,2026_09_04 14:57:57,18114187_675,675,Basemap 1 experiment,92,1,367,2,20000,2182.85975054977,0.001,0.05,0,10,0.005,140,-10,10,3000,1,FALSE,multiplicative,0.1,0.4,6,fractal,0.05,0.01
59577956,2026_09_04 14:57:57,18114187_674,674,Basemap 1 experiment,91,1,365,2,20000,15.5011546902045,0.001,0.05,0,10,0.005,140,-10,10,3000,1,FALSE,multiplicative,0.1,0.4,6,fractal,0.05,0.01
32224157,2026_09_04 14:57:57,18114187_683,683,Basemap 1 experiment,100,1,383,2,20000,1073.33983244526,0.001,0.05,0,10,0.005,140,-10,10,3000,1,FALSE,multiplicative,0.1,0.4,6,fractal,0.05,0.01
26482397,2026_09_04 14:57:58,18114187_610,610,Basemap 1 experiment,27,1,237,2,20000,1743.76007067125,0.001,0.05,0,10,0.005,140,-10,10,3000,1,FALSE,multiplicative,0.1,0.4,6,fractal,0.05,0.01
71726018,2026_09_04 14:57:57,18114187_673,673,Basemap 1 experiment,90,1,363,2,20000,2388.83146931255,0.001,0.05,0,10,0.005,140,-10,10,3000,1,FALSE,multiplicative,0.1,0.4,6,fractal,0.05,0.01
95755633,2026_09_04 14:57:57,18114187_672,672,Basemap 1 experiment,89,1,361,2,20000,732.621622943574,0.001,0.05,0,10,0.005,140,-10,10,3000,1,FALSE,multiplicative,0.1,0.4,6,fractal,0.05,0.01
11999191,2026_09_04 14:57:57,18114187_670,670,Basemap 1 experiment,87,1,357,2,20000,14.6476458058007,0.001,0.05,0,10,0.005,140,-10,10,3000,1,FALSE,multiplicative,0.1,0.4,6,fractal,0.05,0.01
55515915,2026_09_04 14:57:57,18114187_671,671,Basemap 1 experiment,88,1,359,2,20000,14.8311357768182,0.001,0.05,0,10,0.005,140,-10,10,3000,1,FALSE,multiplicative,0.1,0.4,6,fractal,0.05,0.01
40489041,2026_09_04 14:57:57,18114187_669,669,Basemap 1 experiment,86,1,355,2,20000,14.9918495454571,0.001,0.05,0,10,0.005,140,-10,10,3000,1,FALSE,multiplicative,0.1,0.4,6,fractal,0.05,0.01
53067050,2026_09_04 14:57:59,18114187_634,634,Basemap 1 experiment,51,1,285,2,20000,14.7339675330832,0.001,0.05,0,10,0.005,140,-10,10,3000,1,FALSE,multiplicative,0.1,0.4,6,fractal,0.05,0.01
35533292,2026_09_04 14:57:59,18114187_636,636,Basemap 1 experiment,53,1,289,2,20000,2662.07889589694,0.001,0.05,0,10,0.005,140,-10,10,3000,1,FALSE,multiplicative,0.1,0.4,6,fractal,0.05,0.01
26256940,2026_09_04 14:57:59,18114187_635,635,Basemap 1 experiment,52,1,287,2,20000,2113.50059557868,0.001,0.05,0,10,0.005,140,-10,10,3000,1,FALSE,multiplicative,0.1,0.4,6,fractal,0.05,0.01
51014992,2026_09_04 14:57:59,18114187_662,662,Basemap 1 experiment,79,1,341,2,20000,2587.56393979408,0.001,0.05,0,10,0.005,140,-10,10,3000,1,FALSE,multiplicative,0.1,0.4,6,fractal,0.05,0.01
36748424,2026_09_04 15:00:43,18114187_703,703,Basemap 1 experiment,20,1,223,2,20000,1975.70162000982,0.001,0.05,0,10,0.005,140,-10,10,3000,1,FALSE,multiplicative,0.1,0.4,6,fractal,0.2,0.01
36167732,2026_09_04 15:00:43,18114187_702,702,Basemap 1 experiment,19,1,221,2,20000,2040.87642025976,0.001,0.05,0,10,0.005,140,-10,10,3000,1,FALSE,multiplicative,0.1,0.4,6,fractal,0.2,0.01
54781078,2026_09_04 15:00:43,18114187_700,700,Basemap 1 experiment,117,1,417,2,20000,14.6637978395499,0.001,0.05,0,10,0.005,140,-10,10,3000,1,FALSE,multiplicative,0.1,0.4,6,fractal,0.05,0.01
38005942,2026_09_04 15:00:43,18114187_705,705,Basemap 1 experiment,22,1,227,2,20000,1405.91239235663,0.001,0.05,0,10,0.005,140,-10,10,3000,1,FALSE,multiplicative,0.1,0.4,6,fractal,0.2,0.01
50770069,2026_09_04 15:00:44,18114187_698,698,Basemap 1 experiment,115,1,413,2,20000,878.248865366414,0.001,0.05,0,10,0.005,140,-10,10,3000,1,FALSE,multiplicative,0.1,0.4,6,fractal,0.05,0.01
61177144,2026_09_04 15:00:44,18114187_701,701,Basemap 1 experiment,18,1,219,2,20000,989.370247371698,0.001,0.05,0,10,0.005,140,-10,10,3000,1,FALSE,multiplicative,0.1,0.4,6,fractal,0.2,0.01
68765220,2026_09_04 15:00:44,18114187_712,712,Basemap 1 experiment,29,1,241,2,20000,1992.10608873458,0.001,0.05,0,10,0.005,140,-10,10,3000,1,FALSE,multiplicative,0.1,0.4,6,fractal,0.2,0.01
42603346,2026_09_04 15:00:45,18114187_709,709,Basemap 1 experiment,26,1,235,2,20000,1462.27553065958,0.001,0.05,0,10,0.005,140,-10,10,3000,1,FALSE,multiplicative,0.1,0.4,6,fractal,0.2,0.01
29493597,2026_09_04 15:00:45,18114187_714,714,Basemap 1 experiment,31,1,245,2,20000,1482.72976514484,0.001,0.05,0,10,0.005,140,-10,10,3000,1,FALSE,multiplicative,0.1,0.4,6,fractal,0.2,0.01
25391518,2026_09_04 15:00:45,18114187_699,699,Basemap 1 experiment,116,1,415,2,20000,792.537994360818,0.001,0.05,0,10,0.005,140,-10,10,3000,1,FALSE,multiplicative,0.1,0.4,6,fractal,0.05,0.01
78815274,2026_09_04 15:00:45,18114187_711,711,Basemap 1 experiment,28,1,239,2,20000,2860.16229692603,0.001,0.05,0,10,0.005,140,-10,10,3000,1,FALSE,multiplicative,0.1,0.4,6,fractal,0.2,0.01
32336463,2026_09_04 15:00:45,18114187_704,704,Basemap 1 experiment,21,1,225,2,20000,2068.54522018042,0.001,0.05,0,10,0.005,140,-10,10,3000,1,FALSE,multiplicative,0.1,0.4,6,fractal,0.2,0.01
88192959,2026_09_04 15:00:45,18114187_777,777,Basemap 1 experiment,94,1,371,2,20000,2294.46581829664,0.001,0.05,0,10,0.005,140,-10,10,3000,1,FALSE,multiplicative,0.1,0.4,6,fractal,0.2,0.01
17139416,2026_09_04 15:00:44,18114187_719,719,Basemap 1 experiment,36,1,255,2,20000,1348.45815982213,0.001,0.05,0,10,0.005,140,-10,10,3000,1,FALSE,multiplicative,0.1,0.4,6,fractal,0.2,0.01
92651479,2026_09_04 15:00:44,18114187_720,720,Basemap 1 experiment,37,1,257,2,20000,854.956070927776,0.001,0.05,0,10,0.005,140,-10,10,3000,1,FALSE,multiplicative,0.1,0.4,6,fractal,0.2,0.01
46286093,2026_09_04 15:00:45,18114187_723,723,Basemap 1 experiment,40,1,263,2,20000,2354.90547702861,0.001,0.05,0,10,0.005,140,-10,10,3000,1,FALSE,multiplicative,0.1,0.4,6,fractal,0.2,0.01
98979875,2026_09_04 15:00:45,18114187_722,722,Basemap 1 experiment,39,1,261,2,20000,788.847660211343,0.001,0.05,0,10,0.005,140,-10,10,3000,1,FALSE,multiplicative,0.1,0.4,6,fractal,0.2,0.01
90373807,2026_09_04 15:00:46,18114187_754,754,Basemap 1 experiment,71,1,325,2,20000,2649.90910431587,0.001,0.05,0,10,0.005,140,-10,10,3000,1,FALSE,multiplicative,0.1,0.4,6,fractal,0.2,0.01
37754068,2026_09_04 15:00:46,18114187_755,755,Basemap 1 experiment,72,1,327,2,20000,14.8966338695355,0.001,0.05,0,10,0.005,140,-10,10,3000,1,FALSE,multiplicative,0.1,0.4,6,fractal,0.2,0.01
53192876,2026_09_04 15:00:46,18114187_707,707,Basemap 1 experiment,24,1,231,2,20000,1088.67020623715,0.001,0.05,0,10,0.005,140,-10,10,3000,1,FALSE,multiplicative,0.1,0.4,6,fractal,0.2,0.01
82622373,2026_09_04 15:00:46,18114187_708,708,Basemap 1 experiment,25,1,233,2,20000,15.423038594191,0.001,0.05,0,10,0.005,140,-10,10,3000,1,FALSE,multiplicative,0.1,0.4,6,fractal,0.2,0.01
71319336,2026_09_04 15:00:47,18114187_753,753,Basemap 1 experiment,70,1,323,2,20000,1375.69893375713,0.001,0.05,0,10,0.005,140,-10,10,3000,1,FALSE,multiplicative,0.1,0.4,6,fractal,0.2,0.01
42130106,2026_09_04 15:00:47,18114187_710,710,Basemap 1 experiment,27,1,237,2,20000,1743.76007067125,0.001,0.05,0,10,0.005,140,-10,10,3000,1,FALSE,multiplicative,0.1,0.4,6,fractal,0.2,0.01
83725155,2026_09_04 15:00:46,18114187_764,764,Basemap 1 experiment,81,1,345,2,20000,1260.64243121824,0.001,0.05,0,10,0.005,140,-10,10,3000,1,FALSE,multiplicative,0.1,0.4,6,fractal,0.2,0.01
14457916,2026_09_04 15:00:46,18114187_778,778,Basemap 1 experiment,95,1,373,2,20000,2604.95726509002,0.001,0.05,0,10,0.005,140,-10,10,3000,1,FALSE,multiplicative,0.1,0.4,6,fractal,0.2,0.01
52987241,2026_09_04 15:00:47,18114187_684,684,Basemap 1 experiment,101,1,385,2,20000,14.7267497762107,0.001,0.05,0,10,0.005,140,-10,10,3000,1,FALSE,multiplicative,0.1,0.4,6,fractal,0.05,0.01
64906012,2026_09_04 15:00:47,18114187_685,685,Basemap 1 experiment,102,1,387,2,20000,2510.66056126296,0.001,0.05,0,10,0.005,140,-10,10,3000,1,FALSE,multiplicative,0.1,0.4,6,fractal,0.05,0.01
93220715,2026_09_04 15:00:47,18114187_773,773,Basemap 1 experiment,90,1,363,2,20000,2388.83146931255,0.001,0.05,0,10,0.005,140,-10,10,3000,1,FALSE,multiplicative,0.1,0.4,6,fractal,0.2,0.01
43773567,2026_09_04 15:00:47,18114187_772,772,Basemap 1 experiment,89,1,361,2,20000,732.621622943574,0.001,0.05,0,10,0.005,140,-10,10,3000,1,FALSE,multiplicative,0.1,0.4,6,fractal,0.2,0.01
59975353,2026_09_04 15:00:47,18114187_771,771,Basemap 1 experiment,88,1,359,2,20000,14.8311357768182,0.001,0.05,0,10,0.005,140,-10,10,3000,1,FALSE,multiplicative,0.1,0.4,6,fractal,0.2,0.01
79826794,2026_09_04 15:00:47,18114187_774,774,Basemap 1 experiment,91,1,365,2,20000,15.5011546902045,0.001,0.05,0,10,0.005,140,-10,10,3000,1,FALSE,multiplicative,0.1,0.4,6,fractal,0.2,0.01
24758332,2026_09_04 15:00:47,18114187_706,706,Basemap 1 experiment,23,1,229,2,20000,14.9739230561787,0.001,0.05,0,10,0.005,140,-10,10,3000,1,FALSE,multiplicative,0.1,0.4,6,fractal,0.2,0.01
42351619,2026_09_04 15:00:47,18114187_729,729,Basemap 1 experiment,46,1,275,2,20000,1737.05134942494,0.001,0.05,0,10,0.005,140,-10,10,3000,1,FALSE,multiplicative,0.1,0.4,6,fractal,0.2,0.01
18260934,2026_09_04 15:00:47,18114187_728,728,Basemap 1 experiment,45,1,273,2,20000,1108.5204837492,0.001,0.05,0,10,0.005,140,-10,10,3000,1,FALSE,multiplicative,0.1,0.4,6,fractal,0.2,0.01
52152452,2026_09_04 15:00:47,18114187_726,726,Basemap 1 experiment,43,1,269,2,20000,1288.94713367896,0.001,0.05,0,10,0.005,140,-10,10,3000,1,FALSE,multiplicative,0.1,0.4,6,fractal,0.2,0.01
41181882,2026_09_04 15:00:47,18114187_759,759,Basemap 1 experiment,76,1,335,2,20000,1725.55561754008,0.001,0.05,0,10,0.005,140,-10,10,3000,1,FALSE,multiplicative,0.1,0.4,6,fractal,0.2,0.01
93139796,2026_09_04 15:00:47,18114187_763,763,Basemap 1 experiment,80,1,343,2,20000,14.9183643511873,0.001,0.05,0,10,0.005,140,-10,10,3000,1,FALSE,multiplicative,0.1,0.4,6,fractal,0.2,0.01
84702287,2026_09_04 15:00:48,18114187_756,756,Basemap 1 experiment,73,1,329,2,20000,2066.89530504284,0.001,0.05,0,10,0.005,140,-10,10,3000,1,FALSE,multiplicative,0.1,0.4,6,fractal,0.2,0.01
26545134,2026_09_04 15:00:47,18114187_716,716,Basemap 1 experiment,33,1,249,2,20000,895.666479211213,0.001,0.05,0,10,0.005,140,-10,10,3000,1,FALSE,multiplicative,0.1,0.4,6,fractal,0.2,0.01
43306344,2026_09_04 15:00:47,18114187_776,776,Basemap 1 experiment,93,1,369,2,20000,1266.70917312372,0.001,0.05,0,10,0.005,140,-10,10,3000,1,FALSE,multiplicative,0.1,0.4,6,fractal,0.2,0.01
69598204,2026_09_04 15:00:47,18114187_721,721,Basemap 1 experiment,38,1,259,2,20000,760.415213867477,0.001,0.05,0,10,0.005,140,-10,10,3000,1,FALSE,multiplicative,0.1,0.4,6,fractal,0.2,0.01
68120025,2026_09_04 15:00:48,18114187_758,758,Basemap 1 experiment,75,1,333,2,20000,14.8609912017103,0.001,0.05,0,10,0.005,140,-10,10,3000,1,FALSE,multiplicative,0.1,0.4,6,fractal,0.2,0.01
39241851,2026_09_04 15:00:47,18114187_725,725,Basemap 1 experiment,42,1,267,2,20000,14.8951873009222,0.001,0.05,0,10,0.005,140,-10,10,3000,1,FALSE,multiplicative,0.1,0.4,6,fractal,0.2,0.01
57958582,2026_09_04 15:00:47,18114187_724,724,Basemap 1 experiment,41,1,265,2,20000,3285.6501400137,0.001,0.05,0,10,0.005,140,-10,10,3000,1,FALSE,multiplicative,0.1,0.4,6,fractal,0.2,0.01
72667671,2026_09_04 15:00:48,18114187_762,762,Basemap 1 experiment,79,1,341,2,20000,2587.56393979408,0.001,0.05,0,10,0.005,140,-10,10,3000,1,FALSE,multiplicative,0.1,0.4,6,fractal,0.2,0.01
28492047,2026_09_04 15:00:48,18114187_688,688,Basemap 1 experiment,105,1,393,2,20000,1094.94483397396,0.001,0.05,0,10,0.005,140,-10,10,3000,1,FALSE,multiplicative,0.1,0.4,6,fractal,0.05,0.01
37634992,2026_09_04 15:00:48,18114187_687,687,Basemap 1 experiment,104,1,391,2,20000,3129.69733828298,0.001,0.05,0,10,0.005,140,-10,10,3000,1,FALSE,multiplicative,0.1,0.4,6,fractal,0.05,0.01
10517432,2026_09_04 15:00:48,18114187_757,757,Basemap 1 experiment,74,1,331,2,20000,16.276738582679,0.001,0.05,0,10,0.005,140,-10,10,3000,1,FALSE,multiplicative,0.1,0.4,6,fractal,0.2,0.01
33485236,2026_09_04 15:00:48,18114187_734,734,Basemap 1 experiment,51,1,285,2,20000,14.7339675330832,0.001,0.05,0,10,0.005,140,-10,10,3000,1,FALSE,multiplicative,0.1,0.4,6,fractal,0.2,0.01
28232011,2026_09_04 15:00:47,18114187_736,736,Basemap 1 experiment,53,1,289,2,20000,2662.07889589694,0.001,0.05,0,10,0.005,140,-10,10,3000,1,FALSE,multiplicative,0.1,0.4,6,fractal,0.2,0.01
73461515,2026_09_04 15:00:47,18114187_733,733,Basemap 1 experiment,50,1,283,2,20000,953.072690831937,0.001,0.05,0,10,0.005,140,-10,10,3000,1,FALSE,multiplicative,0.1,0.4,6,fractal,0.2,0.01
66184492,2026_09_04 15:00:47,18114187_735,735,Basemap 1 experiment,52,1,287,2,20000,2113.50059557868,0.001,0.05,0,10,0.005,140,-10,10,3000,1,FALSE,multiplicative,0.1,0.4,6,fractal,0.2,0.01
78552108,2026_09_04 15:00:49,18114187_691,691,Basemap 1 experiment,108,1,399,2,20000,979.701436530544,0.001,0.05,0,10,0.005,140,-10,10,3000,1,FALSE,multiplicative,0.1,0.4,6,fractal,0.05,0.01
40552907,2026_09_04 15:00:49,18114187_690,690,Basemap 1 experiment,107,1,397,2,20000,1815.12848889598,0.001,0.05,0,10,0.005,140,-10,10,3000,1,FALSE,multiplicative,0.1,0.4,6,fractal,0.05,0.01
11855793,2026_09_04 15:00:49,18114187_689,689,Basemap 1 experiment,106,1,395,2,20000,2676.26153751617,0.001,0.05,0,10,0.005,140,-10,10,3000,1,FALSE,multiplicative,0.1,0.4,6,fractal,0.05,0.01
95558037,2026_09_04 15:00:49,18114187_781,781,Basemap 1 experiment,98,1,379,2,20000,3121.51439344387,0.001,0.05,0,10,0.005,140,-10,10,3000,1,FALSE,multiplicative,0.1,0.4,6,fractal,0.2,0.01
37567182,2026_09_04 15:00:48,18114187_779,779,Basemap 1 experiment,96,1,375,2,20000,14.7329802949794,0.001,0.05,0,10,0.005,140,-10,10,3000,1,FALSE,multiplicative,0.1,0.4,6,fractal,0.2,0.01
21485659,2026_09_04 15:00:48,18114187_782,782,Basemap 1 experiment,99,1,381,2,20000,1879.67437869816,0.001,0.05,0,10,0.005,140,-10,10,3000,1,FALSE,multiplicative,0.1,0.4,6,fractal,0.2,0.01
59758240,2026_09_04 15:00:48,18114187_780,780,Basemap 1 experiment,97,1,377,2,20000,1796.46487976205,0.001,0.05,0,10,0.005,140,-10,10,3000,1,FALSE,multiplicative,0.1,0.4,6,fractal,0.2,0.01
63431822,2026_09_04 15:00:49,18114187_770,770,Basemap 1 experiment,87,1,357,2,20000,14.6476458058007,0.001,0.05,0,10,0.005,140,-10,10,3000,1,FALSE,multiplicative,0.1,0.4,6,fractal,0.2,0.01
62081519,2026_09_04 15:00:49,18114187_686,686,Basemap 1 experiment,103,1,389,2,20000,14.7332078882533,0.001,0.05,0,10,0.005,140,-10,10,3000,1,FALSE,multiplicative,0.1,0.4,6,fractal,0.05,0.01
68313288,2026_09_04 15:00:49,18114187_715,715,Basemap 1 experiment,32,1,247,2,20000,1064.41620299084,0.001,0.05,0,10,0.005,140,-10,10,3000,1,FALSE,multiplicative,0.1,0.4,6,fractal,0.2,0.01
13115013,2026_09_04 15:00:49,18114187_694,694,Basemap 1 experiment,111,1,405,2,20000,987.859062425916,0.001,0.05,0,10,0.005,140,-10,10,3000,1,FALSE,multiplicative,0.1,0.4,6,fractal,0.05,0.01
70601972,2026_09_04 15:00:49,18114187_695,695,Basemap 1 experiment,112,1,407,2,20000,757.718655414366,0.001,0.05,0,10,0.005,140,-10,10,3000,1,FALSE,multiplicative,0.1,0.4,6,fractal,0.05,0.01
29070515,2026_09_04 15:00:49,18114187_696,696,Basemap 1 experiment,113,1,409,2,20000,1465.74148443907,0.001,0.05,0,10,0.005,140,-10,10,3000,1,FALSE,multiplicative,0.1,0.4,6,fractal,0.05,0.01
43389001,2026_09_04 15:00:49,18114187_697,697,Basemap 1 experiment,114,1,411,2,20000,14.566098673372,0.001,0.05,0,10,0.005,140,-10,10,3000,1,FALSE,multiplicative,0.1,0.4,6,fractal,0.05,0.01
48067753,2026_09_04 15:00:50,18114187_767,767,Basemap 1 experiment,84,1,351,2,20000,2033.78394362798,0.001,0.05,0,10,0.005,140,-10,10,3000,1,FALSE,multiplicative,0.1,0.4,6,fractal,0.2,0.01
80027888,2026_09_04 15:00:50,18114187_769,769,Basemap 1 experiment,86,1,355,2,20000,14.9918495454571,0.001,0.05,0,10,0.005,140,-10,10,3000,1,FALSE,multiplicative,0.1,0.4,6,fractal,0.2,0.01
18404001,2026_09_04 15:00:50,18114187_768,768,Basemap 1 experiment,85,1,353,2,20000,2776.01808143847,0.001,0.05,0,10,0.005,140,-10,10,3000,1,FALSE,multiplicative,0.1,0.4,6,fractal,0.2,0.01
32478558,2026_09_04 15:00:50,18114187_765,765,Basemap 1 experiment,82,1,347,2,20000,14.8873728104569,0.001,0.05,0,10,0.005,140,-10,10,3000,1,FALSE,multiplicative,0.1,0.4,6,fractal,0.2,0.01
75247275,2026_09_04 15:00:50,18114187_766,766,Basemap 1 experiment,83,1,349,2,20000,2854.29888941966,0.001,0.05,0,10,0.005,140,-10,10,3000,1,FALSE,multiplicative,0.1,0.4,6,fractal,0.2,0.01
37305870,2026_09_04 15:00:51,18114187_731,731,Basemap 1 experiment,48,1,279,2,20000,2361.03050749552,0.001,0.05,0,10,0.005,140,-10,10,3000,1,FALSE,multiplicative,0.1,0.4,6,fractal,0.2,0.01
88553679,2026_09_04 15:00:51,18114187_732,732,Basemap 1 experiment,49,1,281,2,20000,2818.50099909916,0.001,0.05,0,10,0.005,140,-10,10,3000,1,FALSE,multiplicative,0.1,0.4,6,fractal,0.2,0.01
87894808,2026_09_04 15:00:51,18114187_730,730,Basemap 1 experiment,47,1,277,2,20000,2587.66701005728,0.001,0.05,0,10,0.005,140,-10,10,3000,1,FALSE,multiplicative,0.1,0.4,6,fractal,0.2,0.01
19779394,2026_09_04 15:00:53,18114187_752,752,Basemap 1 experiment,69,1,321,2,20000,1150.41460926698,0.001,0.05,0,10,0.005,140,-10,10,3000,1,FALSE,multiplicative,0.1,0.4,6,fractal,0.2,0.01
94723507,2026_09_04 15:00:53,18114187_783,783,Basemap 1 experiment,100,1,383,2,20000,1073.33983244526,0.001,0.05,0,10,0.005,140,-10,10,3000,1,FALSE,multiplicative,0.1,0.4,6,fractal,0.2,0.01
91956768,2026_09_04 15:00:53,18114187_747,747,Basemap 1 experiment,64,1,311,2,20000,2723.48430455325,0.001,0.05,0,10,0.005,140,-10,10,3000,1,FALSE,multiplicative,0.1,0.4,6,fractal,0.2,0.01
93365261,2026_09_04 15:00:53,18114187_743,743,Basemap 1 experiment,60,1,303,2,20000,14.4715818079739,0.001,0.05,0,10,0.005,140,-10,10,3000,1,FALSE,multiplicative,0.1,0.4,6,fractal,0.2,0.01
44706408,2026_09_04 15:00:53,18114187_746,746,Basemap 1 experiment,63,1,309,2,20000,1378.05320800907,0.001,0.05,0,10,0.005,140,-10,10,3000,1,FALSE,multiplicative,0.1,0.4,6,fractal,0.2,0.01
18501174,2026_09_04 15:00:53,18114187_744,744,Basemap 1 experiment,61,1,305,2,20000,14.47456787638,0.001,0.05,0,10,0.005,140,-10,10,3000,1,FALSE,multiplicative,0.1,0.4,6,fractal,0.2,0.01
17394586,2026_09_04 15:00:53,18114187_750,750,Basemap 1 experiment,67,1,317,2,20000,1785.51345896885,0.001,0.05,0,10,0.005,140,-10,10,3000,1,FALSE,multiplicative,0.1,0.4,6,fractal,0.2,0.01
70484621,2026_09_04 15:00:53,18114187_749,749,Basemap 1 experiment,66,1,315,2,20000,928.031403881146,0.001,0.05,0,10,0.005,140,-10,10,3000,1,FALSE,multiplicative,0.1,0.4,6,fractal,0.2,0.01
17121905,2026_09_04 15:00:53,18114187_745,745,Basemap 1 experiment,62,1,307,2,20000,1946.50704820748,0.001,0.05,0,10,0.005,140,-10,10,3000,1,FALSE,multiplicative,0.1,0.4,6,fractal,0.2,0.01
74822013,2026_09_04 15:00:53,18114187_748,748,Basemap 1 experiment,65,1,313,2,20000,2427.2997487573,0.001,0.05,0,10,0.005,140,-10,10,3000,1,FALSE,multiplicative,0.1,0.4,6,fractal,0.2,0.01
65437936,2026_09_04 15:00:53,18114187_738,738,Basemap 1 experiment,55,1,293,2,20000,15.9661291621639,0.001,0.05,0,10,0.005,140,-10,10,3000,1,FALSE,multiplicative,0.1,0.4,6,fractal,0.2,0.01
46314206,2026_09_04 15:00:53,18114187_740,740,Basemap 1 experiment,57,1,297,2,20000,14.5535716001118,0.001,0.05,0,10,0.005,140,-10,10,3000,1,FALSE,multiplicative,0.1,0.4,6,fractal,0.2,0.01
63207499,2026_09_04 15:00:53,18114187_741,741,Basemap 1 experiment,58,1,299,2,20000,1053.51677407167,0.001,0.05,0,10,0.005,140,-10,10,3000,1,FALSE,multiplicative,0.1,0.4,6,fractal,0.2,0.01
67879573,2026_09_04 15:00:53,18114187_739,739,Basemap 1 experiment,56,1,295,2,20000,2187.04488736504,0.001,0.05,0,10,0.005,140,-10,10,3000,1,FALSE,multiplicative,0.1,0.4,6,fractal,0.2,0.01
62628620,2026_09_04 15:00:53,18114187_742,742,Basemap 1 experiment,59,1,301,2,20000,2167.86536095686,0.001,0.05,0,10,0.005,140,-10,10,3000,1,FALSE,multiplicative,0.1,0.4,6,fractal,0.2,0.01
22829215,2026_09_04 15:00:53,18114187_751,751,Basemap 1 experiment,68,1,319,2,20000,14.583629646427,0.001,0.05,0,10,0.005,140,-10,10,3000,1,FALSE,multiplicative,0.1,0.4,6,fractal,0.2,0.01
67863851,2026_09_04 15:00:55,18114187_727,727,Basemap 1 experiment,44,1,271,2,20000,3101.53415000135,0.001,0.05,0,10,0.005,140,-10,10,3000,1,FALSE,multiplicative,0.1,0.4,6,fractal,0.2,0.01
47260862,2026_09_04 15:00:58,18114187_737,737,Basemap 1 experiment,54,1,291,2,20000,3013.22019097841,0.001,0.05,0,10,0.005,140,-10,10,3000,1,FALSE,multiplicative,0.1,0.4,6,fractal,0.2,0.01
84970041,2026_09_04 15:03:44,18114187_787,787,Basemap 1 experiment,104,1,391,2,20000,3129.69733828298,0.001,0.05,0,10,0.005,140,-10,10,3000,1,FALSE,multiplicative,0.1,0.4,6,fractal,0.2,0.01
28731871,2026_09_04 15:03:45,18114187_821,821,Basemap 1 experiment,38,1,259,2,20000,760.415213867477,0.001,0.05,0,10,0.005,140,-10,10,3000,1,FALSE,multiplicative,0.1,0.4,6,fractal,0.4,0.01
27359285,2026_09_04 15:03:45,18114187_822,822,Basemap 1 experiment,39,1,261,2,20000,788.847660211343,0.001,0.05,0,10,0.005,140,-10,10,3000,1,FALSE,multiplicative,0.1,0.4,6,fractal,0.4,0.01
55414597,2026_09_04 15:03:45,18114187_795,795,Basemap 1 experiment,112,1,407,2,20000,757.718655414366,0.001,0.05,0,10,0.005,140,-10,10,3000,1,FALSE,multiplicative,0.1,0.4,6,fractal,0.2,0.01
50052642,2026_09_04 15:03:45,18114187_789,789,Basemap 1 experiment,106,1,395,2,20000,2676.26153751617,0.001,0.05,0,10,0.005,140,-10,10,3000,1,FALSE,multiplicative,0.1,0.4,6,fractal,0.2,0.01
17814075,2026_09_04 15:03:44,18114187_797,797,Basemap 1 experiment,114,1,411,2,20000,14.566098673372,0.001,0.05,0,10,0.005,140,-10,10,3000,1,FALSE,multiplicative,0.1,0.4,6,fractal,0.2,0.01
83437049,2026_09_04 15:03:44,18114187_796,796,Basemap 1 experiment,113,1,409,2,20000,1465.74148443907,0.001,0.05,0,10,0.005,140,-10,10,3000,1,FALSE,multiplicative,0.1,0.4,6,fractal,0.2,0.01
50101647,2026_09_04 15:03:46,18114187_786,786,Basemap 1 experiment,103,1,389,2,20000,14.7332078882533,0.001,0.05,0,10,0.005,140,-10,10,3000,1,FALSE,multiplicative,0.1,0.4,6,fractal,0.2,0.01
98305957,2026_09_04 15:03:46,18114187_794,794,Basemap 1 experiment,111,1,405,2,20000,987.859062425916,0.001,0.05,0,10,0.005,140,-10,10,3000,1,FALSE,multiplicative,0.1,0.4,6,fractal,0.2,0.01
62724976,2026_09_04 15:03:46,18114187_792,792,Basemap 1 experiment,109,1,401,2,20000,2214.41126133434,0.001,0.05,0,10,0.005,140,-10,10,3000,1,FALSE,multiplicative,0.1,0.4,6,fractal,0.2,0.01
78703071,2026_09_04 15:03:46,18114187_793,793,Basemap 1 experiment,110,1,403,2,20000,14.8381932788461,0.001,0.05,0,10,0.005,140,-10,10,3000,1,FALSE,multiplicative,0.1,0.4,6,fractal,0.2,0.01
90579923,2026_09_04 15:03:47,18114187_820,820,Basemap 1 experiment,37,1,257,2,20000,854.956070927776,0.001,0.05,0,10,0.005,140,-10,10,3000,1,FALSE,multiplicative,0.1,0.4,6,fractal,0.4,0.01
41798634,2026_09_04 15:03:47,18114187_823,823,Basemap 1 experiment,40,1,263,2,20000,2354.90547702861,0.001,0.05,0,10,0.005,140,-10,10,3000,1,FALSE,multiplicative,0.1,0.4,6,fractal,0.4,0.01

77149915,2026_09_04 15:03:46,18114187_785,785,Basemap 1 experiment,102,1,387,2,20000,2510.66056126296,0.001,0.05,0,10,0.005,140,-10,10,3000,1,FALSE,multiplicative,0.1,0.4,6,fractal,0.2,0.01
87913793,2026_09_04 15:03:46,18114187_788,788,Basemap 1 experiment,105,1,393,2,20000,1094.94483397396,0.001,0.05,0,10,0.005,140,-10,10,3000,1,FALSE,multiplicative,0.1,0.4,6,fractal,0.2,0.01
48745622,2026_09_04 15:03:48,18114187_826,826,Basemap 1 experiment,43,1,269,2,20000,1288.94713367896,0.001,0.05,0,10,0.005,140,-10,10,3000,1,FALSE,multiplicative,0.1,0.4,6,fractal,0.4,0.01
54365862,2026_09_04 15:03:47,18114187_825,825,Basemap 1 experiment,42,1,267,2,20000,14.8951873009222,0.001,0.05,0,10,0.005,140,-10,10,3000,1,FALSE,multiplicative,0.1,0.4,6,fractal,0.4,0.01
91220823,2026_09_04 15:03:48,18114187_833,833,Basemap 1 experiment,50,1,283,2,20000,953.072690831937,0.001,0.05,0,10,0.005,140,-10,10,3000,1,FALSE,multiplicative,0.1,0.4,6,fractal,0.4,0.01
24922085,2026_09_04 15:03:49,18114187_869,869,Basemap 1 experiment,86,1,355,2,20000,14.9918495454571,0.001,0.05,0,10,0.005,140,-10,10,3000,1,FALSE,multiplicative,0.1,0.4,6,fractal,0.4,0.01
12983767,2026_09_04 15:03:48,18114187_824,824,Basemap 1 experiment,41,1,265,2,20000,3285.6501400137,0.001,0.05,0,10,0.005,140,-10,10,3000,1,FALSE,multiplicative,0.1,0.4,6,fractal,0.4,0.01
1
21205462,2026_09_04 15:03:49,18114187_835,835,Basemap 1 experiment,52,1,287,2,20000,2113.50059557868,0.001,0.05,0,10,0.005,140,-10,10,3000,1,FALSE,multiplicative,0.1,0.4,6,fractal,0.4,0.01
58173561,2026_09_04 15:03:49,18114187_836,836,Basemap 1 experiment,53,1,289,2,20000,2662.07889589694,0.001,0.05,0,10,0.005,140,-10,10,3000,1,FALSE,multiplicative,0.1,0.4,6,fractal,0.4,0.01
57546666,2026_09_04 15:03:49,18114187_837,837,Basemap 1 experiment,54,1,291,2,20000,3013.22019097841,0.001,0.05,0,10,0.005,140,-10,10,3000,1,FALSE,multiplicative,0.1,0.4,6,fractal,0.4,0.01
96379567,2026_09_04 15:03:49,18114187_838,838,Basemap 1 experiment,55,1,293,2,20000,15.9661291621639,0.001,0.05,0,10,0.005,140,-10,10,3000,1,FALSE,multiplicative,0.1,0.4,6,fractal,0.4,0.01
55060439,2026_09_04 15:03:49,18114187_832,832,Basemap 1 experiment,49,1,281,2,20000,2818.50099909916,0.001,0.05,0,10,0.005,140,-10,10,3000,1,FALSE,multiplicative,0.1,0.4,6,fractal,0.4,0.01
81909231,2026_09_04 15:03:49,18114187_861,861,Basemap 1 experiment,78,1,339,2,20000,14.6890577881868,0.001,0.05,0,10,0.005,140,-10,10,3000,1,FALSE,multiplicative,0.1,0.4,6,fractal,0.4,0.01
17749148,2026_09_04 15:03:49,18114187_862,862,Basemap 1 experiment,79,1,341,2,20000,2587.56393979408,0.001,0.05,0,10,0.005,140,-10,10,3000,1,FALSE,multiplicative,0.1,0.4,6,fractal,0.4,0.01
58478902,2026_09_04 15:03:49,18114187_842,842,Basemap 1 experiment,59,1,301,2,20000,2167.86536095686,0.001,0.05,0,10,0.005,140,-10,10,3000,1,FALSE,multiplicative,0.1,0.4,6,fractal,0.4,0.01
69895502,2026_09_04 15:03:49,18114187_808,808,Basemap 1 experiment,25,1,233,2,20000,15.423038594191,0.001,0.05,0,10,0.005,140,-10,10,3000,1,FALSE,multiplicative,0.1,0.4,6,fractal,0.4,0.01
74311106,2026_09_04 15:03:49,18114187_806,806,Basemap 1 experiment,23,1,229,2,20000,14.9739230561787,0.001,0.05,0,10,0.005,140,-10,10,3000,1,FALSE,multiplicative,0.1,0.4,6,fractal,0.4,0.01
83433192,2026_09_04 15:03:49,18114187_807,807,Basemap 1 experiment,24,1,231,2,20000,1088.67020623715,0.001,0.05,0,10,0.005,140,-10,10,3000,1,FALSE,multiplicative,0.1,0.4,6,fractal,0.4,0.01
49619832,2026_09_04 15:03:49,18114187_810,810,Basemap 1 experiment,27,1,237,2,20000,1743.76007067125,0.001,0.05,0,10,0.005,140,-10,10,3000,1,FALSE,multiplicative,0.1,0.4,6,fractal,0.4,0.01
31628607,2026_09_04 15:03:49,18114187_805,805,Basemap 1 experiment,22,1,227,2,20000,1405.91239235663,0.001,0.05,0,10,0.005,140,-10,10,3000,1,FALSE,multiplicative,0.1,0.4,6,fractal,0.4,0.01
38065061,2026_09_04 15:03:49,18114187_809,809,Basemap 1 experiment,26,1,235,2,20000,1462.27553065958,0.001,0.05,0,10,0.005,140,-10,10,3000,1,FALSE,multiplicative,0.1,0.4,6,fractal,0.4,0.01
92103113,2026_09_04 15:03:49,18114187_846,846,Basemap 1 experiment,63,1,309,2,20000,1378.05320800907,0.001,0.05,0,10,0.005,140,-10,10,3000,1,FALSE,multiplicative,0.1,0.4,6,fractal,0.4,0.01
19980241,2026_09_04 15:03:49,18114187_799,799,Basemap 1 experiment,116,1,415,2,20000,792.537994360818,0.001,0.05,0,10,0.005,140,-10,10,3000,1,FALSE,multiplicative,0.1,0.4,6,fractal,0.2,0.01
37255183,2026_09_04 15:03:50,18114187_811,811,Basemap 1 experiment,28,1,239,2,20000,2860.16229692603,0.001,0.05,0,10,0.005,140,-10,10,3000,1,FALSE,multiplicative,0.1,0.4,6,fractal,0.4,0.01
84040443,2026_09_04 15:03:50,18114187_790,790,Basemap 1 experiment,107,1,397,2,20000,1815.12848889598,0.001,0.05,0,10,0.005,140,-10,10,3000,1,FALSE,multiplicative,0.1,0.4,6,fractal,0.2,0.01
84006960,2026_09_04 15:03:50,18114187_791,791,Basemap 1 experiment,108,1,399,2,20000,979.701436530544,0.001,0.05,0,10,0.005,140,-10,10,3000,1,FALSE,multiplicative,0.1,0.4,6,fractal,0.2,0.01
71429608,2026_09_04 15:03:50,18114187_828,828,Basemap 1 experiment,45,1,273,2,20000,1108.5204837492,0.001,0.05,0,10,0.005,140,-10,10,3000,1,FALSE,multiplicative,0.1,0.4,6,fractal,0.4,0.01
38086316,2026_09_04 15:03:50,18114187_829,829,Basemap 1 experiment,46,1,275,2,20000,1737.05134942494,0.001,0.05,0,10,0.005,140,-10,10,3000,1,FALSE,multiplicative,0.1,0.4,6,fractal,0.4,0.01
85309022,2026_09_04 15:03:50,18114187_831,831,Basemap 1 experiment,48,1,279,2,20000,2361.03050749552,0.001,0.05,0,10,0.005,140,-10,10,3000,1,FALSE,multiplicative,0.1,0.4,6,fractal,0.4,0.01
39047042,2026_09_04 15:03:50,18114187_830,830,Basemap 1 experiment,47,1,277,2,20000,2587.66701005728,0.001,0.05,0,10,0.005,140,-10,10,3000,1,FALSE,multiplicative,0.1,0.4,6,fractal,0.4,0.01
21897688,2026_09_04 15:03:50,18114187_827,827,Basemap 1 experiment,44,1,271,2,20000,3101.53415000135,0.001,0.05,0,10,0.005,140,-10,10,3000,1,FALSE,multiplicative,0.1,0.4,6,fractal,0.4,0.01
92880980,2026_09_04 15:03:51,18114187_860,860,Basemap 1 experiment,77,1,337,2,20000,2375.37591174792,0.001,0.05,0,10,0.005,140,-10,10,3000,1,FALSE,multiplicative,0.1,0.4,6,fractal,0.4,0.01
12883972,2026_09_04 15:03:51,18114187_859,859,Basemap 1 experiment,76,1,335,2,20000,1725.55561754008,0.001,0.05,0,10,0.005,140,-10,10,3000,1,FALSE,multiplicative,0.1,0.4,6,fractal,0.4,0.01
26248084,2026_09_04 15:03:51,18114187_858,858,Basemap 1 experiment,75,1,333,2,20000,14.8609912017103,0.001,0.05,0,10,0.005,140,-10,10,3000,1,FALSE,multiplicative,0.1,0.4,6,fractal,0.4,0.01
63703547,2026_09_04 15:03:51,18114187_845,845,Basemap 1 experiment,62,1,307,2,20000,1946.50704820748,0.001,0.05,0,10,0.005,140,-10,10,3000,1,FALSE,multiplicative,0.1,0.4,6,fractal,0.4,0.01
32996045,2026_09_04 15:03:51,18114187_844,844,Basemap 1 experiment,61,1,305,2,20000,14.47456787638,0.001,0.05,0,10,0.005,140,-10,10,3000,1,FALSE,multiplicative,0.1,0.4,6,fractal,0.4,0.01
94027537,2026_09_04 15:03:51,18114187_843,843,Basemap 1 experiment,60,1,303,2,20000,14.4715818079739,0.001,0.05,0,10,0.005,140,-10,10,3000,1,FALSE,multiplicative,0.1,0.4,6,fractal,0.4,0.01
89525699,2026_09_04 15:03:51,18114187_868,868,Basemap 1 experiment,85,1,353,2,20000,2776.01808143847,0.001,0.05,0,10,0.005,140,-10,10,3000,1,FALSE,multiplicative,0.1,0.4,6,fractal,0.4,0.01
32738869,2026_09_04 15:03:51,18114187_813,813,Basemap 1 experiment,30,1,243,2,20000,1512.65862780803,0.001,0.05,0,10,0.005,140,-10,10,3000,1,FALSE,multiplicative,0.1,0.4,6,fractal,0.4,0.01
29150837,2026_09_04 15:03:52,18114187_863,863,Basemap 1 experiment,80,1,343,2,20000,14.9183643511873,0.001,0.05,0,10,0.005,140,-10,10,3000,1,FALSE,multiplicative,0.1,0.4,6,fractal,0.4,0.01
61808856,2026_09_04 15:03:52,18114187_872,872,Basemap 1 experiment,89,1,361,2,20000,732.621622943574,0.001,0.05,0,10,0.005,140,-10,10,3000,1,FALSE,multiplicative,0.1,0.4,6,fractal,0.4,0.01
72348318,2026_09_04 15:03:52,18114187_871,871,Basemap 1 experiment,88,1,359,2,20000,14.8311357768182,0.001,0.05,0,10,0.005,140,-10,10,3000,1,FALSE,multiplicative,0.1,0.4,6,fractal,0.4,0.01
22960974,2026_09_04 15:03:51,18114187_802,802,Basemap 1 experiment,19,1,221,2,20000,2040.87642025976,0.001,0.05,0,10,0.005,140,-10,10,3000,1,FALSE,multiplicative,0.1,0.4,6,fractal,0.4,0.01
34154566,2026_09_04 15:03:52,18114187_814,814,Basemap 1 experiment,31,1,245,2,20000,1482.72976514484,0.001,0.05,0,10,0.005,140,-10,10,3000,1,FALSE,multiplicative,0.1,0.4,6,fractal,0.4,0.01
96717362,2026_09_04 15:03:52,18114187_818,818,Basemap 1 experiment,35,1,253,2,20000,966.142650706626,0.001,0.05,0,10,0.005,140,-10,10,3000,1,FALSE,multiplicative,0.1,0.4,6,fractal,0.4,0.01
12463788,2026_09_04 15:03:52,18114187_817,817,Basemap 1 experiment,34,1,251,2,20000,2354.09468048382,0.001,0.05,0,10,0.005,140,-10,10,3000,1,FALSE,multiplicative,0.1,0.4,6,fractal,0.4,0.01
41861346,2026_09_04 15:03:52,18114187_815,815,Basemap 1 experiment,32,1,247,2,20000,1064.41620299084,0.001,0.05,0,10,0.005,140,-10,10,3000,1,FALSE,multiplicative,0.1,0.4,6,fractal,0.4,0.01
41964167,2026_09_04 15:03:52,18114187_816,816,Basemap 1 experiment,33,1,249,2,20000,895.666479211213,0.001,0.05,0,10,0.005,140,-10,10,3000,1,FALSE,multiplicative,0.1,0.4,6,fractal,0.4,0.01
26057377,2026_09_04 15:03:52,18114187_834,834,Basemap 1 experiment,51,1,285,2,20000,14.7339675330832,0.001,0.05,0,10,0.005,140,-10,10,3000,1,FALSE,multiplicative,0.1,0.4,6,fractal,0.4,0.01
52701801,2026_09_04 15:03:53,18114187_800,800,Basemap 1 experiment,117,1,417,2,20000,14.6637978395499,0.001,0.05,0,10,0.005,140,-10,10,3000,1,FALSE,multiplicative,0.1,0.4,6,fractal,0.2,0.01
48030283,2026_09_04 15:03:53,18114187_801,801,Basemap 1 experiment,18,1,219,2,20000,989.370247371698,0.001,0.05,0,10,0.005,140,-10,10,3000,1,FALSE,multiplicative,0.1,0.4,6,fractal,0.4,0.01
98169211,2026_09_04 15:03:54,18114187_841,841,Basemap 1 experiment,58,1,299,2,20000,1053.51677407167,0.001,0.05,0,10,0.005,140,-10,10,3000,1,FALSE,multiplicative,0.1,0.4,6,fractal,0.4,0.01
92644539,2026_09_04 15:03:52,18114187_839,839,Basemap 1 experiment,56,1,295,2,20000,2187.04488736504,0.001,0.05,0,10,0.005,140,-10,10,3000,1,FALSE,multiplicative,0.1,0.4,6,fractal,0.4,0.01
25448071,2026_09_04 15:03:52,18114187_852,852,Basemap 1 experiment,69,1,321,2,20000,1150.41460926698,0.001,0.05,0,10,0.005,140,-10,10,3000,1,FALSE,multiplicative,0.1,0.4,6,fractal,0.4,0.01
81222951,2026_09_04 15:03:52,18114187_848,848,Basemap 1 experiment,65,1,313,2,20000,2427.2997487573,0.001,0.05,0,10,0.005,140,-10,10,3000,1,FALSE,multiplicative,0.1,0.4,6,fractal,0.4,0.01
62022464,2026_09_04 15:03:52,18114187_840,840,Basemap 1 experiment,57,1,297,2,20000,14.5535716001118,0.001,0.05,0,10,0.005,140,-10,10,3000,1,FALSE,multiplicative,0.1,0.4,6,fractal,0.4,0.01
22429521,2026_09_04 15:03:52,18114187_850,850,Basemap 1 experiment,67,1,317,2,20000,1785.51345896885,0.001,0.05,0,10,0.005,140,-10,10,3000,1,FALSE,multiplicative,0.1,0.4,6,fractal,0.4,0.01
53064113,2026_09_04 15:03:52,18114187_851,851,Basemap 1 experiment,68,1,319,2,20000,14.583629646427,0.001,0.05,0,10,0.005,140,-10,10,3000,1,FALSE,multiplicative,0.1,0.4,6,fractal,0.4,0.01
17480394,2026_09_04 15:03:52,18114187_849,849,Basemap 1 experiment,66,1,315,2,20000,928.031403881146,0.001,0.05,0,10,0.005,140,-10,10,3000,1,FALSE,multiplicative,0.1,0.4,6,fractal,0.4,0.01
85264088,2026_09_04 15:03:52,18114187_847,847,Basemap 1 experiment,64,1,311,2,20000,2723.48430455325,0.001,0.05,0,10,0.005,140,-10,10,3000,1,FALSE,multiplicative,0.1,0.4,6,fractal,0.4,0.01
84893586,2026_09_04 15:03:53,18114187_803,803,Basemap 1 experiment,20,1,223,2,20000,1975.70162000982,0.001,0.05,0,10,0.005,140,-10,10,3000,1,FALSE,multiplicative,0.1,0.4,6,fractal,0.4,0.01
50610137,2026_09_04 15:03:54,18114187_866,866,Basemap 1 experiment,83,1,349,2,20000,2854.29888941966,0.001,0.05,0,10,0.005,140,-10,10,3000,1,FALSE,multiplicative,0.1,0.4,6,fractal,0.4,0.01
50858170,2026_09_04 15:03:54,18114187_865,865,Basemap 1 experiment,82,1,347,2,20000,14.8873728104569,0.001,0.05,0,10,0.005,140,-10,10,3000,1,FALSE,multiplicative,0.1,0.4,6,fractal,0.4,0.01
82134018,2026_09_04 15:03:54,18114187_864,864,Basemap 1 experiment,81,1,345,2,20000,1260.64243121824,0.001,0.05,0,10,0.005,140,-10,10,3000,1,FALSE,multiplicative,0.1,0.4,6,fractal,0.4,0.01
28189292,2026_09_04 15:03:55,18114187_812,812,Basemap 1 experiment,29,1,241,2,20000,1992.10608873458,0.001,0.05,0,10,0.005,140,-10,10,3000,1,FALSE,multiplicative,0.1,0.4,6,fractal,0.4,0.01
59211762,2026_09_04 15:03:56,18114187_819,819,Basemap 1 experiment,36,1,255,2,20000,1348.45815982213,0.001,0.05,0,10,0.005,140,-10,10,3000,1,FALSE,multiplicative,0.1,0.4,6,fractal,0.4,0.01
85865420,2026_09_04 15:03:56,18114187_856,856,Basemap 1 experiment,73,1,329,2,20000,2066.89530504284,0.001,0.05,0,10,0.005,140,-10,10,3000,1,FALSE,multiplicative,0.1,0.4,6,fractal,0.4,0.01
76519406,2026_09_04 15:03:56,18114187_857,857,Basemap 1 experiment,74,1,331,2,20000,16.276738582679,0.001,0.05,0,10,0.005,140,-10,10,3000,1,FALSE,multiplicative,0.1,0.4,6,fractal,0.4,0.01
47574742,2026_09_04 15:03:56,18114187_854,854,Basemap 1 experiment,71,1,325,2,20000,2649.90910431587,0.001,0.05,0,10,0.005,140,-10,10,3000,1,FALSE,multiplicative,0.1,0.4,6,fractal,0.4,0.01
68327923,2026_09_04 15:03:56,18114187_853,853,Basemap 1 experiment,70,1,323,2,20000,1375.69893375713,0.001,0.05,0,10,0.005,140,-10,10,3000,1,FALSE,multiplicative,0.1,0.4,6,fractal,0.4,0.01
68059183,2026_09_04 15:03:56,18114187_855,855,Basemap 1 experiment,72,1,327,2,20000,14.8966338695355,0.001,0.05,0,10,0.005,140,-10,10,3000,1,FALSE,multiplicative,0.1,0.4,6,fractal,0.4,0.01
60281269,2026_09_04 15:03:56,18114187_870,870,Basemap 1 experiment,87,1,357,2,20000,14.6476458058007,0.001,0.05,0,10,0.005,140,-10,10,3000,1,FALSE,multiplicative,0.1,0.4,6,fractal,0.4,0.01
42178519,2026_09_04 15:06:42,18114187_886,886,Basemap 1 experiment,103,1,389,2,20000,14.7332078882533,0.001,0.05,0,10,0.005,140,-10,10,3000,1,FALSE,multiplicative,0.1,0.4,6,fractal,0.4,0.01
13070800,2026_09_04 15:06:42,18114187_885,885,Basemap 1 experiment,102,1,387,2,20000,2510.66056126296,0.001,0.05,0,10,0.005,140,-10,10,3000,1,FALSE,multiplicative,0.1,0.4,6,fractal,0.4,0.01
84458971,2026_09_04 15:06:44,18114187_913,913,Basemap 1 experiment,30,1,243,2,20000,1512.65862780803,0.001,0.05,0,10,0.005,140,-10,10,3000,1,FALSE,multiplicative,0.1,0.4,11,fractal,0.1,0.01
42968453,2026_09_04 15:06:44,18114187_914,914,Basemap 1 experiment,31,1,245,2,20000,1482.72976514484,0.001,0.05,0,10,0.005,140,-10,10,3000,1,FALSE,multiplicative,0.1,0.4,11,fractal,0.1,0.01
65905210,2026_09_04 15:06:44,18114187_879,879,Basemap 1 experiment,96,1,375,2,20000,14.7329802949794,0.001,0.05,0,10,0.005,140,-10,10,3000,1,FALSE,multiplicative,0.1,0.4,6,fractal,0.4,0.01
29587850,2026_09_04 15:06:44,18114187_878,878,Basemap 1 experiment,95,1,373,2,20000,2604.95726509002,0.001,0.05,0,10,0.005,140,-10,10,3000,1,FALSE,multiplicative,0.1,0.4,6,fractal,0.4,0.01
1
93269865,2026_09_04 15:06:45,18114187_918,918,Basemap 1 experiment,35,1,253,2,20000,966.142650706626,0.001,0.05,0,10,0.005,140,-10,10,3000,1,FALSE,multiplicative,0.1,0.4,11,fractal,0.1,0.01
52544636,2026_09_04 15:06:45,18114187_915,915,Basemap 1 experiment,32,1,247,2,20000,1064.41620299084,0.001,0.05,0,10,0.005,140,-10,10,3000,1,FALSE,multiplicative,0.1,0.4,11,fractal,0.1,0.01
84085335,2026_09_04 15:06:45,18114187_916,916,Basemap 1 experiment,33,1,249,2,20000,895.666479211213,0.001,0.05,0,10,0.005,140,-10,10,3000,1,FALSE,multiplicative,0.1,0.4,11,fractal,0.1,0.01
38746002,2026_09_04 15:06:45,18114187_917,917,Basemap 1 experiment,34,1,251,2,20000,2354.09468048382,0.001,0.05,0,10,0.005,140,-10,10,3000,1,FALSE,multiplicative,0.1,0.4,11,fractal,0.1,0.01
69004753,2026_09_04 15:06:44,18114187_888,888,Basemap 1 experiment,105,1,393,2,20000,1094.94483397396,0.001,0.05,0,10,0.005,140,-10,10,3000,1,FALSE,multiplicative,0.1,0.4,6,fractal,0.4,0.01
88728701,2026_09_04 15:06:44,18114187_887,887,Basemap 1 experiment,104,1,391,2,20000,3129.69733828298,0.001,0.05,0,10,0.005,140,-10,10,3000,1,FALSE,multiplicative,0.1,0.4,6,fractal,0.4,0.01
24686552,2026_09_04 15:06:45,18114187_884,884,Basemap 1 experiment,101,1,385,2,20000,14.7267497762107,0.001,0.05,0,10,0.005,140,-10,10,3000,1,FALSE,multiplicative,0.1,0.4,6,fractal,0.4,0.01
74496754,2026_09_04 15:06:45,18114187_883,883,Basemap 1 experiment,100,1,383,2,20000,1073.33983244526,0.001,0.05,0,10,0.005,140,-10,10,3000,1,FALSE,multiplicative,0.1,0.4,6,fractal,0.4,0.01
89365052,2026_09_04 15:06:45,18114187_881,881,Basemap 1 experiment,98,1,379,2,20000,3121.51439344387,0.001,0.05,0,10,0.005,140,-10,10,3000,1,FALSE,multiplicative,0.1,0.4,6,fractal,0.4,0.01
88567594,2026_09_04 15:06:45,18114187_880,880,Basemap 1 experiment,97,1,377,2,20000,1796.46487976205,0.001,0.05,0,10,0.005,140,-10,10,3000,1,FALSE,multiplicative,0.1,0.4,6,fractal,0.4,0.01
34317422,2026_09_04 15:06:45,18114187_882,882,Basemap 1 experiment,99,1,381,2,20000,1879.67437869816,0.001,0.05,0,10,0.005,140,-10,10,3000,1,FALSE,multiplicative,0.1,0.4,6,fractal,0.4,0.01
57954593,2026_09_04 15:06:45,18114187_892,892,Basemap 1 experiment,109,1,401,2,20000,2214.41126133434,0.001,0.05,0,10,0.005,140,-10,10,3000,1,FALSE,multiplicative,0.1,0.4,6,fractal,0.4,0.01
38249879,2026_09_04 15:06:45,18114187_889,889,Basemap 1 experiment,106,1,395,2,20000,2676.26153751617,0.001,0.05,0,10,0.005,140,-10,10,3000,1,FALSE,multiplicative,0.1,0.4,6,fractal,0.4,0.01
88641508,2026_09_04 15:06:45,18114187_891,891,Basemap 1 experiment,108,1,399,2,20000,979.701436530544,0.001,0.05,0,10,0.005,140,-10,10,3000,1,FALSE,multiplicative,0.1,0.4,6,fractal,0.4,0.01
33814025,2026_09_04 15:06:45,18114187_890,890,Basemap 1 experiment,107,1,397,2,20000,1815.12848889598,0.001,0.05,0,10,0.005,140,-10,10,3000,1,FALSE,multiplicative,0.1,0.4,6,fractal,0.4,0.01
13108587,2026_09_04 15:06:47,18114187_920,920,Basemap 1 experiment,37,1,257,2,20000,854.956070927776,0.001,0.05,0,10,0.005,140,-10,10,3000,1,FALSE,multiplicative,0.1,0.4,11,fractal,0.1,0.01
86668204,2026_09_04 15:06:46,18114187_902,902,Basemap 1 experiment,19,1,221,2,20000,2040.87642025976,0.001,0.05,0,10,0.005,140,-10,10,3000,1,FALSE,multiplicative,0.1,0.4,11,fractal,0.1,0.01
87099232,2026_09_04 15:06:46,18114187_900,900,Basemap 1 experiment,117,1,417,2,20000,14.6637978395499,0.001,0.05,0,10,0.005,140,-10,10,3000,1,FALSE,multiplicative,0.1,0.4,6,fractal,0.4,0.01
67927446,2026_09_04 15:06:46,18114187_899,899,Basemap 1 experiment,116,1,415,2,20000,792.537994360818,0.001,0.05,0,10,0.005,140,-10,10,3000,1,FALSE,multiplicative,0.1,0.4,6,fractal,0.4,0.01
59162178,2026_09_04 15:06:46,18114187_901,901,Basemap 1 experiment,18,1,219,2,20000,989.370247371698,0.001,0.05,0,10,0.005,140,-10,10,3000,1,FALSE,multiplicative,0.1,0.4,11,fractal,0.1,0.01
35562709,2026_09_04 15:06:47,18114187_935,935,Basemap 1 experiment,52,1,287,2,20000,2113.50059557868,0.001,0.05,0,10,0.005,140,-10,10,3000,1,FALSE,multiplicative,0.1,0.4,11,fractal,0.1,0.01
40710120,2026_09_04 15:06:47,18114187_927,927,Basemap 1 experiment,44,1,271,2,20000,3101.53415000135,0.001,0.05,0,10,0.005,140,-10,10,3000,1,FALSE,multiplicative,0.1,0.4,11,fractal,0.1,0.01
86941437,2026_09_04 15:06:47,18114187_930,930,Basemap 1 experiment,47,1,277,2,20000,2587.66701005728,0.001,0.05,0,10,0.005,140,-10,10,3000,1,FALSE,multiplicative,0.1,0.4,11,fractal,0.1,0.01
63671035,2026_09_04 15:06:47,18114187_929,929,Basemap 1 experiment,46,1,275,2,20000,1737.05134942494,0.001,0.05,0,10,0.005,140,-10,10,3000,1,FALSE,multiplicative,0.1,0.4,11,fractal,0.1,0.01
81897446,2026_09_04 15:06:47,18114187_932,932,Basemap 1 experiment,49,1,281,2,20000,2818.50099909916,0.001,0.05,0,10,0.005,140,-10,10,3000,1,FALSE,multiplicative,0.1,0.4,11,fractal,0.1,0.01
76723252,2026_09_04 15:06:47,18114187_934,934,Basemap 1 experiment,51,1,285,2,20000,14.7339675330832,0.001,0.05,0,10,0.005,140,-10,10,3000,1,FALSE,multiplicative,0.1,0.4,11,fractal,0.1,0.01
47851591,2026_09_04 15:06:47,18114187_928,928,Basemap 1 experiment,45,1,273,2,20000,1108.5204837492,0.001,0.05,0,10,0.005,140,-10,10,3000,1,FALSE,multiplicative,0.1,0.4,11,fractal,0.1,0.01
66775493,2026_09_04 15:06:47,18114187_931,931,Basemap 1 experiment,48,1,279,2,20000,2361.03050749552,0.001,0.05,0,10,0.005,140,-10,10,3000,1,FALSE,multiplicative,0.1,0.4,11,fractal,0.1,0.01
92672624,2026_09_04 15:06:47,18114187_933,933,Basemap 1 experiment,50,1,283,2,20000,953.072690831937,0.001,0.05,0,10,0.005,140,-10,10,3000,1,FALSE,multiplicative,0.1,0.4,11,fractal,0.1,0.01
92076748,2026_09_04 15:06:45,18114187_876,876,Basemap 1 experiment,93,1,369,2,20000,1266.70917312372,0.001,0.05,0,10,0.005,140,-10,10,3000,1,FALSE,multiplicative,0.1,0.4,6,fractal,0.4,0.01
29731496,2026_09_04 15:06:45,18114187_875,875,Basemap 1 experiment,92,1,367,2,20000,2182.85975054977,0.001,0.05,0,10,0.005,140,-10,10,3000,1,FALSE,multiplicative,0.1,0.4,6,fractal,0.4,0.01
47885757,2026_09_04 15:06:47,18114187_906,906,Basemap 1 experiment,23,1,229,2,20000,14.9739230561787,0.001,0.05,0,10,0.005,140,-10,10,3000,1,FALSE,multiplicative,0.1,0.4,11,fractal,0.1,0.01
53945722,2026_09_04 15:06:47,18114187_905,905,Basemap 1 experiment,22,1,227,2,20000,1405.91239235663,0.001,0.05,0,10,0.005,140,-10,10,3000,1,FALSE,multiplicative,0.1,0.4,11,fractal,0.1,0.01
94149002,2026_09_04 15:06:47,18114187_897,897,Basemap 1 experiment,114,1,411,2,20000,14.566098673372,0.001,0.05,0,10,0.005,140,-10,10,3000,1,FALSE,multiplicative,0.1,0.4,6,fractal,0.4,0.01
24620168,2026_09_04 15:06:47,18114187_896,896,Basemap 1 experiment,113,1,409,2,20000,1465.74148443907,0.001,0.05,0,10,0.005,140,-10,10,3000,1,FALSE,multiplicative,0.1,0.4,6,fractal,0.4,0.01
68424810,2026_09_04 15:06:47,18114187_894,894,Basemap 1 experiment,111,1,405,2,20000,987.859062425916,0.001,0.05,0,10,0.005,140,-10,10,3000,1,FALSE,multiplicative,0.1,0.4,6,fractal,0.4,0.01
11974462,2026_09_04 15:06:47,18114187_895,895,Basemap 1 experiment,112,1,407,2,20000,757.718655414366,0.001,0.05,0,10,0.005,140,-10,10,3000,1,FALSE,multiplicative,0.1,0.4,6,fractal,0.4,0.01
95553520,2026_09_04 15:06:48,18114187_898,898,Basemap 1 experiment,115,1,413,2,20000,878.248865366414,0.001,0.05,0,10,0.005,140,-10,10,3000,1,FALSE,multiplicative,0.1,0.4,6,fractal,0.4,0.01
64651162,2026_09_04 15:06:47,18114187_873,873,Basemap 1 experiment,90,1,363,2,20000,2388.83146931255,0.001,0.05,0,10,0.005,140,-10,10,3000,1,FALSE,multiplicative,0.1,0.4,6,fractal,0.4,0.01
56726737,2026_09_04 15:06:49,18114187_908,908,Basemap 1 experiment,25,1,233,2,20000,15.423038594191,0.001,0.05,0,10,0.005,140,-10,10,3000,1,FALSE,multiplicative,0.1,0.4,11,fractal,0.1,0.01
89045157,2026_09_04 15:06:49,18114187_907,907,Basemap 1 experiment,24,1,231,2,20000,1088.67020623715,0.001,0.05,0,10,0.005,140,-10,10,3000,1,FALSE,multiplicative,0.1,0.4,11,fractal,0.1,0.01
52897440,2026_09_04 15:06:48,18114187_877,877,Basemap 1 experiment,94,1,371,2,20000,2294.46581829664,0.001,0.05,0,10,0.005,140,-10,10,3000,1,FALSE,multiplicative,0.1,0.4,6,fractal,0.4,0.01
11797459,2026_09_04 15:06:49,18114187_910,910,Basemap 1 experiment,27,1,237,2,20000,1743.76007067125,0.001,0.05,0,10,0.005,140,-10,10,3000,1,FALSE,multiplicative,0.1,0.4,11,fractal,0.1,0.01
70651637,2026_09_04 15:06:49,18114187_909,909,Basemap 1 experiment,26,1,235,2,20000,1462.27553065958,0.001,0.05,0,10,0.005,140,-10,10,3000,1,FALSE,multiplicative,0.1,0.4,11,fractal,0.1,0.01
11939784,2026_09_04 15:06:49,18114187_912,912,Basemap 1 experiment,29,1,241,2,20000,1992.10608873458,0.001,0.05,0,10,0.005,140,-10,10,3000,1,FALSE,multiplicative,0.1,0.4,11,fractal,0.1,0.01
54358195,2026_09_04 15:06:49,18114187_911,911,Basemap 1 experiment,28,1,239,2,20000,2860.16229692603,0.001,0.05,0,10,0.005,140,-10,10,3000,1,FALSE,multiplicative,0.1,0.4,11,fractal,0.1,0.01
75949754,2026_09_04 15:06:49,18114187_903,903,Basemap 1 experiment,20,1,223,2,20000,1975.70162000982,0.001,0.05,0,10,0.005,140,-10,10,3000,1,FALSE,multiplicative,0.1,0.4,11,fractal,0.1,0.01
66157769,2026_09_04 15:06:50,18114187_904,904,Basemap 1 experiment,21,1,225,2,20000,2068.54522018042,0.001,0.05,0,10,0.005,140,-10,10,3000,1,FALSE,multiplicative,0.1,0.4,11,fractal,0.1,0.01
28800368,2026_09_04 15:06:52,18114187_874,874,Basemap 1 experiment,91,1,365,2,20000,15.5011546902045,0.001,0.05,0,10,0.005,140,-10,10,3000,1,FALSE,multiplicative,0.1,0.4,6,fractal,0.4,0.01
77237754,2026_09_04 15:06:54,18114187_925,925,Basemap 1 experiment,42,1,267,2,20000,14.8951873009222,0.001,0.05,0,10,0.005,140,-10,10,3000,1,FALSE,multiplicative,0.1,0.4,11,fractal,0.1,0.01
54672148,2026_09_04 15:06:54,18114187_926,926,Basemap 1 experiment,43,1,269,2,20000,1288.94713367896,0.001,0.05,0,10,0.005,140,-10,10,3000,1,FALSE,multiplicative,0.1,0.4,11,fractal,0.1,0.01
15658953,2026_09_04 15:06:54,18114187_922,922,Basemap 1 experiment,39,1,261,2,20000,788.847660211343,0.001,0.05,0,10,0.005,140,-10,10,3000,1,FALSE,multiplicative,0.1,0.4,11,fractal,0.1,0.01
75117516,2026_09_04 15:06:54,18114187_924,924,Basemap 1 experiment,41,1,265,2,20000,3285.6501400137,0.001,0.05,0,10,0.005,140,-10,10,3000,1,FALSE,multiplicative,0.1,0.4,11,fractal,0.1,0.01
63570541,2026_09_04 15:06:54,18114187_923,923,Basemap 1 experiment,40,1,263,2,20000,2354.90547702861,0.001,0.05,0,10,0.005,140,-10,10,3000,1,FALSE,multiplicative,0.1,0.4,11,fractal,0.1,0.01
21820614,2026_09_04 15:09:42,18114187_939,939,Basemap 1 experiment,56,1,295,2,20000,2187.04488736504,0.001,0.05,0,10,0.005,140,-10,10,3000,1,FALSE,multiplicative,0.1,0.4,11,fractal,0.1,0.01
52054837,2026_09_04 15:09:43,18114187_940,940,Basemap 1 experiment,57,1,297,2,20000,14.5535716001118,0.001,0.05,0,10,0.005,140,-10,10,3000,1,FALSE,multiplicative,0.1,0.4,11,fractal,0.1,0.01
29995262,2026_09_04 15:09:43,18114187_948,948,Basemap 1 experiment,65,1,313,2,20000,2427.2997487573,0.001,0.05,0,10,0.005,140,-10,10,3000,1,FALSE,multiplicative,0.1,0.4,11,fractal,0.1,0.01
56987702,2026_09_04 15:09:43,18114187_949,949,Basemap 1 experiment,66,1,315,2,20000,928.031403881146,0.001,0.05,0,10,0.005,140,-10,10,3000,1,FALSE,multiplicative,0.1,0.4,11,fractal,0.1,0.01
42539799,2026_09_04 15:09:44,18114187_947,947,Basemap 1 experiment,64,1,311,2,20000,2723.48430455325,0.001,0.05,0,10,0.005,140,-10,10,3000,1,FALSE,multiplicative,0.1,0.4,11,fractal,0.1,0.01
85062934,2026_09_04 15:09:44,18114187_946,946,Basemap 1 experiment,63,1,309,2,20000,1378.05320800907,0.001,0.05,0,10,0.005,140,-10,10,3000,1,FALSE,multiplicative,0.1,0.4,11,fractal,0.1,0.01
69659513,2026_09_04 15:09:45,18114187_937,937,Basemap 1 experiment,54,1,291,2,20000,3013.22019097841,0.001,0.05,0,10,0.005,140,-10,10,3000,1,FALSE,multiplicative,0.1,0.4,11,fractal,0.1,0.01
78826741,2026_09_04 15:09:45,18114187_967,967,Basemap 1 experiment,84,1,351,2,20000,2033.78394362798,0.001,0.05,0,10,0.005,140,-10,10,3000,1,FALSE,multiplicative,0.1,0.4,11,fractal,0.1,0.01
93261936,2026_09_04 15:09:45,18114187_968,968,Basemap 1 experiment,85,1,353,2,20000,2776.01808143847,0.001,0.05,0,10,0.005,140,-10,10,3000,1,FALSE,multiplicative,0.1,0.4,11,fractal,0.1,0.01
52436374,2026_09_04 15:09:45,18114187_966,966,Basemap 1 experiment,83,1,349,2,20000,2854.29888941966,0.001,0.05,0,10,0.005,140,-10,10,3000,1,FALSE,multiplicative,0.1,0.4,11,fractal,0.1,0.01
22527563,2026_09_04 15:09:45,18114187_936,936,Basemap 1 experiment,53,1,289,2,20000,2662.07889589694,0.001,0.05,0,10,0.005,140,-10,10,3000,1,FALSE,multiplicative,0.1,0.4,11,fractal,0.1,0.01
73922965,2026_09_04 15:09:46,18114187_951,951,Basemap 1 experiment,68,1,319,2,20000,14.583629646427,0.001,0.05,0,10,0.005,140,-10,10,3000,1,FALSE,multiplicative,0.1,0.4,11,fractal,0.1,0.01
73823363,2026_09_04 15:09:46,18114187_950,950,Basemap 1 experiment,67,1,317,2,20000,1785.51345896885,0.001,0.05,0,10,0.005,140,-10,10,3000,1,FALSE,multiplicative,0.1,0.4,11,fractal,0.1,0.01
84990055,2026_09_04 15:09:47,18114187_971,971,Basemap 1 experiment,88,1,359,2,20000,14.8311357768182,0.001,0.05,0,10,0.005,140,-10,10,3000,1,FALSE,multiplicative,0.1,0.4,11,fractal,0.1,0.01
70331891,2026_09_04 15:09:47,18114187_973,973,Basemap 1 experiment,90,1,363,2,20000,2388.83146931255,0.001,0.05,0,10,0.005,140,-10,10,3000,1,FALSE,multiplicative,0.1,0.4,11,fractal,0.1,0.01
44155317,2026_09_04 15:09:47,18114187_976,976,Basemap 1 experiment,93,1,369,2,20000,1266.70917312372,0.001,0.05,0,10,0.005,140,-10,10,3000,1,FALSE,multiplicative,0.1,0.4,11,fractal,0.1,0.01
60807419,2026_09_04 15:09:47,18114187_975,975,Basemap 1 experiment,92,1,367,2,20000,2182.85975054977,0.001,0.05,0,10,0.005,140,-10,10,3000,1,FALSE,multiplicative,0.1,0.4,11,fractal,0.1,0.01
96083250,2026_09_04 15:09:47,18114187_972,972,Basemap 1 experiment,89,1,361,2,20000,732.621622943574,0.001,0.05,0,10,0.005,140,-10,10,3000,1,FALSE,multiplicative,0.1,0.4,11,fractal,0.1,0.01
74276136,2026_09_04 15:09:47,18114187_977,977,Basemap 1 experiment,94,1,371,2,20000,2294.46581829664,0.001,0.05,0,10,0.005,140,-10,10,3000,1,FALSE,multiplicative,0.1,0.4,11,fractal,0.1,0.01
56253692,2026_09_04 15:09:47,18114187_978,978,Basemap 1 experiment,95,1,373,2,20000,2604.95726509002,0.001,0.05,0,10,0.005,140,-10,10,3000,1,FALSE,multiplicative,0.1,0.4,11,fractal,0.1,0.01
20539338,2026_09_04 15:09:47,18114187_974,974,Basemap 1 experiment,91,1,365,2,20000,15.5011546902045,0.001,0.05,0,10,0.005,140,-10,10,3000,1,FALSE,multiplicative,0.1,0.4,11,fractal,0.1,0.01
84307818,2026_09_04 15:09:49,18114187_970,970,Basemap 1 experiment,87,1,357,2,20000,14.6476458058007,0.001,0.05,0,10,0.005,140,-10,10,3000,1,FALSE,multiplicative,0.1,0.4,11,fractal,0.1,0.01
67755740,2026_09_04 15:09:49,18114187_969,969,Basemap 1 experiment,86,1,355,2,20000,14.9918495454571,0.001,0.05,0,10,0.005,140,-10,10,3000,1,FALSE,multiplicative,0.1,0.4,11,fractal,0.1,0.01
29722175,2026_09_04 15:09:49,18114187_945,945,Basemap 1 experiment,62,1,307,2,20000,1946.50704820748,0.001,0.05,0,10,0.005,140,-10,10,3000,1,FALSE,multiplicative,0.1,0.4,11,fractal,0.1,0.01
80223740,2026_09_04 15:09:49,18114187_944,944,Basemap 1 experiment,61,1,305,2,20000,14.47456787638,0.001,0.05,0,10,0.005,140,-10,10,3000,1,FALSE,multiplicative,0.1,0.4,11,fractal,0.1,0.01
74799730,2026_09_04 15:09:49,18114187_942,942,Basemap 1 experiment,59,1,301,2,20000,2167.86536095686,0.001,0.05,0,10,0.005,140,-10,10,3000,1,FALSE,multiplicative,0.1,0.4,11,fractal,0.1,0.01
96452094,2026_09_04 15:09:49,18114187_943,943,Basemap 1 experiment,60,1,303,2,20000,14.4715818079739,0.001,0.05,0,10,0.005,140,-10,10,3000,1,FALSE,multiplicative,0.1,0.4,11,fractal,0.1,0.01
16349355,2026_09_04 15:09:49,18114187_938,938,Basemap 1 experiment,55,1,293,2,20000,15.9661291621639,0.001,0.05,0,10,0.005,140,-10,10,3000,1,FALSE,multiplicative,0.1,0.4,11,fractal,0.1,0.01
87684917,2026_09_04 15:09:50,18114187_941,941,Basemap 1 experiment,58,1,299,2,20000,1053.51677407167,0.001,0.05,0,10,0.005,140,-10,10,3000,1,FALSE,multiplicative,0.1,0.4,11,fractal,0.1,0.01
61401336,2026_09_04 15:09:53,18114187_959,959,Basemap 1 experiment,76,1,335,2,20000,1725.55561754008,0.001,0.05,0,10,0.005,140,-10,10,3000,1,FALSE,multiplicative,0.1,0.4,11,fractal,0.1,0.01
80114206,2026_09_04 15:09:53,18114187_958,958,Basemap 1 experiment,75,1,333,2,20000,14.8609912017103,0.001,0.05,0,10,0.005,140,-10,10,3000,1,FALSE,multiplicative,0.1,0.4,11,fractal,0.1,0.01
48777054,2026_09_04 15:09:53,18114187_955,955,Basemap 1 experiment,72,1,327,2,20000,14.8966338695355,0.001,0.05,0,10,0.005,140,-10,10,3000,1,FALSE,multiplicative,0.1,0.4,11,fractal,0.1,0.01
89682611,2026_09_04 15:09:53,18114187_954,954,Basemap 1 experiment,71,1,325,2,20000,2649.90910431587,0.001,0.05,0,10,0.005,140,-10,10,3000,1,FALSE,multiplicative,0.1,0.4,11,fractal,0.1,0.01
13848946,2026_09_04 15:09:53,18114187_962,962,Basemap 1 experiment,79,1,341,2,20000,2587.56393979408,0.001,0.05,0,10,0.005,140,-10,10,3000,1,FALSE,multiplicative,0.1,0.4,11,fractal,0.1,0.01
33457098,2026_09_04 15:09:53,18114187_953,953,Basemap 1 experiment,70,1,323,2,20000,1375.69893375713,0.001,0.05,0,10,0.005,140,-10,10,3000,1,FALSE,multiplicative,0.1,0.4,11,fractal,0.1,0.01
44287610,2026_09_04 15:09:53,18114187_963,963,Basemap 1 experiment,80,1,343,2,20000,14.9183643511873,0.001,0.05,0,10,0.005,140,-10,10,3000,1,FALSE,multiplicative,0.1,0.4,11,fractal,0.1,0.01
12130323,2026_09_04 15:09:53,18114187_957,957,Basemap 1 experiment,74,1,331,2,20000,16.276738582679,0.001,0.05,0,10,0.005,140,-10,10,3000,1,FALSE,multiplicative,0.1,0.4,11,fractal,0.1,0.01
60716723,2026_09_04 15:09:53,18114187_952,952,Basemap 1 experiment,69,1,321,2,20000,1150.41460926698,0.001,0.05,0,10,0.005,140,-10,10,3000,1,FALSE,multiplicative,0.1,0.4,11,fractal,0.1,0.01
25040905,2026_09_04 15:09:53,18114187_956,956,Basemap 1 experiment,73,1,329,2,20000,2066.89530504284,0.001,0.05,0,10,0.005,140,-10,10,3000,1,FALSE,multiplicative,0.1,0.4,11,fractal,0.1,0.01
13517405,2026_09_04 15:09:53,18114187_961,961,Basemap 1 experiment,78,1,339,2,20000,14.6890577881868,0.001,0.05,0,10,0.005,140,-10,10,3000,1,FALSE,multiplicative,0.1,0.4,11,fractal,0.1,0.01
34956597,2026_09_04 15:09:53,18114187_960,960,Basemap 1 experiment,77,1,337,2,20000,2375.37591174792,0.001,0.05,0,10,0.005,140,-10,10,3000,1,FALSE,multiplicative,0.1,0.4,11,fractal,0.1,0.01
69953790,2026_09_04 15:09:55,18114187_965,965,Basemap 1 experiment,82,1,347,2,20000,14.8873728104569,0.001,0.05,0,10,0.005,140,-10,10,3000,1,FALSE,multiplicative,0.1,0.4,11,fractal,0.1,0.01
73648019,2026_09_04 15:09:55,18114187_964,964,Basemap 1 experiment,81,1,345,2,20000,1260.64243121824,0.001,0.05,0,10,0.005,140,-10,10,3000,1,FALSE,multiplicative,0.1,0.4,11,fractal,0.1,0.01
93390844,2026_09_04 15:12:43,18114187_981,981,Basemap 1 experiment,98,1,379,2,20000,3121.51439344387,0.001,0.05,0,10,0.005,140,-10,10,3000,1,FALSE,multiplicative,0.1,0.4,11,fractal,0.1,0.01
51243281,2026_09_04 15:12:43,18114187_979,979,Basemap 1 experiment,96,1,375,2,20000,14.7329802949794,0.001,0.05,0,10,0.005,140,-10,10,3000,1,FALSE,multiplicative,0.1,0.4,11,fractal,0.1,0.01
96469148,2026_09_04 15:12:43,18114187_980,980,Basemap 1 experiment,97,1,377,2,20000,1796.46487976205,0.001,0.05,0,10,0.005,140,-10,10,3000,1,FALSE,multiplicative,0.1,0.4,11,fractal,0.1,0.01
71380162,2026_09_04 15:12:43,18114187_992,992,Basemap 1 experiment,109,1,401,2,20000,2214.41126133434,0.001,0.05,0,10,0.005,140,-10,10,3000,1,FALSE,multiplicative,0.1,0.4,11,fractal,0.1,0.01
51185497,2026_09_04 15:12:43,18114187_991,991,Basemap 1 experiment,108,1,399,2,20000,979.701436530544,0.001,0.05,0,10,0.005,140,-10,10,3000,1,FALSE,multiplicative,0.1,0.4,11,fractal,0.1,0.01
76403449,2026_09_04 15:12:44,18114187_989,989,Basemap 1 experiment,106,1,395,2,20000,2676.26153751617,0.001,0.05,0,10,0.005,140,-10,10,3000,1,FALSE,multiplicative,0.1,0.4,11,fractal,0.1,0.01
37392181,2026_09_04 15:12:44,18114187_990,990,Basemap 1 experiment,107,1,397,2,20000,1815.12848889598,0.001,0.05,0,10,0.005,140,-10,10,3000,1,FALSE,multiplicative,0.1,0.4,11,fractal,0.1,0.01
34983432,2026_09_04 15:12:43,18114187_999,999,Basemap 1 experiment,116,1,415,2,20000,792.537994360818,0.001,0.05,0,10,0.005,140,-10,10,3000,1,FALSE,multiplicative,0.1,0.4,11,fractal,0.1,0.01
97517669,2026_09_04 15:12:43,18114187_998,998,Basemap 1 experiment,115,1,413,2,20000,878.248865366414,0.001,0.05,0,10,0.005,140,-10,10,3000,1,FALSE,multiplicative,0.1,0.4,11,fractal,0.1,0.01
13104538,2026_09_04 15:12:44,18114187_997,997,Basemap 1 experiment,114,1,411,2,20000,14.566098673372,0.001,0.05,0,10,0.005,140,-10,10,3000,1,FALSE,multiplicative,0.1,0.4,11,fractal,0.1,0.01
16293018,2026_09_04 15:12:44,18114187_1013,1013,Basemap 1 experiment,30,1,243,2,20000,1512.65862780803,0.001,0.05,0,10,0.005,140,-10,10,3000,1,FALSE,multiplicative,0.1,0.4,16,fractal,0.1,0.01
96689140,2026_09_04 15:12:44,18114187_1012,1012,Basemap 1 experiment,29,1,241,2,20000,1992.10608873458,0.001,0.05,0,10,0.005,140,-10,10,3000,1,FALSE,multiplicative,0.1,0.4,16,fractal,0.1,0.01
53088837,2026_09_04 15:12:44,18114187_995,995,Basemap 1 experiment,112,1,407,2,20000,757.718655414366,0.001,0.05,0,10,0.005,140,-10,10,3000,1,FALSE,multiplicative,0.1,0.4,11,fractal,0.1,0.01
65866674,2026_09_04 15:12:44,18114187_996,996,Basemap 1 experiment,113,1,409,2,20000,1465.74148443907,0.001,0.05,0,10,0.005,140,-10,10,3000,1,FALSE,multiplicative,0.1,0.4,11,fractal,0.1,0.01
65042840,2026_09_04 15:12:44,18114187_994,994,Basemap 1 experiment,111,1,405,2,20000,987.859062425916,0.001,0.05,0,10,0.005,140,-10,10,3000,1,FALSE,multiplicative,0.1,0.4,11,fractal,0.1,0.01
48197915,2026_09_04 15:12:44,18114187_993,993,Basemap 1 experiment,110,1,403,2,20000,14.8381932788461,0.001,0.05,0,10,0.005,140,-10,10,3000,1,FALSE,multiplicative,0.1,0.4,11,fractal,0.1,0.01
23255269,2026_09_04 15:12:45,18114187_986,986,Basemap 1 experiment,103,1,389,2,20000,14.7332078882533,0.001,0.05,0,10,0.005,140,-10,10,3000,1,FALSE,multiplicative,0.1,0.4,11,fractal,0.1,0.01
86676444,2026_09_04 15:12:45,18114187_988,988,Basemap 1 experiment,105,1,393,2,20000,1094.94483397396,0.001,0.05,0,10,0.005,140,-10,10,3000,1,FALSE,multiplicative,0.1,0.4,11,fractal,0.1,0.01
41324024,2026_09_04 15:12:45,18114187_985,985,Basemap 1 experiment,102,1,387,2,20000,2510.66056126296,0.001,0.05,0,10,0.005,140,-10,10,3000,1,FALSE,multiplicative,0.1,0.4,11,fractal,0.1,0.01
90905499,2026_09_04 15:12:45,18114187_987,987,Basemap 1 experiment,104,1,391,2,20000,3129.69733828298,0.001,0.05,0,10,0.005,140,-10,10,3000,1,FALSE,multiplicative,0.1,0.4,11,fractal,0.1,0.01
39565411,2026_09_04 15:12:45,18114187_1014,1014,Basemap 1 experiment,31,1,245,2,20000,1482.72976514484,0.001,0.05,0,10,0.005,140,-10,10,3000,1,FALSE,multiplicative,0.1,0.4,16,fractal,0.1,0.01
61815326,2026_09_04 15:12:45,18114187_1021,1021,Basemap 1 experiment,38,1,259,2,20000,760.415213867477,0.001,0.05,0,10,0.005,140,-10,10,3000,1,FALSE,multiplicative,0.1,0.4,16,fractal,0.1,0.01
28637767,2026_09_04 15:12:45,18114187_1022,1022,Basemap 1 experiment,39,1,261,2,20000,788.847660211343,0.001,0.05,0,10,0.005,140,-10,10,3000,1,FALSE,multiplicative,0.1,0.4,16,fractal,0.1,0.01
67686057,2026_09_04 15:12:46,18114187_1017,1017,Basemap 1 experiment,34,1,251,2,20000,2354.09468048382,0.001,0.05,0,10,0.005,140,-10,10,3000,1,FALSE,multiplicative,0.1,0.4,16,fractal,0.1,0.01
85494464,2026_09_04 15:12:46,18114187_1016,1016,Basemap 1 experiment,33,1,249,2,20000,895.666479211213,0.001,0.05,0,10,0.005,140,-10,10,3000,1,FALSE,multiplicative,0.1,0.4,16,fractal,0.1,0.01
83811326,2026_09_04 15:12:46,18114187_1018,1018,Basemap 1 experiment,35,1,253,2,20000,966.142650706626,0.001,0.05,0,10,0.005,140,-10,10,3000,1,FALSE,multiplicative,0.1,0.4,16,fractal,0.1,0.01
94556361,2026_09_04 15:12:46,18114187_1015,1015,Basemap 1 experiment,32,1,247,2,20000,1064.41620299084,0.001,0.05,0,10,0.005,140,-10,10,3000,1,FALSE,multiplicative,0.1,0.4,16,fractal,0.1,0.01
76958847,2026_09_04 15:12:46,18114187_1029,1029,Basemap 1 experiment,46,1,275,2,20000,1737.05134942494,0.001,0.05,0,10,0.005,140,-10,10,3000,1,FALSE,multiplicative,0.1,0.4,16,fractal,0.1,0.01
59140568,2026_09_04 15:12:46,18114187_1028,1028,Basemap 1 experiment,45,1,273,2,20000,1108.5204837492,0.001,0.05,0,10,0.005,140,-10,10,3000,1,FALSE,multiplicative,0.1,0.4,16,fractal,0.1,0.01
90317615,2026_09_04 15:12:47,18114187_1024,1024,Basemap 1 experiment,41,1,265,2,20000,3285.6501400137,0.001,0.05,0,10,0.005,140,-10,10,3000,1,FALSE,multiplicative,0.1,0.4,16,fractal,0.1,0.01
23444062,2026_09_04 15:12:47,18114187_1025,1025,Basemap 1 experiment,42,1,267,2,20000,14.8951873009222,0.001,0.05,0,10,0.005,140,-10,10,3000,1,FALSE,multiplicative,0.1,0.4,16,fractal,0.1,0.01
45734833,2026_09_04 15:12:47,18114187_1023,1023,Basemap 1 experiment,40,1,263,2,20000,2354.90547702861,0.001,0.05,0,10,0.005,140,-10,10,3000,1,FALSE,multiplicative,0.1,0.4,16,fractal,0.1,0.01
91327432,2026_09_04 15:12:47,18114187_1032,1032,Basemap 1 experiment,49,1,281,2,20000,2818.50099909916,0.001,0.05,0,10,0.005,140,-10,10,3000,1,FALSE,multiplicative,0.1,0.4,16,fractal,0.1,0.01
54461792,2026_09_04 15:12:47,18114187_1033,1033,Basemap 1 experiment,50,1,283,2,20000,953.072690831937,0.001,0.05,0,10,0.005,140,-10,10,3000,1,FALSE,multiplicative,0.1,0.4,16,fractal,0.1,0.01
76339874,2026_09_04 15:12:47,18114187_1035,1035,Basemap 1 experiment,52,1,287,2,20000,2113.50059557868,0.001,0.05,0,10,0.005,140,-10,10,3000,1,FALSE,multiplicative,0.1,0.4,16,fractal,0.1,0.01
95127834,2026_09_04 15:12:47,18114187_1034,1034,Basemap 1 experiment,51,1,285,2,20000,14.7339675330832,0.001,0.05,0,10,0.005,140,-10,10,3000,1,FALSE,multiplicative,0.1,0.4,16,fractal,0.1,0.01
86779144,2026_09_04 15:12:47,18114187_1027,1027,Basemap 1 experiment,44,1,271,2,20000,3101.53415000135,0.001,0.05,0,10,0.005,140,-10,10,3000,1,FALSE,multiplicative,0.1,0.4,16,fractal,0.1,0.01
95450021,2026_09_04 15:12:47,18114187_1026,1026,Basemap 1 experiment,43,1,269,2,20000,1288.94713367896,0.001,0.05,0,10,0.005,140,-10,10,3000,1,FALSE,multiplicative,0.1,0.4,16,fractal,0.1,0.01
51640637,2026_09_04 15:12:49,18114187_1008,1008,Basemap 1 experiment,25,1,233,2,20000,15.423038594191,0.001,0.05,0,10,0.005,140,-10,10,3000,1,FALSE,multiplicative,0.1,0.4,16,fractal,0.1,0.01
22739429,2026_09_04 15:12:49,18114187_1009,1009,Basemap 1 experiment,26,1,235,2,20000,1462.27553065958,0.001,0.05,0,10,0.005,140,-10,10,3000,1,FALSE,multiplicative,0.1,0.4,16,fractal,0.1,0.01
59938538,2026_09_04 15:12:49,18114187_1011,1011,Basemap 1 experiment,28,1,239,2,20000,2860.16229692603,0.001,0.05,0,10,0.005,140,-10,10,3000,1,FALSE,multiplicative,0.1,0.4,16,fractal,0.1,0.01
67076441,2026_09_04 15:12:49,18114187_1002,1002,Basemap 1 experiment,19,1,221,2,20000,2040.87642025976,0.001,0.05,0,10,0.005,140,-10,10,3000,1,FALSE,multiplicative,0.1,0.4,16,fractal,0.1,0.01
71701218,2026_09_04 15:12:49,18114187_1003,1003,Basemap 1 experiment,20,1,223,2,20000,1975.70162000982,0.001,0.05,0,10,0.005,140,-10,10,3000,1,FALSE,multiplicative,0.1,0.4,16,fractal,0.1,0.01
24109295,2026_09_04 15:12:49,18114187_1001,1001,Basemap 1 experiment,18,1,219,2,20000,989.370247371698,0.001,0.05,0,10,0.005,140,-10,10,3000,1,FALSE,multiplicative,0.1,0.4,16,fractal,0.1,0.01
34310112,2026_09_04 15:12:49,18114187_1000,1000,Basemap 1 experiment,117,1,417,2,20000,14.6637978395499,0.001,0.05,0,10,0.005,140,-10,10,3000,1,FALSE,multiplicative,0.1,0.4,11,fractal,0.1,0.01
14280701,2026_09_04 15:12:49,18114187_1010,1010,Basemap 1 experiment,27,1,237,2,20000,1743.76007067125,0.001,0.05,0,10,0.005,140,-10,10,3000,1,FALSE,multiplicative,0.1,0.4,16,fractal,0.1,0.01
67773534,2026_09_04 15:12:49,18114187_1007,1007,Basemap 1 experiment,24,1,231,2,20000,1088.67020623715,0.001,0.05,0,10,0.005,140,-10,10,3000,1,FALSE,multiplicative,0.1,0.4,16,fractal,0.1,0.01
27842077,2026_09_04 15:12:49,18114187_1006,1006,Basemap 1 experiment,23,1,229,2,20000,14.9739230561787,0.001,0.05,0,10,0.005,140,-10,10,3000,1,FALSE,multiplicative,0.1,0.4,16,fractal,0.1,0.01
90674296,2026_09_04 15:12:49,18114187_1005,1005,Basemap 1 experiment,22,1,227,2,20000,1405.91239235663,0.001,0.05,0,10,0.005,140,-10,10,3000,1,FALSE,multiplicative,0.1,0.4,16,fractal,0.1,0.01
41038190,2026_09_04 15:12:49,18114187_1004,1004,Basemap 1 experiment,21,1,225,2,20000,2068.54522018042,0.001,0.05,0,10,0.005,140,-10,10,3000,1,FALSE,multiplicative,0.1,0.4,16,fractal,0.1,0.01
30111625,2026_09_04 15:12:49,18114187_1020,1020,Basemap 1 experiment,37,1,257,2,20000,854.956070927776,0.001,0.05,0,10,0.005,140,-10,10,3000,1,FALSE,multiplicative,0.1,0.4,16,fractal,0.1,0.01
61537352,2026_09_04 15:12:49,18114187_982,982,Basemap 1 experiment,99,1,381,2,20000,1879.67437869816,0.001,0.05,0,10,0.005,140,-10,10,3000,1,FALSE,multiplicative,0.1,0.4,11,fractal,0.1,0.01
38968818,2026_09_04 15:12:49,18114187_983,983,Basemap 1 experiment,100,1,383,2,20000,1073.33983244526,0.001,0.05,0,10,0.005,140,-10,10,3000,1,FALSE,multiplicative,0.1,0.4,11,fractal,0.1,0.01
93540850,2026_09_04 15:12:49,18114187_984,984,Basemap 1 experiment,101,1,385,2,20000,14.7267497762107,0.001,0.05,0,10,0.005,140,-10,10,3000,1,FALSE,multiplicative,0.1,0.4,11,fractal,0.1,0.01
69484304,2026_09_04 15:12:52,18114187_1042,1042,Basemap 1 experiment,59,1,301,2,20000,2167.86536095686,0.001,0.05,0,10,0.005,140,-10,10,3000,1,FALSE,multiplicative,0.1,0.4,16,fractal,0.1,0.01
43029738,2026_09_04 15:12:52,18114187_1043,1043,Basemap 1 experiment,60,1,303,2,20000,14.4715818079739,0.001,0.05,0,10,0.005,140,-10,10,3000,1,FALSE,multiplicative,0.1,0.4,16,fractal,0.1,0.01
70228085,2026_09_04 15:12:52,18114187_1045,1045,Basemap 1 experiment,62,1,307,2,20000,1946.50704820748,0.001,0.05,0,10,0.005,140,-10,10,3000,1,FALSE,multiplicative,0.1,0.4,16,fractal,0.1,0.01
12529961,2026_09_04 15:12:52,18114187_1036,1036,Basemap 1 experiment,53,1,289,2,20000,2662.07889589694,0.001,0.05,0,10,0.005,140,-10,10,3000,1,FALSE,multiplicative,0.1,0.4,16,fractal,0.1,0.01
61147681,2026_09_04 15:12:52,18114187_1038,1038,Basemap 1 experiment,55,1,293,2,20000,15.9661291621639,0.001,0.05,0,10,0.005,140,-10,10,3000,1,FALSE,multiplicative,0.1,0.4,16,fractal,0.1,0.01
13128431,2026_09_04 15:12:52,18114187_1037,1037,Basemap 1 experiment,54,1,291,2,20000,3013.22019097841,0.001,0.05,0,10,0.005,140,-10,10,3000,1,FALSE,multiplicative,0.1,0.4,16,fractal,0.1,0.01
97635529,2026_09_04 15:12:52,18114187_1040,1040,Basemap 1 experiment,57,1,297,2,20000,14.5535716001118,0.001,0.05,0,10,0.005,140,-10,10,3000,1,FALSE,multiplicative,0.1,0.4,16,fractal,0.1,0.01
39096717,2026_09_04 15:12:52,18114187_1041,1041,Basemap 1 experiment,58,1,299,2,20000,1053.51677407167,0.001,0.05,0,10,0.005,140,-10,10,3000,1,FALSE,multiplicative,0.1,0.4,16,fractal,0.1,0.01
47776635,2026_09_04 15:12:52,18114187_1039,1039,Basemap 1 experiment,56,1,295,2,20000,2187.04488736504,0.001,0.05,0,10,0.005,140,-10,10,3000,1,FALSE,multiplicative,0.1,0.4,16,fractal,0.1,0.01
61356992,2026_09_04 15:12:52,18114187_1044,1044,Basemap 1 experiment,61,1,305,2,20000,14.47456787638,0.001,0.05,0,10,0.005,140,-10,10,3000,1,FALSE,multiplicative,0.1,0.4,16,fractal,0.1,0.01
41899752,2026_09_04 15:12:52,18114187_1046,1046,Basemap 1 experiment,63,1,309,2,20000,1378.05320800907,0.001,0.05,0,10,0.005,140,-10,10,3000,1,FALSE,multiplicative,0.1,0.4,16,fractal,0.1,0.01
13136261,2026_09_04 15:12:52,18114187_1047,1047,Basemap 1 experiment,64,1,311,2,20000,2723.48430455325,0.001,0.05,0,10,0.005,140,-10,10,3000,1,FALSE,multiplicative,0.1,0.4,16,fractal,0.1,0.01
94372324,2026_09_04 15:12:53,18114187_1019,1019,Basemap 1 experiment,36,1,255,2,20000,1348.45815982213,0.001,0.05,0,10,0.005,140,-10,10,3000,1,FALSE,multiplicative,0.1,0.4,16,fractal,0.1,0.01
81081621,2026_09_04 15:12:52,18114187_1031,1031,Basemap 1 experiment,48,1,279,2,20000,2361.03050749552,0.001,0.05,0,10,0.005,140,-10,10,3000,1,FALSE,multiplicative,0.1,0.4,16,fractal,0.1,0.01
29516005,2026_09_04 15:12:52,18114187_1030,1030,Basemap 1 experiment,47,1,277,2,20000,2587.66701005728,0.001,0.05,0,10,0.005,140,-10,10,3000,1,FALSE,multiplicative,0.1,0.4,16,fractal,0.1,0.01
88077858,2026_09_04 15:15:43,18114187_1048,1048,Basemap 1 experiment,65,1,313,2,20000,2427.2997487573,0.001,0.05,0,10,0.005,140,-10,10,3000,1,FALSE,multiplicative,0.1,0.4,16,fractal,0.1,0.01
18264387,2026_09_04 15:15:44,18114187_1069,1069,Basemap 1 experiment,86,1,355,2,20000,14.9918495454571,0.001,0.05,0,10,0.005,140,-10,10,3000,1,FALSE,multiplicative,0.1,0.4,16,fractal,0.1,0.01
42256953,2026_09_04 15:15:44,18114187_1068,1068,Basemap 1 experiment,85,1,353,2,20000,2776.01808143847,0.001,0.05,0,10,0.005,140,-10,10,3000,1,FALSE,multiplicative,0.1,0.4,16,fractal,0.1,0.01
61602211,2026_09_04 15:15:44,18114187_1067,1067,Basemap 1 experiment,84,1,351,2,20000,2033.78394362798,0.001,0.05,0,10,0.005,140,-10,10,3000,1,FALSE,multiplicative,0.1,0.4,16,fractal,0.1,0.01
27965718,2026_09_04 15:15:44,18114187_1066,1066,Basemap 1 experiment,83,1,349,2,20000,2854.29888941966,0.001,0.05,0,10,0.005,140,-10,10,3000,1,FALSE,multiplicative,0.1,0.4,16,fractal,0.1,0.01
83585459,2026_09_04 15:15:45,18114187_1065,1065,Basemap 1 experiment,82,1,347,2,20000,14.8873728104569,0.001,0.05,0,10,0.005,140,-10,10,3000,1,FALSE,multiplicative,0.1,0.4,16,fractal,0.1,0.01
56795167,2026_09_04 15:15:45,18114187_1064,1064,Basemap 1 experiment,81,1,345,2,20000,1260.64243121824,0.001,0.05,0,10,0.005,140,-10,10,3000,1,FALSE,multiplicative,0.1,0.4,16,fractal,0.1,0.01
70189458,2026_09_04 15:15:45,18114187_1063,1063,Basemap 1 experiment,80,1,343,2,20000,14.9183643511873,0.001,0.05,0,10,0.005,140,-10,10,3000,1,FALSE,multiplicative,0.1,0.4,16,fractal,0.1,0.01
49228496,2026_09_04 15:15:44,18114187_1051,1051,Basemap 1 experiment,68,1,319,2,20000,14.583629646427,0.001,0.05,0,10,0.005,140,-10,10,3000,1,FALSE,multiplicative,0.1,0.4,16,fractal,0.1,0.01
85235699,2026_09_04 15:15:45,18114187_1050,1050,Basemap 1 experiment,67,1,317,2,20000,1785.51345896885,0.001,0.05,0,10,0.005,140,-10,10,3000,1,FALSE,multiplicative,0.1,0.4,16,fractal,0.1,0.01
68175427,2026_09_04 15:15:45,18114187_1073,1073,Basemap 1 experiment,90,1,363,2,20000,2388.83146931255,0.001,0.05,0,10,0.005,140,-10,10,3000,1,FALSE,multiplicative,0.1,0.4,16,fractal,0.1,0.01
19807897,2026_09_04 15:15:45,18114187_1074,1074,Basemap 1 experiment,91,1,365,2,20000,15.5011546902045,0.001,0.05,0,10,0.005,140,-10,10,3000,1,FALSE,multiplicative,0.1,0.4,16,fractal,0.1,0.01
56649443,2026_09_04 15:15:45,18114187_1058,1058,Basemap 1 experiment,75,1,333,2,20000,14.8609912017103,0.001,0.05,0,10,0.005,140,-10,10,3000,1,FALSE,multiplicative,0.1,0.4,16,fractal,0.1,0.01
97944001,2026_09_04 15:15:45,18114187_1057,1057,Basemap 1 experiment,74,1,331,2,20000,16.276738582679,0.001,0.05,0,10,0.005,140,-10,10,3000,1,FALSE,multiplicative,0.1,0.4,16,fractal,0.1,0.01
37371113,2026_09_04 15:15:45,18114187_1056,1056,Basemap 1 experiment,73,1,329,2,20000,2066.89530504284,0.001,0.05,0,10,0.005,140,-10,10,3000,1,FALSE,multiplicative,0.1,0.4,16,fractal,0.1,0.01
25698594,2026_09_04 15:15:45,18114187_1055,1055,Basemap 1 experiment,72,1,327,2,20000,14.8966338695355,0.001,0.05,0,10,0.005,140,-10,10,3000,1,FALSE,multiplicative,0.1,0.4,16,fractal,0.1,0.01
22146799,2026_09_04 15:15:45,18114187_1053,1053,Basemap 1 experiment,70,1,323,2,20000,1375.69893375713,0.001,0.05,0,10,0.005,140,-10,10,3000,1,FALSE,multiplicative,0.1,0.4,16,fractal,0.1,0.01
88693229,2026_09_04 15:15:45,18114187_1052,1052,Basemap 1 experiment,69,1,321,2,20000,1150.41460926698,0.001,0.05,0,10,0.005,140,-10,10,3000,1,FALSE,multiplicative,0.1,0.4,16,fractal,0.1,0.01
37830425,2026_09_04 15:15:45,18114187_1054,1054,Basemap 1 experiment,71,1,325,2,20000,2649.90910431587,0.001,0.05,0,10,0.005,140,-10,10,3000,1,FALSE,multiplicative,0.1,0.4,16,fractal,0.1,0.01
14112731,2026_09_04 15:15:45,18114187_1061,1061,Basemap 1 experiment,78,1,339,2,20000,14.6890577881868,0.001,0.05,0,10,0.005,140,-10,10,3000,1,FALSE,multiplicative,0.1,0.4,16,fractal,0.1,0.01
84883631,2026_09_04 15:15:45,18114187_1059,1059,Basemap 1 experiment,76,1,335,2,20000,1725.55561754008,0.001,0.05,0,10,0.005,140,-10,10,3000,1,FALSE,multiplicative,0.1,0.4,16,fractal,0.1,0.01
33151828,2026_09_04 15:15:45,18114187_1060,1060,Basemap 1 experiment,77,1,337,2,20000,2375.37591174792,0.001,0.05,0,10,0.005,140,-10,10,3000,1,FALSE,multiplicative,0.1,0.4,16,fractal,0.1,0.01
10117443,2026_09_04 15:15:46,18114187_1062,1062,Basemap 1 experiment,79,1,341,2,20000,2587.56393979408,0.001,0.05,0,10,0.005,140,-10,10,3000,1,FALSE,multiplicative,0.1,0.4,16,fractal,0.1,0.01
44209505,2026_09_04 15:15:48,18114187_1076,1076,Basemap 1 experiment,93,1,369,2,20000,1266.70917312372,0.001,0.05,0,10,0.005,140,-10,10,3000,1,FALSE,multiplicative,0.1,0.4,16,fractal,0.1,0.01
33035916,2026_09_04 15:15:48,18114187_1077,1077,Basemap 1 experiment,94,1,371,2,20000,2294.46581829664,0.001,0.05,0,10,0.005,140,-10,10,3000,1,FALSE,multiplicative,0.1,0.4,16,fractal,0.1,0.01
67677410,2026_09_04 15:15:48,18114187_1078,1078,Basemap 1 experiment,95,1,373,2,20000,2604.95726509002,0.001,0.05,0,10,0.005,140,-10,10,3000,1,FALSE,multiplicative,0.1,0.4,16,fractal,0.1,0.01
22032759,2026_09_04 15:15:48,18114187_1079,1079,Basemap 1 experiment,96,1,375,2,20000,14.7329802949794,0.001,0.05,0,10,0.005,140,-10,10,3000,1,FALSE,multiplicative,0.1,0.4,16,fractal,0.1,0.01
80728141,2026_09_04 15:15:48,18114187_1075,1075,Basemap 1 experiment,92,1,367,2,20000,2182.85975054977,0.001,0.05,0,10,0.005,140,-10,10,3000,1,FALSE,multiplicative,0.1,0.4,16,fractal,0.1,0.01
73903110,2026_09_04 15:15:48,18114187_1081,1081,Basemap 1 experiment,98,1,379,2,20000,3121.51439344387,0.001,0.05,0,10,0.005,140,-10,10,3000,1,FALSE,multiplicative,0.1,0.4,16,fractal,0.1,0.01
40020258,2026_09_04 15:15:48,18114187_1080,1080,Basemap 1 experiment,97,1,377,2,20000,1796.46487976205,0.001,0.05,0,10,0.005,140,-10,10,3000,1,FALSE,multiplicative,0.1,0.4,16,fractal,0.1,0.01
76537334,2026_09_04 15:15:48,18114187_1082,1082,Basemap 1 experiment,99,1,381,2,20000,1879.67437869816,0.001,0.05,0,10,0.005,140,-10,10,3000,1,FALSE,multiplicative,0.1,0.4,16,fractal,0.1,0.01
59598022,2026_09_04 15:15:48,18114187_1083,1083,Basemap 1 experiment,100,1,383,2,20000,1073.33983244526,0.001,0.05,0,10,0.005,140,-10,10,3000,1,FALSE,multiplicative,0.1,0.4,16,fractal,0.1,0.01
43790008,2026_09_04 15:15:48,18114187_1072,1072,Basemap 1 experiment,89,1,361,2,20000,732.621622943574,0.001,0.05,0,10,0.005,140,-10,10,3000,1,FALSE,multiplicative,0.1,0.4,16,fractal,0.1,0.01
28631148,2026_09_04 15:15:54,18114187_1071,1071,Basemap 1 experiment,88,1,359,2,20000,14.8311357768182,0.001,0.05,0,10,0.005,140,-10,10,3000,1,FALSE,multiplicative,0.1,0.4,16,fractal,0.1,0.01
62763888,2026_09_04 15:15:54,18114187_1070,1070,Basemap 1 experiment,87,1,357,2,20000,14.6476458058007,0.001,0.05,0,10,0.005,140,-10,10,3000,1,FALSE,multiplicative,0.1,0.4,16,fractal,0.1,0.01
13318729,2026_09_04 15:18:42,18114187_1094,1094,Basemap 1 experiment,111,1,405,2,20000,987.859062425916,0.001,0.05,0,10,0.005,140,-10,10,3000,1,FALSE,multiplicative,0.1,0.4,16,fractal,0.1,0.01
13059564,2026_09_04 15:18:42,18114187_1095,1095,Basemap 1 experiment,112,1,407,2,20000,757.718655414366,0.001,0.05,0,10,0.005,140,-10,10,3000,1,FALSE,multiplicative,0.1,0.4,16,fractal,0.1,0.01
43915268,2026_09_04 15:18:42,18114187_1093,1093,Basemap 1 experiment,110,1,403,2,20000,14.8381932788461,0.001,0.05,0,10,0.005,140,-10,10,3000,1,FALSE,multiplicative,0.1,0.4,16,fractal,0.1,0.01
29489458,2026_09_04 15:18:43,18114187_1088,1088,Basemap 1 experiment,105,1,393,2,20000,1094.94483397396,0.001,0.05,0,10,0.005,140,-10,10,3000,1,FALSE,multiplicative,0.1,0.4,16,fractal,0.1,0.01
69056123,2026_09_04 15:18:44,18114187_1087,1087,Basemap 1 experiment,104,1,391,2,20000,3129.69733828298,0.001,0.05,0,10,0.005,140,-10,10,3000,1,FALSE,multiplicative,0.1,0.4,16,fractal,0.1,0.01
84011031,2026_09_04 15:18:44,18114187_1091,1091,Basemap 1 experiment,108,1,399,2,20000,979.701436530544,0.001,0.05,0,10,0.005,140,-10,10,3000,1,FALSE,multiplicative,0.1,0.4,16,fractal,0.1,0.01
33291690,2026_09_04 15:18:44,18114187_1090,1090,Basemap 1 experiment,107,1,397,2,20000,1815.12848889598,0.001,0.05,0,10,0.005,140,-10,10,3000,1,FALSE,multiplicative,0.1,0.4,16,fractal,0.1,0.01
58908626,2026_09_04 15:18:44,18114187_1092,1092,Basemap 1 experiment,109,1,401,2,20000,2214.41126133434,0.001,0.05,0,10,0.005,140,-10,10,3000,1,FALSE,multiplicative,0.1,0.4,16,fractal,0.1,0.01
76288327,2026_09_04 15:18:44,18114187_1089,1089,Basemap 1 experiment,106,1,395,2,20000,2676.26153751617,0.001,0.05,0,10,0.005,140,-10,10,3000,1,FALSE,multiplicative,0.1,0.4,16,fractal,0.1,0.01
59342219,2026_09_04 15:18:45,18114187_1099,1099,Basemap 1 experiment,116,1,415,2,20000,792.537994360818,0.001,0.05,0,10,0.005,140,-10,10,3000,1,FALSE,multiplicative,0.1,0.4,16,fractal,0.1,0.01
89949524,2026_09_04 15:18:45,18114187_1098,1098,Basemap 1 experiment,115,1,413,2,20000,878.248865366414,0.001,0.05,0,10,0.005,140,-10,10,3000,1,FALSE,multiplicative,0.1,0.4,16,fractal,0.1,0.01
73813909,2026_09_04 15:18:45,18114187_1085,1085,Basemap 1 experiment,102,1,387,2,20000,2510.66056126296,0.001,0.05,0,10,0.005,140,-10,10,3000,1,FALSE,multiplicative,0.1,0.4,16,fractal,0.1,0.01
19074930,2026_09_04 15:18:45,18114187_1086,1086,Basemap 1 experiment,103,1,389,2,20000,14.7332078882533,0.001,0.05,0,10,0.005,140,-10,10,3000,1,FALSE,multiplicative,0.1,0.4,16,fractal,0.1,0.01
81606861,2026_09_04 15:18:45,18114187_1100,1100,Basemap 1 experiment,117,1,417,2,20000,14.6637978395499,0.001,0.05,0,10,0.005,140,-10,10,3000,1,FALSE,multiplicative,0.1,0.4,16,fractal,0.1,0.01
94352533,2026_09_04 15:18:48,18114187_1084,1084,Basemap 1 experiment,101,1,385,2,20000,14.7267497762107,0.001,0.05,0,10,0.005,140,-10,10,3000,1,FALSE,multiplicative,0.1,0.4,16,fractal,0.1,0.01
21639063,2026_09_04 15:18:49,18114187_1097,1097,Basemap 1 experiment,114,1,411,2,20000,14.566098673372,0.001,0.05,0,10,0.005,140,-10,10,3000,1,FALSE,multiplicative,0.1,0.4,16,fractal,0.1,0.01
12999131,2026_09_04 15:18:49,18114187_1096,1096,Basemap 1 experiment,113,1,409,2,20000,1465.74148443907,0.001,0.05,0,10,0.005,140,-10,10,3000,1,FALSE,multiplicative,0.1,0.4,16,fractal,0.1,0.01
14410438,2026_09_09 18:33:42,176034_1,1,"Basemap 1 experiment, larger mutation magnitude",22,1,227,2,20000,1405.91239235663,0.01,0.05,0,10,0.005,140,-10,10,3000,1,FALSE,multiplicative,0,0,0,fractal,1,1,5,common
11099253,2026_09_09 18:33:43,176034_24,24,"Basemap 1 experiment, larger mutation magnitude",34,1,251,2,20000,2354.09468048382,0.01,0.05,0,10,0.005,140,-10,10,3000,1,FALSE,multiplicative,0.1,0.2,5,fractal,0.1,1,117,common
18914728,2026_09_09 18:33:43,176034_25,25,"Basemap 1 experiment, larger mutation magnitude",37,1,257,2,20000,854.956070927776,0.01,0.05,0,10,0.005,140,-10,10,3000,1,FALSE,multiplicative,0.1,0.2,5,fractal,0.1,1,120,common
70884790,2026_09_09 18:33:43,176034_11,11,"Basemap 1 experiment, larger mutation magnitude",68,1,319,2,20000,14.583629646427,0.01,0.05,0,10,0.005,140,-10,10,3000,1,FALSE,multiplicative,0,0,0,fractal,1,1,51,common
23287886,2026_09_09 18:33:43,176034_10,10,"Basemap 1 experiment, larger mutation magnitude",67,1,317,2,20000,1785.51345896885,0.01,0.05,0,10,0.005,140,-10,10,3000,1,FALSE,multiplicative,0,0,0,fractal,1,1,50,common
18722293,2026_09_09 18:33:44,176034_9,9,"Basemap 1 experiment, larger mutation magnitude",65,1,313,2,20000,2427.2997487573,0.01,0.05,0,10,0.005,140,-10,10,3000,1,FALSE,multiplicative,0,0,0,fractal,1,1,48,common
16104337,2026_09_09 18:33:44,176034_19,19,"Basemap 1 experiment, larger mutation magnitude",108,1,399,2,20000,979.701436530544,0.01,0.05,0,10,0.005,140,-10,10,3000,1,FALSE,multiplicative,0,0,0,fractal,1,1,91,common
19182971,2026_09_09 18:33:44,176034_20,20,"Basemap 1 experiment, larger mutation magnitude",113,1,409,2,20000,1465.74148443907,0.01,0.05,0,10,0.005,140,-10,10,3000,1,FALSE,multiplicative,0,0,0,fractal,1,1,96,common
11762329,2026_09_09 18:33:44,176034_8,8,"Basemap 1 experiment, larger mutation magnitude",43,1,269,2,20000,1288.94713367896,0.01,0.05,0,10,0.005,140,-10,10,3000,1,FALSE,multiplicative,0,0,0,fractal,1,1,26,common
40259039,2026_09_09 18:33:44,176034_26,26,"Basemap 1 experiment, larger mutation magnitude",38,1,259,2,20000,760.415213867477,0.01,0.05,0,10,0.005,140,-10,10,3000,1,FALSE,multiplicative,0.1,0.2,5,fractal,0.1,1,121,common
63791224,2026_09_09 18:33:44,176034_28,28,"Basemap 1 experiment, larger mutation magnitude",43,1,269,2,20000,1288.94713367896,0.01,0.05,0,10,0.005,140,-10,10,3000,1,FALSE,multiplicative,0.1,0.2,5,fractal,0.1,1,126,common
36100371,2026_09_09 18:33:44,176034_27,27,"Basemap 1 experiment, larger mutation magnitude",41,1,265,2,20000,3285.6501400137,0.01,0.05,0,10,0.005,140,-10,10,3000,1,FALSE,multiplicative,0.1,0.2,5,fractal,0.1,1,124,common
72043801,2026_09_09 18:33:44,176034_29,29,"Basemap 1 experiment, larger mutation magnitude",65,1,313,2,20000,2427.2997487573,0.01,0.05,0,10,0.005,140,-10,10,3000,1,FALSE,multiplicative,0.1,0.2,5,fractal,0.1,1,148,common
35261651,2026_09_09 18:33:45,176034_22,22,"Basemap 1 experiment, larger mutation magnitude",25,1,233,2,20000,15.423038594191,0.01,0.05,0,10,0.005,140,-10,10,3000,1,FALSE,multiplicative,0.1,0.2,5,fractal,0.1,1,108,common
60163721,2026_09_09 18:33:45,176034_23,23,"Basemap 1 experiment, larger mutation magnitude",31,1,245,2,20000,1482.72976514484,0.01,0.05,0,10,0.005,140,-10,10,3000,1,FALSE,multiplicative,0.1,0.2,5,fractal,0.1,1,114,common
18652108,2026_09_09 18:33:45,176034_21,21,"Basemap 1 experiment, larger mutation magnitude",22,1,227,2,20000,1405.91239235663,0.01,0.05,0,10,0.005,140,-10,10,3000,1,FALSE,multiplicative,0.1,0.2,5,fractal,0.1,1,105,common
62587819,2026_09_09 18:33:45,176034_32,32,"Basemap 1 experiment, larger mutation magnitude",80,1,343,2,20000,14.9183643511873,0.01,0.05,0,10,0.005,140,-10,10,3000,1,FALSE,multiplicative,0.1,0.2,5,fractal,0.1,1,163,common
91517726,2026_09_09 18:33:45,176034_33,33,"Basemap 1 experiment, larger mutation magnitude",83,1,349,2,20000,2854.29888941966,0.01,0.05,0,10,0.005,140,-10,10,3000,1,FALSE,multiplicative,0.1,0.2,5,fractal,0.1,1,166,common
19052767,2026_09_09 18:33:45,176034_30,30,"Basemap 1 experiment, larger mutation magnitude",67,1,317,2,20000,1785.51345896885,0.01,0.05,0,10,0.005,140,-10,10,3000,1,FALSE,multiplicative,0.1,0.2,5,fractal,0.1,1,150,common
91182211,2026_09_09 18:33:45,176034_31,31,"Basemap 1 experiment, larger mutation magnitude",68,1,319,2,20000,14.583629646427,0.01,0.05,0,10,0.005,140,-10,10,3000,1,FALSE,multiplicative,0.1,0.2,5,fractal,0.1,1,151,common
94002376,2026_09_09 18:33:46,176034_18,18,"Basemap 1 experiment, larger mutation magnitude",107,1,397,2,20000,1815.12848889598,0.01,0.05,0,10,0.005,140,-10,10,3000,1,FALSE,multiplicative,0,0,0,fractal,1,1,90,common
77999769,2026_09_09 18:33:46,176034_15,15,"Basemap 1 experiment, larger mutation magnitude",91,1,365,2,20000,15.5011546902045,0.01,0.05,0,10,0.005,140,-10,10,3000,1,FALSE,multiplicative,0,0,0,fractal,1,1,74,common
78183585,2026_09_09 18:33:46,176034_16,16,"Basemap 1 experiment, larger mutation magnitude",97,1,377,2,20000,1796.46487976205,0.01,0.05,0,10,0.005,140,-10,10,3000,1,FALSE,multiplicative,0,0,0,fractal,1,1,80,common
47091439,2026_09_09 18:33:46,176034_17,17,"Basemap 1 experiment, larger mutation magnitude",106,1,395,2,20000,2676.26153751617,0.01,0.05,0,10,0.005,140,-10,10,3000,1,FALSE,multiplicative,0,0,0,fractal,1,1,89,common
97202548,2026_09_09 18:33:47,176034_62,62,"Basemap 1 experiment, larger mutation magnitude",25,1,233,2,20000,15.423038594191,0.01,0.05,0,10,0.005,140,-10,10,3000,1,FALSE,multiplicative,0.1,0.6,5,fractal,0.1,1,308,common
65301419,2026_09_09 18:33:47,176034_63,63,"Basemap 1 experiment, larger mutation magnitude",31,1,245,2,20000,1482.72976514484,0.01,0.05,0,10,0.005,140,-10,10,3000,1,FALSE,multiplicative,0.1,0.6,5,fractal,0.1,1,314,common
97404419,2026_09_09 18:33:47,176034_60,60,"Basemap 1 experiment, larger mutation magnitude",113,1,409,2,20000,1465.74148443907,0.01,0.05,0,10,0.005,140,-10,10,3000,1,FALSE,multiplicative,0.1,0.4,5,fractal,0.1,1,296,common
96090874,2026_09_09 18:33:47,176034_61,61,"Basemap 1 experiment, larger mutation magnitude",22,1,227,2,20000,1405.91239235663,0.01,0.05,0,10,0.005,140,-10,10,3000,1,FALSE,multiplicative,0.1,0.6,5,fractal,0.1,1,305,common
13084996,2026_09_09 18:33:47,176034_59,59,"Basemap 1 experiment, larger mutation magnitude",108,1,399,2,20000,979.701436530544,0.01,0.05,0,10,0.005,140,-10,10,3000,1,FALSE,multiplicative,0.1,0.4,5,fractal,0.1,1,291,common
10573991,2026_09_09 18:33:47,176034_58,58,"Basemap 1 experiment, larger mutation magnitude",107,1,397,2,20000,1815.12848889598,0.01,0.05,0,10,0.005,140,-10,10,3000,1,FALSE,multiplicative,0.1,0.4,5,fractal,0.1,1,290,common
35029339,2026_09_09 18:33:47,176034_64,64,"Basemap 1 experiment, larger mutation magnitude",34,1,251,2,20000,2354.09468048382,0.01,0.05,0,10,0.005,140,-10,10,3000,1,FALSE,multiplicative,0.1,0.6,5,fractal,0.1,1,317,common
42819335,2026_09_09 18:33:48,176034_43,43,"Basemap 1 experiment, larger mutation magnitude",31,1,245,2,20000,1482.72976514484,0.01,0.05,0,10,0.005,140,-10,10,3000,1,FALSE,multiplicative,0.1,0.4,5,fractal,0.1,1,214,common
43531367,2026_09_09 18:33:48,176034_42,42,"Basemap 1 experiment, larger mutation magnitude",25,1,233,2,20000,15.423038594191,0.01,0.05,0,10,0.005,140,-10,10,3000,1,FALSE,multiplicative,0.1,0.4,5,fractal,0.1,1,208,common
67632814,2026_09_09 18:33:48,176034_5,5,"Basemap 1 experiment, larger mutation magnitude",37,1,257,2,20000,854.956070927776,0.01,0.05,0,10,0.005,140,-10,10,3000,1,FALSE,multiplicative,0,0,0,fractal,1,1,20,common
40165652,2026_09_09 18:33:48,176034_4,4,"Basemap 1 experiment, larger mutation magnitude",34,1,251,2,20000,2354.09468048382,0.01,0.05,0,10,0.005,140,-10,10,3000,1,FALSE,multiplicative,0,0,0,fractal,1,1,17,common
58065123,2026_09_09 18:33:48,176034_3,3,"Basemap 1 experiment, larger mutation magnitude",31,1,245,2,20000,1482.72976514484,0.01,0.05,0,10,0.005,140,-10,10,3000,1,FALSE,multiplicative,0,0,0,fractal,1,1,14,common
48098181,2026_09_09 18:33:48,176034_2,2,"Basemap 1 experiment, larger mutation magnitude",25,1,233,2,20000,15.423038594191,0.01,0.05,0,10,0.005,140,-10,10,3000,1,FALSE,multiplicative,0,0,0,fractal,1,1,8,common
34232526,2026_09_09 18:33:48,176034_44,44,"Basemap 1 experiment, larger mutation magnitude",34,1,251,2,20000,2354.09468048382,0.01,0.05,0,10,0.005,140,-10,10,3000,1,FALSE,multiplicative,0.1,0.4,5,fractal,0.1,1,217,common
66379933,2026_09_09 18:33:48,176034_45,45,"Basemap 1 experiment, larger mutation magnitude",37,1,257,2,20000,854.956070927776,0.01,0.05,0,10,0.005,140,-10,10,3000,1,FALSE,multiplicative,0.1,0.4,5,fractal,0.1,1,220,common
37967870,2026_09_09 18:33:48,176034_36,36,"Basemap 1 experiment, larger mutation magnitude",97,1,377,2,20000,1796.46487976205,0.01,0.05,0,10,0.005,140,-10,10,3000,1,FALSE,multiplicative,0.1,0.2,5,fractal,0.1,1,180,common
88729406,2026_09_09 18:33:48,176034_35,35,"Basemap 1 experiment, larger mutation magnitude",91,1,365,2,20000,15.5011546902045,0.01,0.05,0,10,0.005,140,-10,10,3000,1,FALSE,multiplicative,0.1,0.2,5,fractal,0.1,1,174,common
45599173,2026_09_09 18:33:49,176034_34,34,"Basemap 1 experiment, larger mutation magnitude",88,1,359,2,20000,14.8311357768182,0.01,0.05,0,10,0.005,140,-10,10,3000,1,FALSE,multiplicative,0.1,0.2,5,fractal,0.1,1,171,common
21311890,2026_09_09 18:33:49,176034_37,37,"Basemap 1 experiment, larger mutation magnitude",106,1,395,2,20000,2676.26153751617,0.01,0.05,0,10,0.005,140,-10,10,3000,1,FALSE,multiplicative,0.1,0.2,5,fractal,0.1,1,189,common
41665997,2026_09_09 18:33:49,176034_39,39,"Basemap 1 experiment, larger mutation magnitude",108,1,399,2,20000,979.701436530544,0.01,0.05,0,10,0.005,140,-10,10,3000,1,FALSE,multiplicative,0.1,0.2,5,fractal,0.1,1,191,common
96123751,2026_09_09 18:33:49,176034_38,38,"Basemap 1 experiment, larger mutation magnitude",107,1,397,2,20000,1815.12848889598,0.01,0.05,0,10,0.005,140,-10,10,3000,1,FALSE,multiplicative,0.1,0.2,5,fractal,0.1,1,190,common
56948754,2026_09_09 18:33:49,176034_41,41,"Basemap 1 experiment, larger mutation magnitude",22,1,227,2,20000,1405.91239235663,0.01,0.05,0,10,0.005,140,-10,10,3000,1,FALSE,multiplicative,0.1,0.4,5,fractal,0.1,1,205,common
33191449,2026_09_09 18:33:49,176034_40,40,"Basemap 1 experiment, larger mutation magnitude",113,1,409,2,20000,1465.74148443907,0.01,0.05,0,10,0.005,140,-10,10,3000,1,FALSE,multiplicative,0.1,0.2,5,fractal,0.1,1,196,common
24841480,2026_09_09 18:33:49,176034_88,88,"Basemap 1 experiment, larger mutation magnitude",43,1,269,2,20000,1288.94713367896,0.01,0.05,0,10,0.005,140,-10,10,3000,1,FALSE,multiplicative,0.1,0.8,5,fractal,0.1,1,426,common
39510848,2026_09_09 18:33:49,176034_89,89,"Basemap 1 experiment, larger mutation magnitude",65,1,313,2,20000,2427.2997487573,0.01,0.05,0,10,0.005,140,-10,10,3000,1,FALSE,multiplicative,0.1,0.8,5,fractal,0.1,1,448,common
92218558,2026_09_09 18:33:49,176034_91,91,"Basemap 1 experiment, larger mutation magnitude",68,1,319,2,20000,14.583629646427,0.01,0.05,0,10,0.005,140,-10,10,3000,1,FALSE,multiplicative,0.1,0.8,5,fractal,0.1,1,451,common
81227650,2026_09_09 18:33:49,176034_94,94,"Basemap 1 experiment, larger mutation magnitude",88,1,359,2,20000,14.8311357768182,0.01,0.05,0,10,0.005,140,-10,10,3000,1,FALSE,multiplicative,0.1,0.8,5,fractal,0.1,1,471,common
73161710,2026_09_09 18:33:50,176034_79,79,"Basemap 1 experiment, larger mutation magnitude",108,1,399,2,20000,979.701436530544,0.01,0.05,0,10,0.005,140,-10,10,3000,1,FALSE,multiplicative,0.1,0.6,5,fractal,0.1,1,391,common
17728434,2026_09_09 18:33:50,176034_57,57,"Basemap 1 experiment, larger mutation magnitude",106,1,395,2,20000,2676.26153751617,0.01,0.05,0,10,0.005,140,-10,10,3000,1,FALSE,multiplicative,0.1,0.4,5,fractal,0.1,1,289,common
53569741,2026_09_09 18:33:50,176034_56,56,"Basemap 1 experiment, larger mutation magnitude",97,1,377,2,20000,1796.46487976205,0.01,0.05,0,10,0.005,140,-10,10,3000,1,FALSE,multiplicative,0.1,0.4,5,fractal,0.1,1,280,common
37471378,2026_09_09 18:33:50,176034_87,87,"Basemap 1 experiment, larger mutation magnitude",41,1,265,2,20000,3285.6501400137,0.01,0.05,0,10,0.005,140,-10,10,3000,1,FALSE,multiplicative,0.1,0.8,5,fractal,0.1,1,424,common
70620754,2026_09_09 18:33:50,176034_96,96,"Basemap 1 experiment, larger mutation magnitude",97,1,377,2,20000,1796.46487976205,0.01,0.05,0,10,0.005,140,-10,10,3000,1,FALSE,multiplicative,0.1,0.8,5,fractal,0.1,1,480,common
83498924,2026_09_09 18:33:50,176034_97,97,"Basemap 1 experiment, larger mutation magnitude",106,1,395,2,20000,2676.26153751617,0.01,0.05,0,10,0.005,140,-10,10,3000,1,FALSE,multiplicative,0.1,0.8,5,fractal,0.1,1,489,common
31103479,2026_09_09 18:33:50,176034_90,90,"Basemap 1 experiment, larger mutation magnitude",67,1,317,2,20000,1785.51345896885,0.01,0.05,0,10,0.005,140,-10,10,3000,1,FALSE,multiplicative,0.1,0.8,5,fractal,0.1,1,450,common
64527550,2026_09_09 18:33:50,176034_93,93,"Basemap 1 experiment, larger mutation magnitude",83,1,349,2,20000,2854.29888941966,0.01,0.05,0,10,0.005,140,-10,10,3000,1,FALSE,multiplicative,0.1,0.8,5,fractal,0.1,1,466,common
20512677,2026_09_09 18:33:50,176034_86,86,"Basemap 1 experiment, larger mutation magnitude",38,1,259,2,20000,760.415213867477,0.01,0.05,0,10,0.005,140,-10,10,3000,1,FALSE,multiplicative,0.1,0.8,5,fractal,0.1,1,421,common
56748961,2026_09_09 18:33:50,176034_80,80,"Basemap 1 experiment, larger mutation magnitude",113,1,409,2,20000,1465.74148443907,0.01,0.05,0,10,0.005,140,-10,10,3000,1,FALSE,multiplicative,0.1,0.6,5,fractal,0.1,1,396,common
70539243,2026_09_09 18:33:50,176034_83,83,"Basemap 1 experiment, larger mutation magnitude",31,1,245,2,20000,1482.72976514484,0.01,0.05,0,10,0.005,140,-10,10,3000,1,FALSE,multiplicative,0.1,0.8,5,fractal,0.1,1,414,common
49137274,2026_09_09 18:33:50,176034_81,81,"Basemap 1 experiment, larger mutation magnitude",22,1,227,2,20000,1405.91239235663,0.01,0.05,0,10,0.005,140,-10,10,3000,1,FALSE,multiplicative,0.1,0.8,5,fractal,0.1,1,405,common
83754265,2026_09_09 18:33:50,176034_85,85,"Basemap 1 experiment, larger mutation magnitude",37,1,257,2,20000,854.956070927776,0.01,0.05,0,10,0.005,140,-10,10,3000,1,FALSE,multiplicative,0.1,0.8,5,fractal,0.1,1,420,common
89423450,2026_09_09 18:33:50,176034_82,82,"Basemap 1 experiment, larger mutation magnitude",25,1,233,2,20000,15.423038594191,0.01,0.05,0,10,0.005,140,-10,10,3000,1,FALSE,multiplicative,0.1,0.8,5,fractal,0.1,1,408,common
29039419,2026_09_09 18:33:50,176034_84,84,"Basemap 1 experiment, larger mutation magnitude",34,1,251,2,20000,2354.09468048382,0.01,0.05,0,10,0.005,140,-10,10,3000,1,FALSE,multiplicative,0.1,0.8,5,fractal,0.1,1,417,common
33089552,2026_09_09 18:33:51,176034_77,77,"Basemap 1 experiment, larger mutation magnitude",106,1,395,2,20000,2676.26153751617,0.01,0.05,0,10,0.005,140,-10,10,3000,1,FALSE,multiplicative,0.1,0.6,5,fractal,0.1,1,389,common
20967590,2026_09_09 18:33:51,176034_75,75,"Basemap 1 experiment, larger mutation magnitude",91,1,365,2,20000,15.5011546902045,0.01,0.05,0,10,0.005,140,-10,10,3000,1,FALSE,multiplicative,0.1,0.6,5,fractal,0.1,1,374,common
57809202,2026_09_09 18:33:51,176034_73,73,"Basemap 1 experiment, larger mutation magnitude",83,1,349,2,20000,2854.29888941966,0.01,0.05,0,10,0.005,140,-10,10,3000,1,FALSE,multiplicative,0.1,0.6,5,fractal,0.1,1,366,common
16353914,2026_09_09 18:33:51,176034_74,74,"Basemap 1 experiment, larger mutation magnitude",88,1,359,2,20000,14.8311357768182,0.01,0.05,0,10,0.005,140,-10,10,3000,1,FALSE,multiplicative,0.1,0.6,5,fractal,0.1,1,371,common
79219001,2026_09_09 18:33:51,176034_78,78,"Basemap 1 experiment, larger mutation magnitude",107,1,397,2,20000,1815.12848889598,0.01,0.05,0,10,0.005,140,-10,10,3000,1,FALSE,multiplicative,0.1,0.6,5,fractal,0.1,1,390,common
86360419,2026_09_09 18:33:51,176034_76,76,"Basemap 1 experiment, larger mutation magnitude",97,1,377,2,20000,1796.46487976205,0.01,0.05,0,10,0.005,140,-10,10,3000,1,FALSE,multiplicative,0.1,0.6,5,fractal,0.1,1,380,common
65509495,2026_09_09 18:33:51,176034_47,47,"Basemap 1 experiment, larger mutation magnitude",41,1,265,2,20000,3285.6501400137,0.01,0.05,0,10,0.005,140,-10,10,3000,1,FALSE,multiplicative,0.1,0.4,5,fractal,0.1,1,224,common
13921537,2026_09_09 18:33:51,176034_46,46,"Basemap 1 experiment, larger mutation magnitude",38,1,259,2,20000,760.415213867477,0.01,0.05,0,10,0.005,140,-10,10,3000,1,FALSE,multiplicative,0.1,0.4,5,fractal,0.1,1,221,common
61098740,2026_09_09 18:33:51,176034_92,92,"Basemap 1 experiment, larger mutation magnitude",80,1,343,2,20000,14.9183643511873,0.01,0.05,0,10,0.005,140,-10,10,3000,1,FALSE,multiplicative,0.1,0.8,5,fractal,0.1,1,463,common
49805436,2026_09_09 18:33:52,176034_13,13,"Basemap 1 experiment, larger mutation magnitude",83,1,349,2,20000,2854.29888941966,0.01,0.05,0,10,0.005,140,-10,10,3000,1,FALSE,multiplicative,0,0,0,fractal,1,1,66,common
83533336,2026_09_09 18:33:52,176034_14,14,"Basemap 1 experiment, larger mutation magnitude",88,1,359,2,20000,14.8311357768182,0.01,0.05,0,10,0.005,140,-10,10,3000,1,FALSE,multiplicative,0,0,0,fractal,1,1,71,common
92406761,2026_09_09 18:33:52,176034_12,12,"Basemap 1 experiment, larger mutation magnitude",80,1,343,2,20000,14.9183643511873,0.01,0.05,0,10,0.005,140,-10,10,3000,1,FALSE,multiplicative,0,0,0,fractal,1,1,63,common
al,0.1,1,321,common
22270447,2026_09_09 18:33:52,176034_65,65,"Basemap 1 experiment, larger mutation magnitude",37,1,257,2,20000,854.956070927776,0.01,0.05,0,10,0.005,140,-10,10,3000,1,FALSE,multiplicative,0.1,0.6,5,fractal,0.1,1,320,common
81269238,2026_09_09 18:33:52,176034_67,67,"Basemap 1 experiment, larger mutation magnitude",41,1,265,2,20000,3285.6501400137,0.01,0.05,0,10,0.005,140,-10,10,3000,1,FALSE,multiplicative,0.1,0.6,5,fractal,0.1,1,324,common
54319884,2026_09_09 18:33:52,176034_68,68,"Basemap 1 experiment, larger mutation magnitude",43,1,269,2,20000,1288.94713367896,0.01,0.05,0,10,0.005,140,-10,10,3000,1,FALSE,multiplicative,0.1,0.6,5,fractal,0.1,1,326,common
88343476,2026_09_09 18:33:52,176034_72,72,"Basemap 1 experiment, larger mutation magnitude",80,1,343,2,20000,14.9183643511873,0.01,0.05,0,10,0.005,140,-10,10,3000,1,FALSE,multiplicative,0.1,0.6,5,fractal,0.1,1,363,common
17835464,2026_09_09 18:33:52,176034_71,71,"Basemap 1 experiment, larger mutation magnitude",68,1,319,2,20000,14.583629646427,0.01,0.05,0,10,0.005,140,-10,10,3000,1,FALSE,multiplicative,0.1,0.6,5,fractal,0.1,1,351,common
52711524,2026_09_09 18:33:52,176034_95,95,"Basemap 1 experiment, larger mutation magnitude",91,1,365,2,20000,15.5011546902045,0.01,0.05,0,10,0.005,140,-10,10,3000,1,FALSE,multiplicative,0.1,0.8,5,fractal,0.1,1,474,common
57372365,2026_09_09 18:33:52,176034_99,99,"Basemap 1 experiment, larger mutation magnitude",108,1,399,2,20000,979.701436530544,0.01,0.05,0,10,0.005,140,-10,10,3000,1,FALSE,multiplicative,0.1,0.8,5,fractal,0.1,1,491,common
84929481,2026_09_09 18:33:52,176034_98,98,"Basemap 1 experiment, larger mutation magnitude",107,1,397,2,20000,1815.12848889598,0.01,0.05,0,10,0.005,140,-10,10,3000,1,FALSE,multiplicative,0.1,0.8,5,fractal,0.1,1,490,common
88126492,2026_09_09 18:33:52,176034_100,100,"Basemap 1 experiment, larger mutation magnitude",113,1,409,2,20000,1465.74148443907,0.01,0.05,0,10,0.005,140,-10,10,3000,1,FALSE,multiplicative,0.1,0.8,5,fractal,0.1,1,496,common
93384364,2026_09_09 18:33:55,176034_51,51,"Basemap 1 experiment, larger mutation magnitude",68,1,319,2,20000,14.583629646427,0.01,0.05,0,10,0.005,140,-10,10,3000,1,FALSE,multiplicative,0.1,0.4,5,fractal,0.1,1,251,common
29071949,2026_09_09 18:33:55,176034_52,52,"Basemap 1 experiment, larger mutation magnitude",80,1,343,2,20000,14.9183643511873,0.01,0.05,0,10,0.005,140,-10,10,3000,1,FALSE,multiplicative,0.1,0.4,5,fractal,0.1,1,263,common
92817258,2026_09_09 18:33:56,176034_53,53,"Basemap 1 experiment, larger mutation magnitude",83,1,349,2,20000,2854.29888941966,0.01,0.05,0,10,0.005,140,-10,10,3000,1,FALSE,multiplicative,0.1,0.4,5,fractal,0.1,1,266,common
43402986,2026_09_09 18:33:56,176034_55,55,"Basemap 1 experiment, larger mutation magnitude",91,1,365,2,20000,15.5011546902045,0.01,0.05,0,10,0.005,140,-10,10,3000,1,FALSE,multiplicative,0.1,0.4,5,fractal,0.1,1,274,common
24732479,2026_09_09 18:33:56,176034_54,54,"Basemap 1 experiment, larger mutation magnitude",88,1,359,2,20000,14.8311357768182,0.01,0.05,0,10,0.005,140,-10,10,3000,1,FALSE,multiplicative,0.1,0.4,5,fractal,0.1,1,271,common
56944889,2026_09_09 18:34:04,176034_7,7,"Basemap 1 experiment, larger mutation magnitude",41,1,265,2,20000,3285.6501400137,0.01,0.05,0,10,0.005,140,-10,10,3000,1,FALSE,multiplicative,0,0,0,fractal,1,1,24,common
60584735,2026_09_09 18:34:04,176034_6,6,"Basemap 1 experiment, larger mutation magnitude",38,1,259,2,20000,760.415213867477,0.01,0.05,0,10,0.005,140,-10,10,3000,1,FALSE,multiplicative,0,0,0,fractal,1,1,21,common
29082530,2026_09_09 18:34:06,176034_48,48,"Basemap 1 experiment, larger mutation magnitude",43,1,269,2,20000,1288.94713367896,0.01,0.05,0,10,0.005,140,-10,10,3000,1,FALSE,multiplicative,0.1,0.4,5,fractal,0.1,1,226,common
60684632,2026_09_09 18:34:06,176034_49,49,"Basemap 1 experiment, larger mutation magnitude",65,1,313,2,20000,2427.2997487573,0.01,0.05,0,10,0.005,140,-10,10,3000,1,FALSE,multiplicative,0.1,0.4,5,fractal,0.1,1,248,common
21008991,2026_09_09 18:34:06,176034_50,50,"Basemap 1 experiment, larger mutation magnitude",67,1,317,2,20000,1785.51345896885,0.01,0.05,0,10,0.005,140,-10,10,3000,1,FALSE,multiplicative,0.1,0.4,5,fractal,0.1,1,250,common
91200273,2026_09_09 18:35:54,176034_105,105,"Basemap 1 experiment, larger mutation magnitude",37,1,257,2,20000,854.956070927776,0.01,0.05,0,10,0.005,140,-10,10,3000,1,FALSE,multiplicative,0.1,0.4,1,fractal,0.1,1,520,common
86581679,2026_09_09 18:35:54,176034_106,106,"Basemap 1 experiment, larger mutation magnitude",38,1,259,2,20000,760.415213867477,0.01,0.05,0,10,0.005,140,-10,10,3000,1,FALSE,multiplicative,0.1,0.4,1,fractal,0.1,1,521,common
15214336,2026_09_09 18:35:55,176034_104,104,"Basemap 1 experiment, larger mutation magnitude",34,1,251,2,20000,2354.09468048382,0.01,0.05,0,10,0.005,140,-10,10,3000,1,FALSE,multiplicative,0.1,0.4,1,fractal,0.1,1,517,common
12478071,2026_09_09 18:35:55,176034_102,102,"Basemap 1 experiment, larger mutation magnitude",25,1,233,2,20000,15.423038594191,0.01,0.05,0,10,0.005,140,-10,10,3000,1,FALSE,multiplicative,0.1,0.4,1,fractal,0.1,1,508,common
85430639,2026_09_09 18:35:55,176034_103,103,"Basemap 1 experiment, larger mutation magnitude",31,1,245,2,20000,1482.72976514484,0.01,0.05,0,10,0.005,140,-10,10,3000,1,FALSE,multiplicative,0.1,0.4,1,fractal,0.1,1,514,common
96037980,2026_09_09 18:35:56,176034_112,112,"Basemap 1 experiment, larger mutation magnitude",80,1,343,2,20000,14.9183643511873,0.01,0.05,0,10,0.005,140,-10,10,3000,1,FALSE,multiplicative,0.1,0.4,1,fractal,0.1,1,563,common
89425808,2026_09_09 18:35:56,176034_113,113,"Basemap 1 experiment, larger mutation magnitude",83,1,349,2,20000,2854.29888941966,0.01,0.05,0,10,0.005,140,-10,10,3000,1,FALSE,multiplicative,0.1,0.4,1,fractal,0.1,1,566,common
23603609,2026_09_09 18:35:56,176034_114,114,"Basemap 1 experiment, larger mutation magnitude",88,1,359,2,20000,14.8311357768182,0.01,0.05,0,10,0.005,140,-10,10,3000,1,FALSE,multiplicative,0.1,0.4,1,fractal,0.1,1,571,common
89380885,2026_09_09 18:35:56,176034_115,115,"Basemap 1 experiment, larger mutation magnitude",91,1,365,2,20000,15.5011546902045,0.01,0.05,0,10,0.005,140,-10,10,3000,1,FALSE,multiplicative,0.1,0.4,1,fractal,0.1,1,574,common
27896413,2026_09_09 18:35:56,176034_126,126,"Basemap 1 experiment, larger mutation magnitude",38,1,259,2,20000,760.415213867477,0.01,0.05,0,10,0.005,140,-10,10,3000,1,FALSE,multiplicative,0.1,0.4,5,fractal,0.05,1,621,common
10226430,2026_09_09 18:35:56,176034_125,125,"Basemap 1 experiment, larger mutation magnitude",37,1,257,2,20000,854.956070927776,0.01,0.05,0,10,0.005,140,-10,10,3000,1,FALSE,multiplicative,0.1,0.4,5,fractal,0.05,1,620,common
49552955,2026_09_09 18:35:56,176034_124,124,"Basemap 1 experiment, larger mutation magnitude",34,1,251,2,20000,2354.09468048382,0.01,0.05,0,10,0.005,140,-10,10,3000,1,FALSE,multiplicative,0.1,0.4,5,fractal,0.05,1,617,common
73014034,2026_09_09 18:35:56,176034_109,109,"Basemap 1 experiment, larger mutation magnitude",65,1,313,2,20000,2427.2997487573,0.01,0.05,0,10,0.005,140,-10,10,3000,1,FALSE,multiplicative,0.1,0.4,1,fractal,0.1,1,548,common
57086662,2026_09_09 18:35:56,176034_110,110,"Basemap 1 experiment, larger mutation magnitude",67,1,317,2,20000,1785.51345896885,0.01,0.05,0,10,0.005,140,-10,10,3000,1,FALSE,multiplicative,0.1,0.4,1,fractal,0.1,1,550,common
34698253,2026_09_09 18:35:56,176034_107,107,"Basemap 1 experiment, larger mutation magnitude",41,1,265,2,20000,3285.6501400137,0.01,0.05,0,10,0.005,140,-10,10,3000,1,FALSE,multiplicative,0.1,0.4,1,fractal,0.1,1,524,common
96330086,2026_09_09 18:35:56,176034_108,108,"Basemap 1 experiment, larger mutation magnitude",43,1,269,2,20000,1288.94713367896,0.01,0.05,0,10,0.005,140,-10,10,3000,1,FALSE,multiplicative,0.1,0.4,1,fractal,0.1,1,526,common
52616634,2026_09_09 18:35:56,176034_118,118,"Basemap 1 experiment, larger mutation magnitude",107,1,397,2,20000,1815.12848889598,0.01,0.05,0,10,0.005,140,-10,10,3000,1,FALSE,multiplicative,0.1,0.4,1,fractal,0.1,1,590,common
88837140,2026_09_09 18:35:56,176034_117,117,"Basemap 1 experiment, larger mutation magnitude",106,1,395,2,20000,2676.26153751617,0.01,0.05,0,10,0.005,140,-10,10,3000,1,FALSE,multiplicative,0.1,0.4,1,fractal,0.1,1,589,common
89552040,2026_09_09 18:35:56,176034_116,116,"Basemap 1 experiment, larger mutation magnitude",97,1,377,2,20000,1796.46487976205,0.01,0.05,0,10,0.005,140,-10,10,3000,1,FALSE,multiplicative,0.1,0.4,1,fractal,0.1,1,580,common
72612616,2026_09_09 18:35:56,176034_127,127,"Basemap 1 experiment, larger mutation magnitude",41,1,265,2,20000,3285.6501400137,0.01,0.05,0,10,0.005,140,-10,10,3000,1,FALSE,multiplicative,0.1,0.4,5,fractal,0.05,1,624,common
31253468,2026_09_09 18:35:56,176034_147,147,"Basemap 1 experiment, larger mutation magnitude",41,1,265,2,20000,3285.6501400137,0.01,0.05,0,10,0.005,140,-10,10,3000,1,FALSE,multiplicative,0.1,0.4,5,fractal,0.2,1,724,common
59648791,2026_09_09 18:35:56,176034_144,144,"Basemap 1 experiment, larger mutation magnitude",34,1,251,2,20000,2354.09468048382,0.01,0.05,0,10,0.005,140,-10,10,3000,1,FALSE,multiplicative,0.1,0.4,5,fractal,0.2,1,717,common
55973648,2026_09_09 18:35:56,176034_145,145,"Basemap 1 experiment, larger mutation magnitude",37,1,257,2,20000,854.956070927776,0.01,0.05,0,10,0.005,140,-10,10,3000,1,FALSE,multiplicative,0.1,0.4,5,fractal,0.2,1,720,common
57635414,2026_09_09 18:35:56,176034_146,146,"Basemap 1 experiment, larger mutation magnitude",38,1,259,2,20000,760.415213867477,0.01,0.05,0,10,0.005,140,-10,10,3000,1,FALSE,multiplicative,0.1,0.4,5,fractal,0.2,1,721,common
64987090,2026_09_09 18:35:57,176034_119,119,"Basemap 1 experiment, larger mutation magnitude",108,1,399,2,20000,979.701436530544,0.01,0.05,0,10,0.005,140,-10,10,3000,1,FALSE,multiplicative,0.1,0.4,1,fractal,0.1,1,591,common
54439128,2026_09_09 18:35:57,176034_120,120,"Basemap 1 experiment, larger mutation magnitude",113,1,409,2,20000,1465.74148443907,0.01,0.05,0,10,0.005,140,-10,10,3000,1,FALSE,multiplicative,0.1,0.4,1,fractal,0.1,1,596,common
31872830,2026_09_09 18:35:57,176034_121,121,"Basemap 1 experiment, larger mutation magnitude",22,1,227,2,20000,1405.91239235663,0.01,0.05,0,10,0.005,140,-10,10,3000,1,FALSE,multiplicative,0.1,0.4,5,fractal,0.05,1,605,common
65867419,2026_09_09 18:35:57,176034_122,122,"Basemap 1 experiment, larger mutation magnitude",25,1,233,2,20000,15.423038594191,0.01,0.05,0,10,0.005,140,-10,10,3000,1,FALSE,multiplicative,0.1,0.4,5,fractal,0.05,1,608,common
70248455,2026_09_09 18:35:57,176034_123,123,"Basemap 1 experiment, larger mutation magnitude",31,1,245,2,20000,1482.72976514484,0.01,0.05,0,10,0.005,140,-10,10,3000,1,FALSE,multiplicative,0.1,0.4,5,fractal,0.05,1,614,common
97003237,2026_09_09 18:35:57,176034_152,152,"Basemap 1 experiment, larger mutation magnitude",80,1,343,2,20000,14.9183643511873,0.01,0.05,0,10,0.005,140,-10,10,3000,1,FALSE,multiplicative,0.1,0.4,5,fractal,0.2,1,763,common
51054548,2026_09_09 18:35:57,176034_150,150,"Basemap 1 experiment, larger mutation magnitude",67,1,317,2,20000,1785.51345896885,0.01,0.05,0,10,0.005,140,-10,10,3000,1,FALSE,multiplicative,0.1,0.4,5,fractal,0.2,1,750,common
23890354,2026_09_09 18:35:57,176034_151,151,"Basemap 1 experiment, larger mutation magnitude",68,1,319,2,20000,14.583629646427,0.01,0.05,0,10,0.005,140,-10,10,3000,1,FALSE,multiplicative,0.1,0.4,5,fractal,0.2,1,751,common
23288474,2026_09_09 18:35:57,176034_111,111,"Basemap 1 experiment, larger mutation magnitude",68,1,319,2,20000,14.583629646427,0.01,0.05,0,10,0.005,140,-10,10,3000,1,FALSE,multiplicative,0.1,0.4,1,fractal,0.1,1,551,common
16787925,2026_09_09 18:35:57,176034_148,148,"Basemap 1 experiment, larger mutation magnitude",43,1,269,2,20000,1288.94713367896,0.01,0.05,0,10,0.005,140,-10,10,3000,1,FALSE,multiplicative,0.1,0.4,5,fractal,0.2,1,726,common
64389829,2026_09_09 18:35:57,176034_149,149,"Basemap 1 experiment, larger mutation magnitude",65,1,313,2,20000,2427.2997487573,0.01,0.05,0,10,0.005,140,-10,10,3000,1,FALSE,multiplicative,0.1,0.4,5,fractal,0.2,1,748,common
75386163,2026_09_09 18:35:57,176034_143,143,"Basemap 1 experiment, larger mutation magnitude",31,1,245,2,20000,1482.72976514484,0.01,0.05,0,10,0.005,140,-10,10,3000,1,FALSE,multiplicative,0.1,0.4,5,fractal,0.2,1,714,common
52082602,2026_09_09 18:35:58,176034_142,142,"Basemap 1 experiment, larger mutation magnitude",25,1,233,2,20000,15.423038594191,0.01,0.05,0,10,0.005,140,-10,10,3000,1,FALSE,multiplicative,0.1,0.4,5,fractal,0.2,1,708,common
77409783,2026_09_09 18:35:58,176034_141,141,"Basemap 1 experiment, larger mutation magnitude",22,1,227,2,20000,1405.91239235663,0.01,0.05,0,10,0.005,140,-10,10,3000,1,FALSE,multiplicative,0.1,0.4,5,fractal,0.2,1,705,common
35519863,2026_09_09 18:35:58,176034_140,140,"Basemap 1 experiment, larger mutation magnitude",113,1,409,2,20000,1465.74148443907,0.01,0.05,0,10,0.005,140,-10,10,3000,1,FALSE,multiplicative,0.1,0.4,5,fractal,0.05,1,696,common
47644271,2026_09_09 18:35:58,176034_139,139,"Basemap 1 experiment, larger mutation magnitude",108,1,399,2,20000,979.701436530544,0.01,0.05,0,10,0.005,140,-10,10,3000,1,FALSE,multiplicative,0.1,0.4,5,fractal,0.05,1,691,common
14280952,2026_09_09 18:35:58,176034_136,136,"Basemap 1 experiment, larger mutation magnitude",97,1,377,2,20000,1796.46487976205,0.01,0.05,0,10,0.005,140,-10,10,3000,1,FALSE,multiplicative,0.1,0.4,5,fractal,0.05,1,680,common
90160418,2026_09_09 18:35:58,176034_138,138,"Basemap 1 experiment, larger mutation magnitude",107,1,397,2,20000,1815.12848889598,0.01,0.05,0,10,0.005,140,-10,10,3000,1,FALSE,multiplicative,0.1,0.4,5,fractal,0.05,1,690,common
19939359,2026_09_09 18:35:58,176034_137,137,"Basemap 1 experiment, larger mutation magnitude",106,1,395,2,20000,2676.26153751617,0.01,0.05,0,10,0.005,140,-10,10,3000,1,FALSE,multiplicative,0.1,0.4,5,fractal,0.05,1,689,common
46184875,2026_09_09 18:35:59,176034_128,128,"Basemap 1 experiment, larger mutation magnitude",43,1,269,2,20000,1288.94713367896,0.01,0.05,0,10,0.005,140,-10,10,3000,1,FALSE,multiplicative,0.1,0.4,5,fractal,0.05,1,626,common
85923415,2026_09_09 18:35:59,176034_132,132,"Basemap 1 experiment, larger mutation magnitude",80,1,343,2,20000,14.9183643511873,0.01,0.05,0,10,0.005,140,-10,10,3000,1,FALSE,multiplicative,0.1,0.4,5,fractal,0.05,1,663,common
39599585,2026_09_09 18:35:59,176034_134,134,"Basemap 1 experiment, larger mutation magnitude",88,1,359,2,20000,14.8311357768182,0.01,0.05,0,10,0.005,140,-10,10,3000,1,FALSE,multiplicative,0.1,0.4,5,fractal,0.05,1,671,common
10388794,2026_09_09 18:35:59,176034_135,135,"Basemap 1 experiment, larger mutation magnitude",91,1,365,2,20000,15.5011546902045,0.01,0.05,0,10,0.005,140,-10,10,3000,1,FALSE,multiplicative,0.1,0.4,5,fractal,0.05,1,674,common
63144567,2026_09_09 18:35:59,176034_129,129,"Basemap 1 experiment, larger mutation magnitude",65,1,313,2,20000,2427.2997487573,0.01,0.05,0,10,0.005,140,-10,10,3000,1,FALSE,multiplicative,0.1,0.4,5,fractal,0.05,1,648,common
24658632,2026_09_09 18:35:59,176034_133,133,"Basemap 1 experiment, larger mutation magnitude",83,1,349,2,20000,2854.29888941966,0.01,0.05,0,10,0.005,140,-10,10,3000,1,FALSE,multiplicative,0.1,0.4,5,fractal,0.05,1,666,common
10950130,2026_09_09 18:35:59,176034_131,131,"Basemap 1 experiment, larger mutation magnitude",68,1,319,2,20000,14.583629646427,0.01,0.05,0,10,0.005,140,-10,10,3000,1,FALSE,multiplicative,0.1,0.4,5,fractal,0.05,1,651,common
50025156,2026_09_09 18:35:59,176034_130,130,"Basemap 1 experiment, larger mutation magnitude",67,1,317,2,20000,1785.51345896885,0.01,0.05,0,10,0.005,140,-10,10,3000,1,FALSE,multiplicative,0.1,0.4,5,fractal,0.05,1,650,common
76312904,2026_09_09 18:35:59,176034_163,163,"Basemap 1 experiment, larger mutation magnitude",31,1,245,2,20000,1482.72976514484,0.01,0.05,0,10,0.005,140,-10,10,3000,1,FALSE,multiplicative,0.1,0.4,5,fractal,0.4,1,814,common
68070303,2026_09_09 18:35:59,176034_164,164,"Basemap 1 experiment, larger mutation magnitude",34,1,251,2,20000,2354.09468048382,0.01,0.05,0,10,0.005,140,-10,10,3000,1,FALSE,multiplicative,0.1,0.4,5,fractal,0.4,1,817,common
60175292,2026_09_09 18:35:59,176034_166,166,"Basemap 1 experiment, larger mutation magnitude",38,1,259,2,20000,760.415213867477,0.01,0.05,0,10,0.005,140,-10,10,3000,1,FALSE,multiplicative,0.1,0.4,5,fractal,0.4,1,821,common
20895886,2026_09_09 18:35:59,176034_165,165,"Basemap 1 experiment, larger mutation magnitude",37,1,257,2,20000,854.956070927776,0.01,0.05,0,10,0.005,140,-10,10,3000,1,FALSE,multiplicative,0.1,0.4,5,fractal,0.4,1,820,common
57997596,2026_09_09 18:35:59,176034_161,161,"Basemap 1 experiment, larger mutation magnitude",22,1,227,2,20000,1405.91239235663,0.01,0.05,0,10,0.005,140,-10,10,3000,1,FALSE,multiplicative,0.1,0.4,5,fractal,0.4,1,805,common
24416808,2026_09_09 18:35:59,176034_162,162,"Basemap 1 experiment, larger mutation magnitude",25,1,233,2,20000,15.423038594191,0.01,0.05,0,10,0.005,140,-10,10,3000,1,FALSE,multiplicative,0.1,0.4,5,fractal,0.4,1,808,common
27436298,2026_09_09 18:35:59,176034_167,167,"Basemap 1 experiment, larger mutation magnitude",41,1,265,2,20000,3285.6501400137,0.01,0.05,0,10,0.005,140,-10,10,3000,1,FALSE,multiplicative,0.1,0.4,5,fractal,0.4,1,824,common
31611204,2026_09_09 18:36:00,176034_156,156,"Basemap 1 experiment, larger mutation magnitude",97,1,377,2,20000,1796.46487976205,0.01,0.05,0,10,0.005,140,-10,10,3000,1,FALSE,multiplicative,0.1,0.4,5,fractal,0.2,1,780,common
55756163,2026_09_09 18:36:00,176034_155,155,"Basemap 1 experiment, larger mutation magnitude",91,1,365,2,20000,15.5011546902045,0.01,0.05,0,10,0.005,140,-10,10,3000,1,FALSE,multiplicative,0.1,0.4,5,fractal,0.2,1,774,common
83223690,2026_09_09 18:36:01,176034_158,158,"Basemap 1 experiment, larger mutation magnitude",107,1,397,2,20000,1815.12848889598,0.01,0.05,0,10,0.005,140,-10,10,3000,1,FALSE,multiplicative,0.1,0.4,5,fractal,0.2,1,790,common
77995157,2026_09_09 18:36:01,176034_157,157,"Basemap 1 experiment, larger mutation magnitude",106,1,395,2,20000,2676.26153751617,0.01,0.05,0,10,0.005,140,-10,10,3000,1,FALSE,multiplicative,0.1,0.4,5,fractal,0.2,1,789,common
85583916,2026_09_09 18:36:01,176034_159,159,"Basemap 1 experiment, larger mutation magnitude",108,1,399,2,20000,979.701436530544,0.01,0.05,0,10,0.005,140,-10,10,3000,1,FALSE,multiplicative,0.1,0.4,5,fractal,0.2,1,791,common
35106866,2026_09_09 18:36:01,176034_160,160,"Basemap 1 experiment, larger mutation magnitude",113,1,409,2,20000,1465.74148443907,0.01,0.05,0,10,0.005,140,-10,10,3000,1,FALSE,multiplicative,0.1,0.4,5,fractal,0.2,1,796,common
62634841,2026_09_09 18:36:01,176034_154,154,"Basemap 1 experiment, larger mutation magnitude",88,1,359,2,20000,14.8311357768182,0.01,0.05,0,10,0.005,140,-10,10,3000,1,FALSE,multiplicative,0.1,0.4,5,fractal,0.2,1,771,common
56004655,2026_09_09 18:36:01,176034_153,153,"Basemap 1 experiment, larger mutation magnitude",83,1,349,2,20000,2854.29888941966,0.01,0.05,0,10,0.005,140,-10,10,3000,1,FALSE,multiplicative,0.1,0.4,5,fractal,0.2,1,766,common
21045230,2026_09_09 18:36:02,176034_190,190,"Basemap 1 experiment, larger mutation magnitude",67,1,317,2,20000,1785.51345896885,0.01,0.05,0,10,0.005,140,-10,10,3000,1,FALSE,multiplicative,0.1,0.4,10,fractal,0.1,1,950,common
13538274,2026_09_09 18:36:02,176034_189,189,"Basemap 1 experiment, larger mutation magnitude",65,1,313,2,20000,2427.2997487573,0.01,0.05,0,10,0.005,140,-10,10,3000,1,FALSE,multiplicative,0.1,0.4,10,fractal,0.1,1,948,common
15770936,2026_09_09 18:36:02,176034_186,186,"Basemap 1 experiment, larger mutation magnitude",38,1,259,2,20000,760.415213867477,0.01,0.05,0,10,0.005,140,-10,10,3000,1,FALSE,multiplicative,0.1,0.4,10,fractal,0.1,1,921,common
20928296,2026_09_09 18:36:02,176034_182,182,"Basemap 1 experiment, larger mutation magnitude",25,1,233,2,20000,15.423038594191,0.01,0.05,0,10,0.005,140,-10,10,3000,1,FALSE,multiplicative,0.1,0.4,10,fractal,0.1,1,908,common
24993996,2026_09_09 18:36:02,176034_183,183,"Basemap 1 experiment, larger mutation magnitude",31,1,245,2,20000,1482.72976514484,0.01,0.05,0,10,0.005,140,-10,10,3000,1,FALSE,multiplicative,0.1,0.4,10,fractal,0.1,1,914,common
46580822,2026_09_09 18:36:02,176034_185,185,"Basemap 1 experiment, larger mutation magnitude",37,1,257,2,20000,854.956070927776,0.01,0.05,0,10,0.005,140,-10,10,3000,1,FALSE,multiplicative,0.1,0.4,10,fractal,0.1,1,920,common
30446995,2026_09_09 18:36:02,176034_181,181,"Basemap 1 experiment, larger mutation magnitude",22,1,227,2,20000,1405.91239235663,0.01,0.05,0,10,0.005,140,-10,10,3000,1,FALSE,multiplicative,0.1,0.4,10,fractal,0.1,1,905,common
89493160,2026_09_09 18:36:02,176034_188,188,"Basemap 1 experiment, larger mutation magnitude",43,1,269,2,20000,1288.94713367896,0.01,0.05,0,10,0.005,140,-10,10,3000,1,FALSE,multiplicative,0.1,0.4,10,fractal,0.1,1,926,common
56288710,2026_09_09 18:36:02,176034_179,179,"Basemap 1 experiment, larger mutation magnitude",108,1,399,2,20000,979.701436530544,0.01,0.05,0,10,0.005,140,-10,10,3000,1,FALSE,multiplicative,0.1,0.4,5,fractal,0.4,1,891,common
56789026,2026_09_09 18:36:02,176034_180,180,"Basemap 1 experiment, larger mutation magnitude",113,1,409,2,20000,1465.74148443907,0.01,0.05,0,10,0.005,140,-10,10,3000,1,FALSE,multiplicative,0.1,0.4,5,fractal,0.4,1,896,common
93523949,2026_09_09 18:36:02,176034_187,187,"Basemap 1 experiment, larger mutation magnitude",41,1,265,2,20000,3285.6501400137,0.01,0.05,0,10,0.005,140,-10,10,3000,1,FALSE,multiplicative,0.1,0.4,10,fractal,0.1,1,924,common
81641982,2026_09_09 18:36:02,176034_184,184,"Basemap 1 experiment, larger mutation magnitude",34,1,251,2,20000,2354.09468048382,0.01,0.05,0,10,0.005,140,-10,10,3000,1,FALSE,multiplicative,0.1,0.4,10,fractal,0.1,1,917,common
53912717,2026_09_09 18:36:02,176034_191,191,"Basemap 1 experiment, larger mutation magnitude",68,1,319,2,20000,14.583629646427,0.01,0.05,0,10,0.005,140,-10,10,3000,1,FALSE,multiplicative,0.1,0.4,10,fractal,0.1,1,951,common
32067967,2026_09_09 18:36:02,176034_101,101,"Basemap 1 experiment, larger mutation magnitude",22,1,227,2,20000,1405.91239235663,0.01,0.05,0,10,0.005,140,-10,10,3000,1,FALSE,multiplicative,0.1,0.4,1,fractal,0.1,1,505,common
90699827,2026_09_09 18:36:03,176034_175,175,"Basemap 1 experiment, larger mutation magnitude",91,1,365,2,20000,15.5011546902045,0.01,0.05,0,10,0.005,140,-10,10,3000,1,FALSE,multiplicative,0.1,0.4,5,fractal,0.4,1,874,common
39668871,2026_09_09 18:36:03,176034_177,177,"Basemap 1 experiment, larger mutation magnitude",106,1,395,2,20000,2676.26153751617,0.01,0.05,0,10,0.005,140,-10,10,3000,1,FALSE,multiplicative,0.1,0.4,5,fractal,0.4,1,889,common
41119051,2026_09_09 18:36:03,176034_169,169,"Basemap 1 experiment, larger mutation magnitude",65,1,313,2,20000,2427.2997487573,0.01,0.05,0,10,0.005,140,-10,10,3000,1,FALSE,multiplicative,0.1,0.4,5,fractal,0.4,1,848,common
94316808,2026_09_09 18:36:03,176034_170,170,"Basemap 1 experiment, larger mutation magnitude",67,1,317,2,20000,1785.51345896885,0.01,0.05,0,10,0.005,140,-10,10,3000,1,FALSE,multiplicative,0.1,0.4,5,fractal,0.4,1,850,common
50674373,2026_09_09 18:36:03,176034_171,171,"Basemap 1 experiment, larger mutation magnitude",68,1,319,2,20000,14.583629646427,0.01,0.05,0,10,0.005,140,-10,10,3000,1,FALSE,multiplicative,0.1,0.4,5,fractal,0.4,1,851,common
66633947,2026_09_09 18:36:03,176034_168,168,"Basemap 1 experiment, larger mutation magnitude",43,1,269,2,20000,1288.94713367896,0.01,0.05,0,10,0.005,140,-10,10,3000,1,FALSE,multiplicative,0.1,0.4,5,fractal,0.4,1,826,common
58916990,2026_09_09 18:36:03,176034_174,174,"Basemap 1 experiment, larger mutation magnitude",88,1,359,2,20000,14.8311357768182,0.01,0.05,0,10,0.005,140,-10,10,3000,1,FALSE,multiplicative,0.1,0.4,5,fractal,0.4,1,871,common
79972119,2026_09_09 18:36:03,176034_176,176,"Basemap 1 experiment, larger mutation magnitude",97,1,377,2,20000,1796.46487976205,0.01,0.05,0,10,0.005,140,-10,10,3000,1,FALSE,multiplicative,0.1,0.4,5,fractal,0.4,1,880,common
64173655,2026_09_09 18:36:03,176034_173,173,"Basemap 1 experiment, larger mutation magnitude",83,1,349,2,20000,2854.29888941966,0.01,0.05,0,10,0.005,140,-10,10,3000,1,FALSE,multiplicative,0.1,0.4,5,fractal,0.4,1,866,common
82486334,2026_09_09 18:36:04,176034_172,172,"Basemap 1 experiment, larger mutation magnitude",80,1,343,2,20000,14.9183643511873,0.01,0.05,0,10,0.005,140,-10,10,3000,1,FALSE,multiplicative,0.1,0.4,5,fractal,0.4,1,863,common
14528308,2026_09_09 18:36:04,176034_199,199,"Basemap 1 experiment, larger mutation magnitude",108,1,399,2,20000,979.701436530544,0.01,0.05,0,10,0.005,140,-10,10,3000,1,FALSE,multiplicative,0.1,0.4,10,fractal,0.1,1,991,common
66051103,2026_09_09 18:36:04,176034_197,197,"Basemap 1 experiment, larger mutation magnitude",106,1,395,2,20000,2676.26153751617,0.01,0.05,0,10,0.005,140,-10,10,3000,1,FALSE,multiplicative,0.1,0.4,10,fractal,0.1,1,989,common
37088364,2026_09_09 18:36:04,176034_200,200,"Basemap 1 experiment, larger mutation magnitude",113,1,409,2,20000,1465.74148443907,0.01,0.05,0,10,0.005,140,-10,10,3000,1,FALSE,multiplicative,0.1,0.4,10,fractal,0.1,1,996,common
74199541,2026_09_09 18:36:04,176034_198,198,"Basemap 1 experiment, larger mutation magnitude",107,1,397,2,20000,1815.12848889598,0.01,0.05,0,10,0.005,140,-10,10,3000,1,FALSE,multiplicative,0.1,0.4,10,fractal,0.1,1,990,common
13627422,2026_09_09 18:36:04,176034_194,194,"Basemap 1 experiment, larger mutation magnitude",88,1,359,2,20000,14.8311357768182,0.01,0.05,0,10,0.005,140,-10,10,3000,1,FALSE,multiplicative,0.1,0.4,10,fractal,0.1,1,971,common
68908537,2026_09_09 18:36:04,176034_195,195,"Basemap 1 experiment, larger mutation magnitude",91,1,365,2,20000,15.5011546902045,0.01,0.05,0,10,0.005,140,-10,10,3000,1,FALSE,multiplicative,0.1,0.4,10,fractal,0.1,1,974,common
80610182,2026_09_09 18:36:04,176034_196,196,"Basemap 1 experiment, larger mutation magnitude",97,1,377,2,20000,1796.46487976205,0.01,0.05,0,10,0.005,140,-10,10,3000,1,FALSE,multiplicative,0.1,0.4,10,fractal,0.1,1,980,common
57500894,2026_09_09 18:36:04,176034_178,178,"Basemap 1 experiment, larger mutation magnitude",107,1,397,2,20000,1815.12848889598,0.01,0.05,0,10,0.005,140,-10,10,3000,1,FALSE,multiplicative,0.1,0.4,5,fractal,0.4,1,890,common
30016330,2026_09_09 18:36:04,176034_193,193,"Basemap 1 experiment, larger mutation magnitude",83,1,349,2,20000,2854.29888941966,0.01,0.05,0,10,0.005,140,-10,10,3000,1,FALSE,multiplicative,0.1,0.4,10,fractal,0.1,1,966,common
50512278,2026_09_09 18:36:04,176034_192,192,"Basemap 1 experiment, larger mutation magnitude",80,1,343,2,20000,14.9183643511873,0.01,0.05,0,10,0.005,140,-10,10,3000,1,FALSE,multiplicative,0.1,0.4,10,fractal,0.1,1,963,common
42109816,2026_09_09 18:37:53,176034_209,209,"Basemap 1 experiment, larger mutation magnitude",65,1,313,2,20000,2427.2997487573,0.01,0.05,0,10,0.005,140,-10,10,3000,1,FALSE,multiplicative,0.1,0.4,15,fractal,0.1,1,1048,common
88195989,2026_09_09 18:37:53,176034_211,211,"Basemap 1 experiment, larger mutation magnitude",68,1,319,2,20000,14.583629646427,0.01,0.05,0,10,0.005,140,-10,10,3000,1,FALSE,multiplicative,0.1,0.4,15,fractal,0.1,1,1051,common
17751318,2026_09_09 18:37:53,176034_212,212,"Basemap 1 experiment, larger mutation magnitude",80,1,343,2,20000,14.9183643511873,0.01,0.05,0,10,0.005,140,-10,10,3000,1,FALSE,multiplicative,0.1,0.4,15,fractal,0.1,1,1063,common
22698394,2026_09_09 18:37:53,176034_213,213,"Basemap 1 experiment, larger mutation magnitude",83,1,349,2,20000,2854.29888941966,0.01,0.05,0,10,0.005,140,-10,10,3000,1,FALSE,multiplicative,0.1,0.4,15,fractal,0.1,1,1066,common
42549993,2026_09_09 18:37:54,176034_208,208,"Basemap 1 experiment, larger mutation magnitude",43,1,269,2,20000,1288.94713367896,0.01,0.05,0,10,0.005,140,-10,10,3000,1,FALSE,multiplicative,0.1,0.4,15,fractal,0.1,1,1026,common
25258394,2026_09_09 18:37:54,176034_207,207,"Basemap 1 experiment, larger mutation magnitude",41,1,265,2,20000,3285.6501400137,0.01,0.05,0,10,0.005,140,-10,10,3000,1,FALSE,multiplicative,0.1,0.4,15,fractal,0.1,1,1024,common
25964062,2026_09_09 18:37:54,176034_210,210,"Basemap 1 experiment, larger mutation magnitude",67,1,317,2,20000,1785.51345896885,0.01,0.05,0,10,0.005,140,-10,10,3000,1,FALSE,multiplicative,0.1,0.4,15,fractal,0.1,1,1050,common
51590984,2026_09_09 18:37:54,176034_220,220,"Basemap 1 experiment, larger mutation magnitude",113,1,409,2,20000,1465.74148443907,0.01,0.05,0,10,0.005,140,-10,10,3000,1,FALSE,multiplicative,0.1,0.4,15,fractal,0.1,1,1096,common
75340138,2026_09_09 18:37:54,176034_219,219,"Basemap 1 experiment, larger mutation magnitude",108,1,399,2,20000,979.701436530544,0.01,0.05,0,10,0.005,140,-10,10,3000,1,FALSE,multiplicative,0.1,0.4,15,fractal,0.1,1,1091,common
81515831,2026_09_09 18:37:54,176034_216,216,"Basemap 1 experiment, larger mutation magnitude",97,1,377,2,20000,1796.46487976205,0.01,0.05,0,10,0.005,140,-10,10,3000,1,FALSE,multiplicative,0.1,0.4,15,fractal,0.1,1,1080,common
86401206,2026_09_09 18:37:54,176034_218,218,"Basemap 1 experiment, larger mutation magnitude",107,1,397,2,20000,1815.12848889598,0.01,0.05,0,10,0.005,140,-10,10,3000,1,FALSE,multiplicative,0.1,0.4,15,fractal,0.1,1,1090,common
20176438,2026_09_09 18:37:54,176034_217,217,"Basemap 1 experiment, larger mutation magnitude",106,1,395,2,20000,2676.26153751617,0.01,0.05,0,10,0.005,140,-10,10,3000,1,FALSE,multiplicative,0.1,0.4,15,fractal,0.1,1,1089,common
15164371,2026_09_09 18:37:55,176034_205,205,"Basemap 1 experiment, larger mutation magnitude",37,1,257,2,20000,854.956070927776,0.01,0.05,0,10,0.005,140,-10,10,3000,1,FALSE,multiplicative,0.1,0.4,15,fractal,0.1,1,1020,common
10910665,2026_09_09 18:37:55,176034_206,206,"Basemap 1 experiment, larger mutation magnitude",38,1,259,2,20000,760.415213867477,0.01,0.05,0,10,0.005,140,-10,10,3000,1,FALSE,multiplicative,0.1,0.4,15,fractal,0.1,1,1021,common
82840202,2026_09_09 18:37:55,176034_204,204,"Basemap 1 experiment, larger mutation magnitude",34,1,251,2,20000,2354.09468048382,0.01,0.05,0,10,0.005,140,-10,10,3000,1,FALSE,multiplicative,0.1,0.4,15,fractal,0.1,1,1017,common
98431330,2026_09_09 18:37:55,176034_203,203,"Basemap 1 experiment, larger mutation magnitude",31,1,245,2,20000,1482.72976514484,0.01,0.05,0,10,0.005,140,-10,10,3000,1,FALSE,multiplicative,0.1,0.4,15,fractal,0.1,1,1014,common
47196596,2026_09_09 18:37:56,176034_202,202,"Basemap 1 experiment, larger mutation magnitude",25,1,233,2,20000,15.423038594191,0.01,0.05,0,10,0.005,140,-10,10,3000,1,FALSE,multiplicative,0.1,0.4,15,fractal,0.1,1,1008,common
92073009,2026_09_09 18:37:57,176034_214,214,"Basemap 1 experiment, larger mutation magnitude",88,1,359,2,20000,14.8311357768182,0.01,0.05,0,10,0.005,140,-10,10,3000,1,FALSE,multiplicative,0.1,0.4,15,fractal,0.1,1,1071,common
68649407,2026_09_09 18:37:57,176034_215,215,"Basemap 1 experiment, larger mutation magnitude",91,1,365,2,20000,15.5011546902045,0.01,0.05,0,10,0.005,140,-10,10,3000,1,FALSE,multiplicative,0.1,0.4,15,fractal,0.1,1,1074,common
68287995,2026_09_09 18:37:58,176034_201,201,"Basemap 1 experiment, larger mutation magnitude",22,1,227,2,20000,1405.91239235663,0.01,0.05,0,10,0.005,140,-10,10,3000,1,FALSE,multiplicative,0.1,0.4,15,fractal,0.1,1,1005,common
95098012,2026_09_09 19:40:13,184714_4,4,"Basemap 1 experiment, mutation magnitude and rate",88,1,359,2,20000,14.8311357768182,0.001,0.05,0,10,0.005,140,-10,10,3000,1,FALSE,multiplicative,0,0,0,fractal,1,0.001,4,frequent
64640248,2026_09_09 19:40:13,184714_3,3,"Basemap 1 experiment, mutation magnitude and rate",91,1,365,2,20000,15.5011546902045,0.001,0.05,0,10,0.005,140,-10,10,3000,1,FALSE,multiplicative,0,0,0,fractal,1,0.001,3,frequent
26920272,2026_09_09 19:40:14,184714_13,13,"Basemap 1 experiment, mutation magnitude and rate",34,1,251,2,20000,2354.09468048382,0.001,0.05,0,10,0.005,140,-10,10,3000,1,FALSE,multiplicative,0.1,0.4,5,fractal,0.1,0.001,13,frequent
25607819,2026_09_09 19:40:14,184714_12,12,"Basemap 1 experiment, mutation magnitude and rate",88,1,359,2,20000,14.8311357768182,0.001,0.05,0,10,0.005,140,-10,10,3000,1,FALSE,multiplicative,0.1,0.4,5,fractal,0.1,0.001,12,frequent
74548734,2026_09_09 19:40:14,184714_16,16,"Basemap 1 experiment, mutation magnitude and rate",38,1,259,2,20000,760.415213867477,0.001,0.05,0,10,0.005,140,-10,10,3000,1,FALSE,multiplicative,0.1,0.4,5,fractal,0.1,0.001,16,frequent
56650643,2026_09_09 19:40:14,184714_14,14,"Basemap 1 experiment, mutation magnitude and rate",107,1,397,2,20000,1815.12848889598,0.001,0.05,0,10,0.005,140,-10,10,3000,1,FALSE,multiplicative,0.1,0.4,5,fractal,0.1,0.001,14,frequent
13439874,2026_09_09 19:40:14,184714_15,15,"Basemap 1 experiment, mutation magnitude and rate",108,1,399,2,20000,979.701436530544,0.001,0.05,0,10,0.005,140,-10,10,3000,1,FALSE,multiplicative,0.1,0.4,5,fractal,0.1,0.001,15,frequent
91983272,2026_09_09 19:40:14,184714_17,17,"Basemap 1 experiment, mutation magnitude and rate",22,1,227,2,20000,1405.91239235663,0.001,0.05,0,10,0.005,140,-10,10,3000,1,FALSE,multiplicative,0,0,0,fractal,1,0.00562341325190349,17,frequent
79742795,2026_09_09 19:40:14,184714_2,2,"Basemap 1 experiment, mutation magnitude and rate",31,1,245,2,20000,1482.72976514484,0.001,0.05,0,10,0.005,140,-10,10,3000,1,FALSE,multiplicative,0,0,0,fractal,1,0.001,2,frequent
43245565,2026_09_09 19:40:15,184714_42,42,"Basemap 1 experiment, mutation magnitude and rate",31,1,245,2,20000,1482.72976514484,0.001,0.05,0,10,0.005,140,-10,10,3000,1,FALSE,multiplicative,0.1,0.4,5,fractal,0.1,0.0316227766016838,42,frequent
99661005,2026_09_09 19:40:15,184714_41,41,"Basemap 1 experiment, mutation magnitude and rate",22,1,227,2,20000,1405.91239235663,0.001,0.05,0,10,0.005,140,-10,10,3000,1,FALSE,multiplicative,0.1,0.4,5,fractal,0.1,0.0316227766016838,41,frequent
48797391,2026_09_09 19:40:16,184714_1,1,"Basemap 1 experiment, mutation magnitude and rate",22,1,227,2,20000,1405.91239235663,0.001,0.05,0,10,0.005,140,-10,10,3000,1,FALSE,multiplicative,0,0,0,fractal,1,0.001,1,frequent
68945401,2026_09_09 19:40:17,184714_18,18,"Basemap 1 experiment, mutation magnitude and rate",31,1,245,2,20000,1482.72976514484,0.001,0.05,0,10,0.005,140,-10,10,3000,1,FALSE,multiplicative,0,0,0,fractal,1,0.00562341325190349,18,frequent
63184393,2026_09_09 19:40:17,184714_43,43,"Basemap 1 experiment, mutation magnitude and rate",91,1,365,2,20000,15.5011546902045,0.001,0.05,0,10,0.005,140,-10,10,3000,1,FALSE,multiplicative,0.1,0.4,5,fractal,0.1,0.0316227766016838,43,frequent
79758803,2026_09_09 19:40:17,184714_39,39,"Basemap 1 experiment, mutation magnitude and rate",108,1,399,2,20000,979.701436530544,0.001,0.05,0,10,0.005,140,-10,10,3000,1,FALSE,multiplicative,0,0,0,fractal,1,0.0316227766016838,39,frequent
64422361,2026_09_09 19:40:17,184714_24,24,"Basemap 1 experiment, mutation magnitude and rate",38,1,259,2,20000,760.415213867477,0.001,0.05,0,10,0.005,140,-10,10,3000,1,FALSE,multiplicative,0,0,0,fractal,1,0.00562341325190349,24,frequent
44591244,2026_09_09 19:40:17,184714_25,25,"Basemap 1 experiment, mutation magnitude and rate",22,1,227,2,20000,1405.91239235663,0.001,0.05,0,10,0.005,140,-10,10,3000,1,FALSE,multiplicative,0.1,0.4,5,fractal,0.1,0.00562341325190349,25,frequent
50531884,2026_09_09 19:40:17,184714_40,40,"Basemap 1 experiment, mutation magnitude and rate",38,1,259,2,20000,760.415213867477,0.001,0.05,0,10,0.005,140,-10,10,3000,1,FALSE,multiplicative,0,0,0,fractal,1,0.0316227766016838,40,frequent
87970363,2026_09_09 19:40:18,184714_10,10,"Basemap 1 experiment, mutation magnitude and rate",31,1,245,2,20000,1482.72976514484,0.001,0.05,0,10,0.005,140,-10,10,3000,1,FALSE,multiplicative,0.1,0.4,5,fractal,0.1,0.001,10,frequent
33393687,2026_09_09 19:40:18,184714_11,11,"Basemap 1 experiment, mutation magnitude and rate",91,1,365,2,20000,15.5011546902045,0.001,0.05,0,10,0.005,140,-10,10,3000,1,FALSE,multiplicative,0.1,0.4,5,fractal,0.1,0.001,11,frequent
69546495,2026_09_09 19:40:18,184714_9,9,"Basemap 1 experiment, mutation magnitude and rate",22,1,227,2,20000,1405.91239235663,0.001,0.05,0,10,0.005,140,-10,10,3000,1,FALSE,multiplicative,0.1,0.4,5,fractal,0.1,0.001,9,frequent
48999496,2026_09_09 19:40:18,184714_7,7,"Basemap 1 experiment, mutation magnitude and rate",108,1,399,2,20000,979.701436530544,0.001,0.05,0,10,0.005,140,-10,10,3000,1,FALSE,multiplicative,0,0,0,fractal,1,0.001,7,frequent
94809198,2026_09_09 19:40:18,184714_8,8,"Basemap 1 experiment, mutation magnitude and rate",38,1,259,2,20000,760.415213867477,0.001,0.05,0,10,0.005,140,-10,10,3000,1,FALSE,multiplicative,0,0,0,fractal,1,0.001,8,frequent
21124526,2026_09_09 19:40:18,184714_5,5,"Basemap 1 experiment, mutation magnitude and rate",34,1,251,2,20000,2354.09468048382,0.001,0.05,0,10,0.005,140,-10,10,3000,1,FALSE,multiplicative,0,0,0,fractal,1,0.001,5,frequent
93660331,2026_09_09 19:40:18,184714_6,6,"Basemap 1 experiment, mutation magnitude and rate",107,1,397,2,20000,1815.12848889598,0.001,0.05,0,10,0.005,140,-10,10,3000,1,FALSE,multiplicative,0,0,0,fractal,1,0.001,6,frequent
75884339,2026_09_09 19:40:19,184714_20,20,"Basemap 1 experiment, mutation magnitude and rate",88,1,359,2,20000,14.8311357768182,0.001,0.05,0,10,0.005,140,-10,10,3000,1,FALSE,multiplicative,0,0,0,fractal,1,0.00562341325190349,20,frequent
63433884,2026_09_09 19:40:19,184714_21,21,"Basemap 1 experiment, mutation magnitude and rate",34,1,251,2,20000,2354.09468048382,0.001,0.05,0,10,0.005,140,-10,10,3000,1,FALSE,multiplicative,0,0,0,fractal,1,0.00562341325190349,21,frequent
18833102,2026_09_09 19:40:19,184714_29,29,"Basemap 1 experiment, mutation magnitude and rate",34,1,251,2,20000,2354.09468048382,0.001,0.05,0,10,0.005,140,-10,10,3000,1,FALSE,multiplicative,0.1,0.4,5,fractal,0.1,0.00562341325190349,29,frequent
84249684,2026_09_09 19:40:19,184714_28,28,"Basemap 1 experiment, mutation magnitude and rate",88,1,359,2,20000,14.8311357768182,0.001,0.05,0,10,0.005,140,-10,10,3000,1,FALSE,multiplicative,0.1,0.4,5,fractal,0.1,0.00562341325190349,28,frequent
21171502,2026_09_09 19:40:19,184714_26,26,"Basemap 1 experiment, mutation magnitude and rate",31,1,245,2,20000,1482.72976514484,0.001,0.05,0,10,0.005,140,-10,10,3000,1,FALSE,multiplicative,0.1,0.4,5,fractal,0.1,0.00562341325190349,26,frequent
13470808,2026_09_09 19:40:19,184714_27,27,"Basemap 1 experiment, mutation magnitude and rate",91,1,365,2,20000,15.5011546902045,0.001,0.05,0,10,0.005,140,-10,10,3000,1,FALSE,multiplicative,0.1,0.4,5,fractal,0.1,0.00562341325190349,27,frequent
31959602,2026_09_09 19:40:19,184714_53,53,"Basemap 1 experiment, mutation magnitude and rate",34,1,251,2,20000,2354.09468048382,0.001,0.05,0,10,0.005,140,-10,10,3000,1,FALSE,multiplicative,0,0,0,fractal,1,0.177827941003892,53,frequent
61336040,2026_09_09 19:40:19,184714_52,52,"Basemap 1 experiment, mutation magnitude and rate",88,1,359,2,20000,14.8311357768182,0.001,0.05,0,10,0.005,140,-10,10,3000,1,FALSE,multiplicative,0,0,0,fractal,1,0.177827941003892,52,frequent
63136165,2026_09_09 19:40:19,184714_49,49,"Basemap 1 experiment, mutation magnitude and rate",22,1,227,2,20000,1405.91239235663,0.001,0.05,0,10,0.005,140,-10,10,3000,1,FALSE,multiplicative,0,0,0,fractal,1,0.177827941003892,49,frequent
25011982,2026_09_09 19:40:19,184714_45,45,"Basemap 1 experiment, mutation magnitude and rate",34,1,251,2,20000,2354.09468048382,0.001,0.05,0,10,0.005,140,-10,10,3000,1,FALSE,multiplicative,0.1,0.4,5,fractal,0.1,0.0316227766016838,45,frequent
50157205,2026_09_09 19:40:19,184714_51,51,"Basemap 1 experiment, mutation magnitude and rate",91,1,365,2,20000,15.5011546902045,0.001,0.05,0,10,0.005,140,-10,10,3000,1,FALSE,multiplicative,0,0,0,fractal,1,0.177827941003892,51,frequent
87444670,2026_09_09 19:40:19,184714_50,50,"Basemap 1 experiment, mutation magnitude and rate",31,1,245,2,20000,1482.72976514484,0.001,0.05,0,10,0.005,140,-10,10,3000,1,FALSE,multiplicative,0,0,0,fractal,1,0.177827941003892,50,frequent
74899876,2026_09_09 19:40:19,184714_19,19,"Basemap 1 experiment, mutation magnitude and rate",91,1,365,2,20000,15.5011546902045,0.001,0.05,0,10,0.005,140,-10,10,3000,1,FALSE,multiplicative,0,0,0,fractal,1,0.00562341325190349,19,frequent
56186140,2026_09_09 19:40:19,184714_46,46,"Basemap 1 experiment, mutation magnitude and rate",107,1,397,2,20000,1815.12848889598,0.001,0.05,0,10,0.005,140,-10,10,3000,1,FALSE,multiplicative,0.1,0.4,5,fractal,0.1,0.0316227766016838,46,frequent
35583549,2026_09_09 19:40:19,184714_58,58,"Basemap 1 experiment, mutation magnitude and rate",31,1,245,2,20000,1482.72976514484,0.001,0.05,0,10,0.005,140,-10,10,3000,1,FALSE,multiplicative,0.1,0.4,5,fractal,0.1,0.177827941003892,58,frequent
27889429,2026_09_09 19:40:19,184714_57,57,"Basemap 1 experiment, mutation magnitude and rate",22,1,227,2,20000,1405.91239235663,0.001,0.05,0,10,0.005,140,-10,10,3000,1,FALSE,multiplicative,0.1,0.4,5,fractal,0.1,0.177827941003892,57,frequent
15427191,2026_09_09 19:40:19,184714_36,36,"Basemap 1 experiment, mutation magnitude and rate",88,1,359,2,20000,14.8311357768182,0.001,0.05,0,10,0.005,140,-10,10,3000,1,FALSE,multiplicative,0,0,0,fractal,1,0.0316227766016838,36,frequent
37768499,2026_09_09 19:40:19,184714_35,35,"Basemap 1 experiment, mutation magnitude and rate",91,1,365,2,20000,15.5011546902045,0.001,0.05,0,10,0.005,140,-10,10,3000,1,FALSE,multiplicative,0,0,0,fractal,1,0.0316227766016838,35,frequent
48042239,2026_09_09 19:40:19,184714_67,67,"Basemap 1 experiment, mutation magnitude and rate",91,1,365,2,20000,15.5011546902045,0.001,0.05,0,10,0.005,140,-10,10,3000,1,FALSE,multiplicative,0,0,0,fractal,1,1,67,frequent
82917389,2026_09_09 19:40:19,184714_59,59,"Basemap 1 experiment, mutation magnitude and rate",91,1,365,2,20000,15.5011546902045,0.001,0.05,0,10,0.005,140,-10,10,3000,1,FALSE,multiplicative,0.1,0.4,5,fractal,0.1,0.177827941003892,59,frequent
88547558,2026_09_09 19:40:19,184714_48,48,"Basemap 1 experiment, mutation magnitude and rate",38,1,259,2,20000,760.415213867477,0.001,0.05,0,10,0.005,140,-10,10,3000,1,FALSE,multiplicative,0.1,0.4,5,fractal,0.1,0.0316227766016838,48,frequent
51283254,2026_09_09 19:40:20,184714_44,44,"Basemap 1 experiment, mutation magnitude and rate",88,1,359,2,20000,14.8311357768182,0.001,0.05,0,10,0.005,140,-10,10,3000,1,FALSE,multiplicative,0.1,0.4,5,fractal,0.1,0.0316227766016838,44,frequent
73725888,2026_09_09 19:40:21,184714_56,56,"Basemap 1 experiment, mutation magnitude and rate",38,1,259,2,20000,760.415213867477,0.001,0.05,0,10,0.005,140,-10,10,3000,1,FALSE,multiplicative,0,0,0,fractal,1,0.177827941003892,56,frequent
38439140,2026_09_09 19:40:21,184714_55,55,"Basemap 1 experiment, mutation magnitude and rate",108,1,399,2,20000,979.701436530544,0.001,0.05,0,10,0.005,140,-10,10,3000,1,FALSE,multiplicative,0,0,0,fractal,1,0.177827941003892,55,frequent
58139731,2026_09_09 19:40:22,184714_66,66,"Basemap 1 experiment, mutation magnitude and rate",31,1,245,2,20000,1482.72976514484,0.001,0.05,0,10,0.005,140,-10,10,3000,1,FALSE,multiplicative,0,0,0,fractal,1,1,66,frequent
29814152,2026_09_09 19:40:23,184714_60,60,"Basemap 1 experiment, mutation magnitude and rate",88,1,359,2,20000,14.8311357768182,0.001,0.05,0,10,0.005,140,-10,10,3000,1,FALSE,multiplicative,0.1,0.4,5,fractal,0.1,0.177827941003892,60,frequent
53765946,2026_09_09 19:40:23,184714_62,62,"Basemap 1 experiment, mutation magnitude and rate",107,1,397,2,20000,1815.12848889598,0.001,0.05,0,10,0.005,140,-10,10,3000,1,FALSE,multiplicative,0.1,0.4,5,fractal,0.1,0.177827941003892,62,frequent
33796488,2026_09_09 19:40:23,184714_63,63,"Basemap 1 experiment, mutation magnitude and rate",108,1,399,2,20000,979.701436530544,0.001,0.05,0,10,0.005,140,-10,10,3000,1,FALSE,multiplicative,0.1,0.4,5,fractal,0.1,0.177827941003892,63,frequent
82127684,2026_09_09 19:40:23,184714_34,34,"Basemap 1 experiment, mutation magnitude and rate",31,1,245,2,20000,1482.72976514484,0.001,0.05,0,10,0.005,140,-10,10,3000,1,FALSE,multiplicative,0,0,0,fractal,1,0.0316227766016838,34,frequent
uent
52189914,2026_09_09 19:40:24,184714_33,33,"Basemap 1 experiment, mutation magnitude and rate",22,1,227,2,20000,1405.91239235663,0.001,0.05,0,10,0.005,140,-10,10,3000,1,FALSE,multiplicative,0,0,0,fractal,1,0.0316227766016838,33,frequent
72323156,2026_09_09 19:40:25,184714_32,32,"Basemap 1 experiment, mutation magnitude and rate",38,1,259,2,20000,760.415213867477,0.001,0.05,0,10,0.005,140,-10,10,3000,1,FALSE,multiplicative,0.1,0.4,5,fractal,0.1,0.00562341325190349,32,frequent
65219290,2026_09_09 19:40:25,184714_30,30,"Basemap 1 experiment, mutation magnitude and rate",107,1,397,2,20000,1815.12848889598,0.001,0.05,0,10,0.005,140,-10,10,3000,1,FALSE,multiplicative,0.1,0.4,5,fractal,0.1,0.00562341325190349,30,frequent
81761647,2026_09_09 19:40:25,184714_31,31,"Basemap 1 experiment, mutation magnitude and rate",108,1,399,2,20000,979.701436530544,0.001,0.05,0,10,0.005,140,-10,10,3000,1,FALSE,multiplicative,0.1,0.4,5,fractal,0.1,0.00562341325190349,31,frequent
99202664,2026_09_09 19:40:28,184714_38,38,"Basemap 1 experiment, mutation magnitude and rate",107,1,397,2,20000,1815.12848889598,0.001,0.05,0,10,0.005,140,-10,10,3000,1,FALSE,multiplicative,0,0,0,fractal,1,0.0316227766016838,38,frequent
20798908,2026_09_09 19:40:28,184714_37,37,"Basemap 1 experiment, mutation magnitude and rate",34,1,251,2,20000,2354.09468048382,0.001,0.05,0,10,0.005,140,-10,10,3000,1,FALSE,multiplicative,0,0,0,fractal,1,0.0316227766016838,37,frequent
19722283,2026_09_09 19:40:38,184714_65,65,"Basemap 1 experiment, mutation magnitude and rate",22,1,227,2,20000,1405.91239235663,0.001,0.05,0,10,0.005,140,-10,10,3000,1,FALSE,multiplicative,0,0,0,fractal,1,1,65,frequent
53831443,2026_09_09 19:40:38,184714_64,64,"Basemap 1 experiment, mutation magnitude and rate",38,1,259,2,20000,760.415213867477,0.001,0.05,0,10,0.005,140,-10,10,3000,1,FALSE,multiplicative,0.1,0.4,5,fractal,0.1,0.177827941003892,64,frequent
17858900,2026_09_09 19:42:39,184714_109,109,"Basemap 1 experiment, mutation magnitude and rate",34,1,251,2,20000,2354.09468048382,0.00562341325190349,0.05,0,10,0.005,140,-10,10,3000,1,FALSE,multiplicative,0.1,0.4,5,fractal,0.1,0.00562341325190349,109,frequent
68401725,2026_09_09 19:42:39,184714_74,74,"Basemap 1 experiment, mutation magnitude and rate",31,1,245,2,20000,1482.72976514484,0.001,0.05,0,10,0.005,140,-10,10,3000,1,FALSE,multiplicative,0.1,0.4,5,fractal,0.1,1,74,frequent
16489257,2026_09_09 19:42:39,184714_73,73,"Basemap 1 experiment, mutation magnitude and rate",22,1,227,2,20000,1405.91239235663,0.001,0.05,0,10,0.005,140,-10,10,3000,1,FALSE,multiplicative,0.1,0.4,5,fractal,0.1,1,73,frequent
33302865,2026_09_09 19:42:40,184714_75,75,"Basemap 1 experiment, mutation magnitude and rate",91,1,365,2,20000,15.5011546902045,0.001,0.05,0,10,0.005,140,-10,10,3000,1,FALSE,multiplicative,0.1,0.4,5,fractal,0.1,1,75,frequent
36977144,2026_09_09 19:42:40,184714_77,77,"Basemap 1 experiment, mutation magnitude and rate",34,1,251,2,20000,2354.09468048382,0.001,0.05,0,10,0.005,140,-10,10,3000,1,FALSE,multiplicative,0.1,0.4,5,fractal,0.1,1,77,frequent
47454747,2026_09_09 19:42:40,184714_76,76,"Basemap 1 experiment, mutation magnitude and rate",88,1,359,2,20000,14.8311357768182,0.001,0.05,0,10,0.005,140,-10,10,3000,1,FALSE,multiplicative,0.1,0.4,5,fractal,0.1,1,76,frequent
89376948,2026_09_09 19:42:40,184714_108,108,"Basemap 1 experiment, mutation magnitude and rate",88,1,359,2,20000,14.8311357768182,0.00562341325190349,0.05,0,10,0.005,140,-10,10,3000,1,FALSE,multiplicative,0.1,0.4,5,fractal,0.1,0.00562341325190349,108,frequent
77058342,2026_09_09 19:42:40,184714_78,78,"Basemap 1 experiment, mutation magnitude and rate",107,1,397,2,20000,1815.12848889598,0.001,0.05,0,10,0.005,140,-10,10,3000,1,FALSE,multiplicative,0.1,0.4,5,fractal,0.1,1,78,frequent
43338948,2026_09_09 19:42:40,184714_80,80,"Basemap 1 experiment, mutation magnitude and rate",38,1,259,2,20000,760.415213867477,0.001,0.05,0,10,0.005,140,-10,10,3000,1,FALSE,multiplicative,0.1,0.4,5,fractal,0.1,1,80,frequent
88354832,2026_09_09 19:42:41,184714_104,104,"Basemap 1 experiment, mutation magnitude and rate",38,1,259,2,20000,760.415213867477,0.00562341325190349,0.05,0,10,0.005,140,-10,10,3000,1,FALSE,multiplicative,0,0,0,fractal,1,0.00562341325190349,104,frequent
86101795,2026_09_09 19:42:41,184714_69,69,"Basemap 1 experiment, mutation magnitude and rate",34,1,251,2,20000,2354.09468048382,0.001,0.05,0,10,0.005,140,-10,10,3000,1,FALSE,multiplicative,0,0,0,fractal,1,1,69,frequent
83639226,2026_09_09 19:42:41,184714_70,70,"Basemap 1 experiment, mutation magnitude and rate",107,1,397,2,20000,1815.12848889598,0.001,0.05,0,10,0.005,140,-10,10,3000,1,FALSE,multiplicative,0,0,0,fractal,1,1,70,frequent
51205550,2026_09_09 19:42:41,184714_71,71,"Basemap 1 experiment, mutation magnitude and rate",108,1,399,2,20000,979.701436530544,0.001,0.05,0,10,0.005,140,-10,10,3000,1,FALSE,multiplicative,0,0,0,fractal,1,1,71,frequent
52651272,2026_09_09 19:42:41,184714_72,72,"Basemap 1 experiment, mutation magnitude and rate",38,1,259,2,20000,760.415213867477,0.001,0.05,0,10,0.005,140,-10,10,3000,1,FALSE,multiplicative,0,0,0,fractal,1,1,72,frequent
34792820,2026_09_09 19:42:41,184714_107,107,"Basemap 1 experiment, mutation magnitude and rate",91,1,365,2,20000,15.5011546902045,0.00562341325190349,0.05,0,10,0.005,140,-10,10,3000,1,FALSE,multiplicative,0.1,0.4,5,fractal,0.1,0.00562341325190349,107,frequent
57244738,2026_09_09 19:42:42,184714_95,95,"Basemap 1 experiment, mutation magnitude and rate",108,1,399,2,20000,979.701436530544,0.00562341325190349,0.05,0,10,0.005,140,-10,10,3000,1,FALSE,multiplicative,0.1,0.4,5,fractal,0.1,0.001,95,frequent
43341653,2026_09_09 19:42:42,184714_94,94,"Basemap 1 experiment, mutation magnitude and rate",107,1,397,2,20000,1815.12848889598,0.00562341325190349,0.05,0,10,0.005,140,-10,10,3000,1,FALSE,multiplicative,0.1,0.4,5,fractal,0.1,0.001,94,frequent
20264889,2026_09_09 19:42:42,184714_97,97,"Basemap 1 experiment, mutation magnitude and rate",22,1,227,2,20000,1405.91239235663,0.00562341325190349,0.05,0,10,0.005,140,-10,10,3000,1,FALSE,multiplicative,0,0,0,fractal,1,0.00562341325190349,97,frequent
98460711,2026_09_09 19:42:42,184714_98,98,"Basemap 1 experiment, mutation magnitude and rate",31,1,245,2,20000,1482.72976514484,0.00562341325190349,0.05,0,10,0.005,140,-10,10,3000,1,FALSE,multiplicative,0,0,0,fractal,1,0.00562341325190349,98,frequent
97842428,2026_09_09 19:42:42,184714_96,96,"Basemap 1 experiment, mutation magnitude and rate",38,1,259,2,20000,760.415213867477,0.00562341325190349,0.05,0,10,0.005,140,-10,10,3000,1,FALSE,multiplicative,0.1,0.4,5,fractal,0.1,0.001,96,frequent
60326938,2026_09_09 19:42:42,184714_110,110,"Basemap 1 experiment, mutation magnitude and rate",107,1,397,2,20000,1815.12848889598,0.00562341325190349,0.05,0,10,0.005,140,-10,10,3000,1,FALSE,multiplicative,0.1,0.4,5,fractal,0.1,0.00562341325190349,110,frequent
62614885,2026_09_09 19:42:42,184714_111,111,"Basemap 1 experiment, mutation magnitude and rate",108,1,399,2,20000,979.701436530544,0.00562341325190349,0.05,0,10,0.005,140,-10,10,3000,1,FALSE,multiplicative,0.1,0.4,5,fractal,0.1,0.00562341325190349,111,frequent
20811841,2026_09_09 19:42:42,184714_93,93,"Basemap 1 experiment, mutation magnitude and rate",34,1,251,2,20000,2354.09468048382,0.00562341325190349,0.05,0,10,0.005,140,-10,10,3000,1,FALSE,multiplicative,0.1,0.4,5,fractal,0.1,0.001,93,frequent
0,frequent
14423689,2026_09_09 19:42:42,184714_99,99,"Basemap 1 experiment, mutation magnitude and rate",91,1,365,2,20000,15.5011546902045,0.00562341325190349,0.05,0,10,0.005,140,-10,10,3000,1,FALSE,multiplicative,0,0,0,fractal,1,0.00562341325190349,99,frequent
64785144,2026_09_09 19:42:42,184714_101,101,"Basemap 1 experiment, mutation magnitude and rate",34,1,251,2,20000,2354.09468048382,0.00562341325190349,0.05,0,10,0.005,140,-10,10,3000,1,FALSE,multiplicative,0,0,0,fractal,1,0.00562341325190349,101,frequent
15875731,2026_09_09 19:42:42,184714_102,102,"Basemap 1 experiment, mutation magnitude and rate",107,1,397,2,20000,1815.12848889598,0.00562341325190349,0.05,0,10,0.005,140,-10,10,3000,1,FALSE,multiplicative,0,0,0,fractal,1,0.00562341325190349,102,frequent
58843511,2026_09_09 19:42:42,184714_133,133,"Basemap 1 experiment, mutation magnitude and rate",34,1,251,2,20000,2354.09468048382,0.00562341325190349,0.05,0,10,0.005,140,-10,10,3000,1,FALSE,multiplicative,0,0,0,fractal,1,0.177827941003892,133,frequent
54714980,2026_09_09 19:42:42,184714_132,132,"Basemap 1 experiment, mutation magnitude and rate",88,1,359,2,20000,14.8311357768182,0.00562341325190349,0.05,0,10,0.005,140,-10,10,3000,1,FALSE,multiplicative,0,0,0,fractal,1,0.177827941003892,132,frequent
91476621,2026_09_09 19:42:42,184714_124,124,"Basemap 1 experiment, mutation magnitude and rate",88,1,359,2,20000,14.8311357768182,0.00562341325190349,0.05,0,10,0.005,140,-10,10,3000,1,FALSE,multiplicative,0.1,0.4,5,fractal,0.1,0.0316227766016838,124,frequent
71343055,2026_09_09 19:42:42,184714_131,131,"Basemap 1 experiment, mutation magnitude and rate",91,1,365,2,20000,15.5011546902045,0.00562341325190349,0.05,0,10,0.005,140,-10,10,3000,1,FALSE,multiplicative,0,0,0,fractal,1,0.177827941003892,131,frequent
43812174,2026_09_09 19:42:42,184714_89,89,"Basemap 1 experiment, mutation magnitude and rate",22,1,227,2,20000,1405.91239235663,0.00562341325190349,0.05,0,10,0.005,140,-10,10,3000,1,FALSE,multiplicative,0.1,0.4,5,fractal,0.1,0.001,89,frequent
31555673,2026_09_09 19:42:43,184714_112,112,"Basemap 1 experiment, mutation magnitude and rate",38,1,259,2,20000,760.415213867477,0.00562341325190349,0.05,0,10,0.005,140,-10,10,3000,1,FALSE,multiplicative,0.1,0.4,5,fractal,0.1,0.00562341325190349,112,frequent
23731449,2026_09_09 19:42:43,184714_114,114,"Basemap 1 experiment, mutation magnitude and rate",31,1,245,2,20000,1482.72976514484,0.00562341325190349,0.05,0,10,0.005,140,-10,10,3000,1,FALSE,multiplicative,0,0,0,fractal,1,0.0316227766016838,114,frequent
91323754,2026_09_09 19:42:43,184714_113,113,"Basemap 1 experiment, mutation magnitude and rate",22,1,227,2,20000,1405.91239235663,0.00562341325190349,0.05,0,10,0.005,140,-10,10,3000,1,FALSE,multiplicative,0,0,0,fractal,1,0.0316227766016838,113,frequent
75256788,2026_09_09 19:42:43,184714_126,126,"Basemap 1 experiment, mutation magnitude and rate",107,1,397,2,20000,1815.12848889598,0.00562341325190349,0.05,0,10,0.005,140,-10,10,3000,1,FALSE,multiplicative,0.1,0.4,5,fractal,0.1,0.0316227766016838,126,frequent
86186249,2026_09_09 19:42:43,184714_90,90,"Basemap 1 experiment, mutation magnitude and rate",31,1,245,2,20000,1482.72976514484,0.00562341325190349,0.05,0,10,0.005,140,-10,10,3000,1,FALSE,multiplicative,0.1,0.4,5,fractal,0.1,0.001,90,frequent
33255086,2026_09_09 19:42:43,184714_82,82,"Basemap 1 experiment, mutation magnitude and rate",31,1,245,2,20000,1482.72976514484,0.00562341325190349,0.05,0,10,0.005,140,-10,10,3000,1,FALSE,multiplicative,0,0,0,fractal,1,0.001,82,frequent
91561104,2026_09_09 19:42:43,184714_86,86,"Basemap 1 experiment, mutation magnitude and rate",107,1,397,2,20000,1815.12848889598,0.00562341325190349,0.05,0,10,0.005,140,-10,10,3000,1,FALSE,multiplicative,0,0,0,fractal,1,0.001,86,frequent
84759411,2026_09_09 19:42:43,184714_84,84,"Basemap 1 experiment, mutation magnitude and rate",88,1,359,2,20000,14.8311357768182,0.00562341325190349,0.05,0,10,0.005,140,-10,10,3000,1,FALSE,multiplicative,0,0,0,fractal,1,0.001,84,frequent
23174666,2026_09_09 19:42:43,184714_81,81,"Basemap 1 experiment, mutation magnitude and rate",22,1,227,2,20000,1405.91239235663,0.00562341325190349,0.05,0,10,0.005,140,-10,10,3000,1,FALSE,multiplicative,0,0,0,fractal,1,0.001,81,frequent
46416818,2026_09_09 19:42:43,184714_85,85,"Basemap 1 experiment, mutation magnitude and rate",34,1,251,2,20000,2354.09468048382,0.00562341325190349,0.05,0,10,0.005,140,-10,10,3000,1,FALSE,multiplicative,0,0,0,fractal,1,0.001,85,frequent
58119270,2026_09_09 19:42:43,184714_87,87,"Basemap 1 experiment, mutation magnitude and rate",108,1,399,2,20000,979.701436530544,0.00562341325190349,0.05,0,10,0.005,140,-10,10,3000,1,FALSE,multiplicative,0,0,0,fractal,1,0.001,87,frequent
69220465,2026_09_09 19:42:43,184714_88,88,"Basemap 1 experiment, mutation magnitude and rate",38,1,259,2,20000,760.415213867477,0.00562341325190349,0.05,0,10,0.005,140,-10,10,3000,1,FALSE,multiplicative,0,0,0,fractal,1,0.001,88,frequent
15553704,2026_09_09 19:42:43,184714_128,128,"Basemap 1 experiment, mutation magnitude and rate",38,1,259,2,20000,760.415213867477,0.00562341325190349,0.05,0,10,0.005,140,-10,10,3000,1,FALSE,multiplicative,0.1,0.4,5,fractal,0.1,0.0316227766016838,128,frequent
65246266,2026_09_09 19:42:43,184714_83,83,"Basemap 1 experiment, mutation magnitude and rate",91,1,365,2,20000,15.5011546902045,0.00562341325190349,0.05,0,10,0.005,140,-10,10,3000,1,FALSE,multiplicative,0,0,0,fractal,1,0.001,83,frequent
71816028,2026_09_09 19:42:43,184714_130,130,"Basemap 1 experiment, mutation magnitude and rate",31,1,245,2,20000,1482.72976514484,0.00562341325190349,0.05,0,10,0.005,140,-10,10,3000,1,FALSE,multiplicative,0,0,0,fractal,1,0.177827941003892,130,frequent
49533380,2026_09_09 19:42:43,184714_127,127,"Basemap 1 experiment, mutation magnitude and rate",108,1,399,2,20000,979.701436530544,0.00562341325190349,0.05,0,10,0.005,140,-10,10,3000,1,FALSE,multiplicative,0.1,0.4,5,fractal,0.1,0.0316227766016838,127,frequent
81691825,2026_09_09 19:42:43,184714_129,129,"Basemap 1 experiment, mutation magnitude and rate",22,1,227,2,20000,1405.91239235663,0.00562341325190349,0.05,0,10,0.005,140,-10,10,3000,1,FALSE,multiplicative,0,0,0,fractal,1,0.177827941003892,129,frequent
99521967,2026_09_09 19:42:44,184714_105,105,"Basemap 1 experiment, mutation magnitude and rate",22,1,227,2,20000,1405.91239235663,0.00562341325190349,0.05,0,10,0.005,140,-10,10,3000,1,FALSE,multiplicative,0.1,0.4,5,fractal,0.1,0.00562341325190349,105,frequent
61497772,2026_09_09 19:42:44,184714_117,117,"Basemap 1 experiment, mutation magnitude and rate",34,1,251,2,20000,2354.09468048382,0.00562341325190349,0.05,0,10,0.005,140,-10,10,3000,1,FALSE,multiplicative,0,0,0,fractal,1,0.0316227766016838,117,frequent
45561342,2026_09_09 19:42:44,184714_116,116,"Basemap 1 experiment, mutation magnitude and rate",88,1,359,2,20000,14.8311357768182,0.00562341325190349,0.05,0,10,0.005,140,-10,10,3000,1,FALSE,multiplicative,0,0,0,fractal,1,0.0316227766016838,116,frequent
93313107,2026_09_09 19:42:44,184714_115,115,"Basemap 1 experiment, mutation magnitude and rate",91,1,365,2,20000,15.5011546902045,0.00562341325190349,0.05,0,10,0.005,140,-10,10,3000,1,FALSE,multiplicative,0,0,0,fractal,1,0.0316227766016838,115,frequent
84109274,2026_09_09 19:42:44,184714_119,119,"Basemap 1 experiment, mutation magnitude and rate",108,1,399,2,20000,979.701436530544,0.00562341325190349,0.05,0,10,0.005,140,-10,10,3000,1,FALSE,multiplicative,0,0,0,fractal,1,0.0316227766016838,119,frequent
47876726,2026_09_09 19:42:44,184714_118,118,"Basemap 1 experiment, mutation magnitude and rate",107,1,397,2,20000,1815.12848889598,0.00562341325190349,0.05,0,10,0.005,140,-10,10,3000,1,FALSE,multiplicative,0,0,0,fractal,1,0.0316227766016838,118,frequent
58478594,2026_09_09 19:42:44,184714_92,92,"Basemap 1 experiment, mutation magnitude and rate",88,1,359,2,20000,14.8311357768182,0.00562341325190349,0.05,0,10,0.005,140,-10,10,3000,1,FALSE,multiplicative,0.1,0.4,5,fractal,0.1,0.001,92,frequent
27591906,2026_09_09 19:42:44,184714_91,91,"Basemap 1 experiment, mutation magnitude and rate",91,1,365,2,20000,15.5011546902045,0.00562341325190349,0.05,0,10,0.005,140,-10,10,3000,1,FALSE,multiplicative,0.1,0.4,5,fractal,0.1,0.001,91,frequent
32937792,2026_09_09 19:42:44,184714_103,103,"Basemap 1 experiment, mutation magnitude and rate",108,1,399,2,20000,979.701436530544,0.00562341325190349,0.05,0,10,0.005,140,-10,10,3000,1,FALSE,multiplicative,0,0,0,fractal,1,0.00562341325190349,103,frequent
14363468,2026_09_09 19:42:45,184714_106,106,"Basemap 1 experiment, mutation magnitude and rate",31,1,245,2,20000,1482.72976514484,0.00562341325190349,0.05,0,10,0.005,140,-10,10,3000,1,FALSE,multiplicative,0.1,0.4,5,fractal,0.1,0.00562341325190349,106,frequent
73490045,2026_09_09 19:42:46,184714_125,125,"Basemap 1 experiment, mutation magnitude and rate",34,1,251,2,20000,2354.09468048382,0.00562341325190349,0.05,0,10,0.005,140,-10,10,3000,1,FALSE,multiplicative,0.1,0.4,5,fractal,0.1,0.0316227766016838,125,frequent
16437188,2026_09_09 19:42:48,184714_122,122,"Basemap 1 experiment, mutation magnitude and rate",31,1,245,2,20000,1482.72976514484,0.00562341325190349,0.05,0,10,0.005,140,-10,10,3000,1,FALSE,multiplicative,0.1,0.4,5,fractal,0.1,0.0316227766016838,122,frequent
96876651,2026_09_09 19:42:49,184714_123,123,"Basemap 1 experiment, mutation magnitude and rate",91,1,365,2,20000,15.5011546902045,0.00562341325190349,0.05,0,10,0.005,140,-10,10,3000,1,FALSE,multiplicative,0.1,0.4,5,fractal,0.1,0.0316227766016838,123,frequent
81735613,2026_09_09 19:42:52,184714_68,68,"Basemap 1 experiment, mutation magnitude and rate",88,1,359,2,20000,14.8311357768182,0.001,0.05,0,10,0.005,140,-10,10,3000,1,FALSE,multiplicative,0,0,0,fractal,1,1,68,frequent
10628060,2026_09_09 19:42:55,184714_121,121,"Basemap 1 experiment, mutation magnitude and rate",22,1,227,2,20000,1405.91239235663,0.00562341325190349,0.05,0,10,0.005,140,-10,10,3000,1,FALSE,multiplicative,0.1,0.4,5,fractal,0.1,0.0316227766016838,121,frequent
98288453,2026_09_09 19:42:55,184714_120,120,"Basemap 1 experiment, mutation magnitude and rate",38,1,259,2,20000,760.415213867477,0.00562341325190349,0.05,0,10,0.005,140,-10,10,3000,1,FALSE,multiplicative,0,0,0,fractal,1,0.0316227766016838,120,frequent
97783990,2026_09_09 19:43:03,184714_79,79,"Basemap 1 experiment, mutation magnitude and rate",108,1,399,2,20000,979.701436530544,0.001,0.05,0,10,0.005,140,-10,10,3000,1,FALSE,multiplicative,0.1,0.4,5,fractal,0.1,1,79,frequent
61556773,2026_09_09 19:45:36,184714_144,144,"Basemap 1 experiment, mutation magnitude and rate",38,1,259,2,20000,760.415213867477,0.00562341325190349,0.05,0,10,0.005,140,-10,10,3000,1,FALSE,multiplicative,0.1,0.4,5,fractal,0.1,0.177827941003892,144,frequent
55878930,2026_09_09 19:45:37,184714_147,147,"Basemap 1 experiment, mutation magnitude and rate",91,1,365,2,20000,15.5011546902045,0.00562341325190349,0.05,0,10,0.005,140,-10,10,3000,1,FALSE,multiplicative,0,0,0,fractal,1,1,147,frequent
51454222,2026_09_09 19:45:37,184714_139,139,"Basemap 1 experiment, mutation magnitude and rate",91,1,365,2,20000,15.5011546902045,0.00562341325190349,0.05,0,10,0.005,140,-10,10,3000,1,FALSE,multiplicative,0.1,0.4,5,fractal,0.1,0.177827941003892,139,frequent
12229780,2026_09_09 19:45:38,184714_145,145,"Basemap 1 experiment, mutation magnitude and rate",22,1,227,2,20000,1405.91239235663,0.00562341325190349,0.05,0,10,0.005,140,-10,10,3000,1,FALSE,multiplicative,0,0,0,fractal,1,1,145,frequent
51865834,2026_09_09 19:45:38,184714_143,143,"Basemap 1 experiment, mutation magnitude and rate",108,1,399,2,20000,979.701436530544,0.00562341325190349,0.05,0,10,0.005,140,-10,10,3000,1,FALSE,multiplicative,0.1,0.4,5,fractal,0.1,0.177827941003892,143,frequent
29684937,2026_09_09 19:45:38,184714_146,146,"Basemap 1 experiment, mutation magnitude and rate",31,1,245,2,20000,1482.72976514484,0.00562341325190349,0.05,0,10,0.005,140,-10,10,3000,1,FALSE,multiplicative,0,0,0,fractal,1,1,146,frequent
88602550,2026_09_09 19:45:38,184714_136,136,"Basemap 1 experiment, mutation magnitude and rate",38,1,259,2,20000,760.415213867477,0.00562341325190349,0.05,0,10,0.005,140,-10,10,3000,1,FALSE,multiplicative,0,0,0,fractal,1,0.177827941003892,136,frequent
47382390,2026_09_09 19:45:38,184714_140,140,"Basemap 1 experiment, mutation magnitude and rate",88,1,359,2,20000,14.8311357768182,0.00562341325190349,0.05,0,10,0.005,140,-10,10,3000,1,FALSE,multiplicative,0.1,0.4,5,fractal,0.1,0.177827941003892,140,frequent
58503503,2026_09_09 19:45:38,184714_135,135,"Basemap 1 experiment, mutation magnitude and rate",108,1,399,2,20000,979.701436530544,0.00562341325190349,0.05,0,10,0.005,140,-10,10,3000,1,FALSE,multiplicative,0,0,0,fractal,1,0.177827941003892,135,frequent
51693606,2026_09_09 19:45:39,184714_162,162,"Basemap 1 experiment, mutation magnitude and rate",31,1,245,2,20000,1482.72976514484,0.0316227766016838,0.05,0,10,0.005,140,-10,10,3000,1,FALSE,multiplicative,0,0,0,fractal,1,0.001,162,frequent
64730962,2026_09_09 19:45:39,184714_180,180,"Basemap 1 experiment, mutation magnitude and rate",88,1,359,2,20000,14.8311357768182,0.0316227766016838,0.05,0,10,0.005,140,-10,10,3000,1,FALSE,multiplicative,0,0,0,fractal,1,0.00562341325190349,180,frequent
89629299,2026_09_09 19:45:39,184714_177,177,"Basemap 1 experiment, mutation magnitude and rate",22,1,227,2,20000,1405.91239235663,0.0316227766016838,0.05,0,10,0.005,140,-10,10,3000,1,FALSE,multiplicative,0,0,0,fractal,1,0.00562341325190349,177,frequent
74204580,2026_09_09 19:45:39,184714_176,176,"Basemap 1 experiment, mutation magnitude and rate",38,1,259,2,20000,760.415213867477,0.0316227766016838,0.05,0,10,0.005,140,-10,10,3000,1,FALSE,multiplicative,0.1,0.4,5,fractal,0.1,0.001,176,frequent
88332212,2026_09_09 19:45:40,184714_178,178,"Basemap 1 experiment, mutation magnitude and rate",31,1,245,2,20000,1482.72976514484,0.0316227766016838,0.05,0,10,0.005,140,-10,10,3000,1,FALSE,multiplicative,0,0,0,fractal,1,0.00562341325190349,178,frequent
88109996,2026_09_09 19:45:40,184714_179,179,"Basemap 1 experiment, mutation magnitude and rate",91,1,365,2,20000,15.5011546902045,0.0316227766016838,0.05,0,10,0.005,140,-10,10,3000,1,FALSE,multiplicative,0,0,0,fractal,1,0.00562341325190349,179,frequent
56535631,2026_09_09 19:45:40,184714_149,149,"Basemap 1 experiment, mutation magnitude and rate",34,1,251,2,20000,2354.09468048382,0.00562341325190349,0.05,0,10,0.005,140,-10,10,3000,1,FALSE,multiplicative,0,0,0,fractal,1,1,149,frequent
94905728,2026_09_09 19:45:41,184714_150,150,"Basemap 1 experiment, mutation magnitude and rate",107,1,397,2,20000,1815.12848889598,0.00562341325190349,0.05,0,10,0.005,140,-10,10,3000,1,FALSE,multiplicative,0,0,0,fractal,1,1,150,frequent
91804764,2026_09_09 19:45:41,184714_189,189,"Basemap 1 experiment, mutation magnitude and rate",34,1,251,2,20000,2354.09468048382,0.0316227766016838,0.05,0,10,0.005,140,-10,10,3000,1,FALSE,multiplicative,0.1,0.4,5,fractal,0.1,0.00562341325190349,189,frequent
29016157,2026_09_09 19:45:41,184714_181,181,"Basemap 1 experiment, mutation magnitude and rate",34,1,251,2,20000,2354.09468048382,0.0316227766016838,0.05,0,10,0.005,140,-10,10,3000,1,FALSE,multiplicative,0,0,0,fractal,1,0.00562341325190349,181,frequent
38405685,2026_09_09 19:45:41,184714_188,188,"Basemap 1 experiment, mutation magnitude and rate",88,1,359,2,20000,14.8311357768182,0.0316227766016838,0.05,0,10,0.005,140,-10,10,3000,1,FALSE,multiplicative,0.1,0.4,5,fractal,0.1,0.00562341325190349,188,frequent
79328433,2026_09_09 19:45:41,184714_187,187,"Basemap 1 experiment, mutation magnitude and rate",91,1,365,2,20000,15.5011546902045,0.0316227766016838,0.05,0,10,0.005,140,-10,10,3000,1,FALSE,multiplicative,0.1,0.4,5,fractal,0.1,0.00562341325190349,187,frequent
12696819,2026_09_09 19:45:41,184714_184,184,"Basemap 1 experiment, mutation magnitude and rate",38,1,259,2,20000,760.415213867477,0.0316227766016838,0.05,0,10,0.005,140,-10,10,3000,1,FALSE,multiplicative,0,0,0,fractal,1,0.00562341325190349,184,frequent
47787019,2026_09_09 19:45:41,184714_186,186,"Basemap 1 experiment, mutation magnitude and rate",31,1,245,2,20000,1482.72976514484,0.0316227766016838,0.05,0,10,0.005,140,-10,10,3000,1,FALSE,multiplicative,0.1,0.4,5,fractal,0.1,0.00562341325190349,186,frequent
18154105,2026_09_09 19:45:41,184714_182,182,"Basemap 1 experiment, mutation magnitude and rate",107,1,397,2,20000,1815.12848889598,0.0316227766016838,0.05,0,10,0.005,140,-10,10,3000,1,FALSE,multiplicative,0,0,0,fractal,1,0.00562341325190349,182,frequent
83859760,2026_09_09 19:45:41,184714_185,185,"Basemap 1 experiment, mutation magnitude and rate",22,1,227,2,20000,1405.91239235663,0.0316227766016838,0.05,0,10,0.005,140,-10,10,3000,1,FALSE,multiplicative,0.1,0.4,5,fractal,0.1,0.00562341325190349,185,frequent
97245915,2026_09_09 19:45:41,184714_183,183,"Basemap 1 experiment, mutation magnitude and rate",108,1,399,2,20000,979.701436530544,0.0316227766016838,0.05,0,10,0.005,140,-10,10,3000,1,FALSE,multiplicative,0,0,0,fractal,1,0.00562341325190349,183,frequent
57496457,2026_09_09 19:45:41,184714_192,192,"Basemap 1 experiment, mutation magnitude and rate",38,1,259,2,20000,760.415213867477,0.0316227766016838,0.05,0,10,0.005,140,-10,10,3000,1,FALSE,multiplicative,0.1,0.4,5,fractal,0.1,0.00562341325190349,192,frequent
61318433,2026_09_09 19:45:41,184714_191,191,"Basemap 1 experiment, mutation magnitude and rate",108,1,399,2,20000,979.701436530544,0.0316227766016838,0.05,0,10,0.005,140,-10,10,3000,1,FALSE,multiplicative,0.1,0.4,5,fractal,0.1,0.00562341325190349,191,frequent
46037257,2026_09_09 19:45:42,184714_151,151,"Basemap 1 experiment, mutation magnitude and rate",108,1,399,2,20000,979.701436530544,0.00562341325190349,0.05,0,10,0.005,140,-10,10,3000,1,FALSE,multiplicative,0,0,0,fractal,1,1,151,frequent
52853335,2026_09_09 19:45:42,184714_138,138,"Basemap 1 experiment, mutation magnitude and rate",31,1,245,2,20000,1482.72976514484,0.00562341325190349,0.05,0,10,0.005,140,-10,10,3000,1,FALSE,multiplicative,0.1,0.4,5,fractal,0.1,0.177827941003892,138,frequent
66079404,2026_09_09 19:45:42,184714_137,137,"Basemap 1 experiment, mutation magnitude and rate",22,1,227,2,20000,1405.91239235663,0.00562341325190349,0.05,0,10,0.005,140,-10,10,3000,1,FALSE,multiplicative,0.1,0.4,5,fractal,0.1,0.177827941003892,137,frequent
30633792,2026_09_09 19:45:42,184714_163,163,"Basemap 1 experiment, mutation magnitude and rate",91,1,365,2,20000,15.5011546902045,0.0316227766016838,0.05,0,10,0.005,140,-10,10,3000,1,FALSE,multiplicative,0,0,0,fractal,1,0.001,163,frequent
29006665,2026_09_09 19:45:42,184714_171,171,"Basemap 1 experiment, mutation magnitude and rate",91,1,365,2,20000,15.5011546902045,0.0316227766016838,0.05,0,10,0.005,140,-10,10,3000,1,FALSE,multiplicative,0.1,0.4,5,fractal,0.1,0.001,171,frequent
20569755,2026_09_09 19:45:42,184714_174,174,"Basemap 1 experiment, mutation magnitude and rate",107,1,397,2,20000,1815.12848889598,0.0316227766016838,0.05,0,10,0.005,140,-10,10,3000,1,FALSE,multiplicative,0.1,0.4,5,fractal,0.1,0.001,174,frequent
44817438,2026_09_09 19:45:42,184714_173,173,"Basemap 1 experiment, mutation magnitude and rate",34,1,251,2,20000,2354.09468048382,0.0316227766016838,0.05,0,10,0.005,140,-10,10,3000,1,FALSE,multiplicative,0.1,0.4,5,fractal,0.1,0.001,173,frequent
88803275,2026_09_09 19:45:42,184714_165,165,"Basemap 1 experiment, mutation magnitude and rate",34,1,251,2,20000,2354.09468048382,0.0316227766016838,0.05,0,10,0.005,140,-10,10,3000,1,FALSE,multiplicative,0,0,0,fractal,1,0.001,165,frequent
85381982,2026_09_09 19:45:42,184714_164,164,"Basemap 1 experiment, mutation magnitude and rate",88,1,359,2,20000,14.8311357768182,0.0316227766016838,0.05,0,10,0.005,140,-10,10,3000,1,FALSE,multiplicative,0,0,0,fractal,1,0.001,164,frequent
47992909,2026_09_09 19:45:42,184714_167,167,"Basemap 1 experiment, mutation magnitude and rate",108,1,399,2,20000,979.701436530544,0.0316227766016838,0.05,0,10,0.005,140,-10,10,3000,1,FALSE,multiplicative,0,0,0,fractal,1,0.001,167,frequent
65405967,2026_09_09 19:45:42,184714_169,169,"Basemap 1 experiment, mutation magnitude and rate",22,1,227,2,20000,1405.91239235663,0.0316227766016838,0.05,0,10,0.005,140,-10,10,3000,1,FALSE,multiplicative,0.1,0.4,5,fractal,0.1,0.001,169,frequent
30903725,2026_09_09 19:45:42,184714_168,168,"Basemap 1 experiment, mutation magnitude and rate",38,1,259,2,20000,760.415213867477,0.0316227766016838,0.05,0,10,0.005,140,-10,10,3000,1,FALSE,multiplicative,0,0,0,fractal,1,0.001,168,frequent
16688353,2026_09_09 19:45:42,184714_166,166,"Basemap 1 experiment, mutation magnitude and rate",107,1,397,2,20000,1815.12848889598,0.0316227766016838,0.05,0,10,0.005,140,-10,10,3000,1,FALSE,multiplicative,0,0,0,fractal,1,0.001,166,frequent
37851745,2026_09_09 19:45:42,184714_172,172,"Basemap 1 experiment, mutation magnitude and rate",88,1,359,2,20000,14.8311357768182,0.0316227766016838,0.05,0,10,0.005,140,-10,10,3000,1,FALSE,multiplicative,0.1,0.4,5,fractal,0.1,0.001,172,frequent
92744191,2026_09_09 19:45:42,184714_170,170,"Basemap 1 experiment, mutation magnitude and rate",31,1,245,2,20000,1482.72976514484,0.0316227766016838,0.05,0,10,0.005,140,-10,10,3000,1,FALSE,multiplicative,0.1,0.4,5,fractal,0.1,0.001,170,frequent
40747638,2026_09_09 19:45:42,184714_152,152,"Basemap 1 experiment, mutation magnitude and rate",38,1,259,2,20000,760.415213867477,0.00562341325190349,0.05,0,10,0.005,140,-10,10,3000,1,FALSE,multiplicative,0,0,0,fractal,1,1,152,frequent
44104887,2026_09_09 19:45:43,184714_190,190,"Basemap 1 experiment, mutation magnitude and rate",107,1,397,2,20000,1815.12848889598,0.0316227766016838,0.05,0,10,0.005,140,-10,10,3000,1,FALSE,multiplicative,0.1,0.4,5,fractal,0.1,0.00562341325190349,190,frequent
41053842,2026_09_09 19:45:43,184714_141,141,"Basemap 1 experiment, mutation magnitude and rate",34,1,251,2,20000,2354.09468048382,0.00562341325190349,0.05,0,10,0.005,140,-10,10,3000,1,FALSE,multiplicative,0.1,0.4,5,fractal,0.1,0.177827941003892,141,frequent
23885409,2026_09_09 19:45:43,184714_142,142,"Basemap 1 experiment, mutation magnitude and rate",107,1,397,2,20000,1815.12848889598,0.00562341325190349,0.05,0,10,0.005,140,-10,10,3000,1,FALSE,multiplicative,0.1,0.4,5,fractal,0.1,0.177827941003892,142,frequent
45755059,2026_09_09 19:45:43,184714_209,209,"Basemap 1 experiment, mutation magnitude and rate",22,1,227,2,20000,1405.91239235663,0.0316227766016838,0.05,0,10,0.005,140,-10,10,3000,1,FALSE,multiplicative,0,0,0,fractal,1,0.177827941003892,209,frequent
57599468,2026_09_09 19:45:44,184714_148,148,"Basemap 1 experiment, mutation magnitude and rate",88,1,359,2,20000,14.8311357768182,0.00562341325190349,0.05,0,10,0.005,140,-10,10,3000,1,FALSE,multiplicative,0,0,0,fractal,1,1,148,frequent
30273692,2026_09_09 19:45:44,184714_219,219,"Basemap 1 experiment, mutation magnitude and rate",91,1,365,2,20000,15.5011546902045,0.0316227766016838,0.05,0,10,0.005,140,-10,10,3000,1,FALSE,multiplicative,0.1,0.4,5,fractal,0.1,0.177827941003892,219,frequent
63392336,2026_09_09 19:45:44,184714_193,193,"Basemap 1 experiment, mutation magnitude and rate",22,1,227,2,20000,1405.91239235663,0.0316227766016838,0.05,0,10,0.005,140,-10,10,3000,1,FALSE,multiplicative,0,0,0,fractal,1,0.0316227766016838,193,frequent
75964678,2026_09_09 19:45:44,184714_208,208,"Basemap 1 experiment, mutation magnitude and rate",38,1,259,2,20000,760.415213867477,0.0316227766016838,0.05,0,10,0.005,140,-10,10,3000,1,FALSE,multiplicative,0.1,0.4,5,fractal,0.1,0.0316227766016838,208,frequent
28575045,2026_09_09 19:45:44,184714_202,202,"Basemap 1 experiment, mutation magnitude and rate",31,1,245,2,20000,1482.72976514484,0.0316227766016838,0.05,0,10,0.005,140,-10,10,3000,1,FALSE,multiplicative,0.1,0.4,5,fractal,0.1,0.0316227766016838,202,frequent
79731930,2026_09_09 19:45:44,184714_199,199,"Basemap 1 experiment, mutation magnitude and rate",108,1,399,2,20000,979.701436530544,0.0316227766016838,0.05,0,10,0.005,140,-10,10,3000,1,FALSE,multiplicative,0,0,0,fractal,1,0.0316227766016838,199,frequent
52962996,2026_09_09 19:45:44,184714_203,203,"Basemap 1 experiment, mutation magnitude and rate",91,1,365,2,20000,15.5011546902045,0.0316227766016838,0.05,0,10,0.005,140,-10,10,3000,1,FALSE,multiplicative,0.1,0.4,5,fractal,0.1,0.0316227766016838,203,frequent
59303990,2026_09_09 19:45:44,184714_198,198,"Basemap 1 experiment, mutation magnitude and rate",107,1,397,2,20000,1815.12848889598,0.0316227766016838,0.05,0,10,0.005,140,-10,10,3000,1,FALSE,multiplicative,0,0,0,fractal,1,0.0316227766016838,198,frequent
56630315,2026_09_09 19:45:44,184714_197,197,"Basemap 1 experiment, mutation magnitude and rate",34,1,251,2,20000,2354.09468048382,0.0316227766016838,0.05,0,10,0.005,140,-10,10,3000,1,FALSE,multiplicative,0,0,0,fractal,1,0.0316227766016838,197,frequent
38042617,2026_09_09 19:45:44,184714_205,205,"Basemap 1 experiment, mutation magnitude and rate",34,1,251,2,20000,2354.09468048382,0.0316227766016838,0.05,0,10,0.005,140,-10,10,3000,1,FALSE,multiplicative,0.1,0.4,5,fractal,0.1,0.0316227766016838,205,frequent
55336867,2026_09_09 19:45:44,184714_223,223,"Basemap 1 experiment, mutation magnitude and rate",108,1,399,2,20000,979.701436530544,0.0316227766016838,0.05,0,10,0.005,140,-10,10,3000,1,FALSE,multiplicative,0.1,0.4,5,fractal,0.1,0.177827941003892,223,frequent
70593111,2026_09_09 19:45:44,184714_221,221,"Basemap 1 experiment, mutation magnitude and rate",34,1,251,2,20000,2354.09468048382,0.0316227766016838,0.05,0,10,0.005,140,-10,10,3000,1,FALSE,multiplicative,0.1,0.4,5,fractal,0.1,0.177827941003892,221,frequent
24450443,2026_09_09 19:45:44,184714_200,200,"Basemap 1 experiment, mutation magnitude and rate",38,1,259,2,20000,760.415213867477,0.0316227766016838,0.05,0,10,0.005,140,-10,10,3000,1,FALSE,multiplicative,0,0,0,fractal,1,0.0316227766016838,200,frequent
74230801,2026_09_09 19:45:44,184714_201,201,"Basemap 1 experiment, mutation magnitude and rate",22,1,227,2,20000,1405.91239235663,0.0316227766016838,0.05,0,10,0.005,140,-10,10,3000,1,FALSE,multiplicative,0.1,0.4,5,fractal,0.1,0.0316227766016838,201,frequent
48148563,2026_09_09 19:45:44,184714_224,224,"Basemap 1 experiment, mutation magnitude and rate",38,1,259,2,20000,760.415213867477,0.0316227766016838,0.05,0,10,0.005,140,-10,10,3000,1,FALSE,multiplicative,0.1,0.4,5,fractal,0.1,0.177827941003892,224,frequent
96914357,2026_09_09 19:45:44,184714_222,222,"Basemap 1 experiment, mutation magnitude and rate",107,1,397,2,20000,1815.12848889598,0.0316227766016838,0.05,0,10,0.005,140,-10,10,3000,1,FALSE,multiplicative,0.1,0.4,5,fractal,0.1,0.177827941003892,222,frequent
739,2026_09_09 19:45:44,184714_194,194,"Basemap 1 experiment, mutation magnitude and rate",31,1,245,2,20000,1482.72976514484,0.0316227766016838,0.05,0,10,0.005,140,-10,10,3000,1,FALSE,multiplicative,0,0,0,fractal,1,0.0316227766016838,194,frequent
35590011,2026_09_09 19:45:44,184714_195,195,"Basemap 1 experiment, mutation magnitude and rate",91,1,365,2,20000,15.5011546902045,0.0316227766016838,0.05,0,10,0.005,140,-10,10,3000,1,FALSE,multiplicative,0,0,0,fractal,1,0.0316227766016838,195,frequent
22940888,2026_09_09 19:45:44,184714_153,153,"Basemap 1 experiment, mutation magnitude and rate",22,1,227,2,20000,1405.91239235663,0.00562341325190349,0.05,0,10,0.005,140,-10,10,3000,1,FALSE,multiplicative,0.1,0.4,5,fractal,0.1,1,153,frequent
73414645,2026_09_09 19:45:44,184714_156,156,"Basemap 1 experiment, mutation magnitude and rate",88,1,359,2,20000,14.8311357768182,0.00562341325190349,0.05,0,10,0.005,140,-10,10,3000,1,FALSE,multiplicative,0.1,0.4,5,fractal,0.1,1,156,frequent
28064678,2026_09_09 19:45:44,184714_158,158,"Basemap 1 experiment, mutation magnitude and rate",107,1,397,2,20000,1815.12848889598,0.00562341325190349,0.05,0,10,0.005,140,-10,10,3000,1,FALSE,multiplicative,0.1,0.4,5,fractal,0.1,1,158,frequent
76264977,2026_09_09 19:45:44,184714_154,154,"Basemap 1 experiment, mutation magnitude and rate",31,1,245,2,20000,1482.72976514484,0.00562341325190349,0.05,0,10,0.005,140,-10,10,3000,1,FALSE,multiplicative,0.1,0.4,5,fractal,0.1,1,154,frequent
42638940,2026_09_09 19:45:44,184714_157,157,"Basemap 1 experiment, mutation magnitude and rate",34,1,251,2,20000,2354.09468048382,0.00562341325190349,0.05,0,10,0.005,140,-10,10,3000,1,FALSE,multiplicative,0.1,0.4,5,fractal,0.1,1,157,frequent
62744631,2026_09_09 19:45:44,184714_155,155,"Basemap 1 experiment, mutation magnitude and rate",91,1,365,2,20000,15.5011546902045,0.00562341325190349,0.05,0,10,0.005,140,-10,10,3000,1,FALSE,multiplicative,0.1,0.4,5,fractal,0.1,1,155,frequent
64710463,2026_09_09 19:45:44,184714_160,160,"Basemap 1 experiment, mutation magnitude and rate",38,1,259,2,20000,760.415213867477,0.00562341325190349,0.05,0,10,0.005,140,-10,10,3000,1,FALSE,multiplicative,0.1,0.4,5,fractal,0.1,1,160,frequent
26244430,2026_09_09 19:45:44,184714_161,161,"Basemap 1 experiment, mutation magnitude and rate",22,1,227,2,20000,1405.91239235663,0.0316227766016838,0.05,0,10,0.005,140,-10,10,3000,1,FALSE,multiplicative,0,0,0,fractal,1,0.001,161,frequent
31606991,2026_09_09 19:45:44,184714_159,159,"Basemap 1 experiment, mutation magnitude and rate",108,1,399,2,20000,979.701436530544,0.00562341325190349,0.05,0,10,0.005,140,-10,10,3000,1,FALSE,multiplicative,0.1,0.4,5,fractal,0.1,1,159,frequent
96973800,2026_09_09 19:45:46,184714_220,220,"Basemap 1 experiment, mutation magnitude and rate",88,1,359,2,20000,14.8311357768182,0.0316227766016838,0.05,0,10,0.005,140,-10,10,3000,1,FALSE,multiplicative,0.1,0.4,5,fractal,0.1,0.177827941003892,220,frequent
52002829,2026_09_09 19:45:48,184714_218,218,"Basemap 1 experiment, mutation magnitude and rate",31,1,245,2,20000,1482.72976514484,0.0316227766016838,0.05,0,10,0.005,140,-10,10,3000,1,FALSE,multiplicative,0.1,0.4,5,fractal,0.1,0.177827941003892,218,frequent
61578235,2026_09_09 19:45:49,184714_210,210,"Basemap 1 experiment, mutation magnitude and rate",31,1,245,2,20000,1482.72976514484,0.0316227766016838,0.05,0,10,0.005,140,-10,10,3000,1,FALSE,multiplicative,0,0,0,fractal,1,0.177827941003892,210,frequent
57928163,2026_09_09 19:45:49,184714_211,211,"Basemap 1 experiment, mutation magnitude and rate",91,1,365,2,20000,15.5011546902045,0.0316227766016838,0.05,0,10,0.005,140,-10,10,3000,1,FALSE,multiplicative,0,0,0,fractal,1,0.177827941003892,211,frequent
87915739,2026_09_09 19:45:49,184714_215,215,"Basemap 1 experiment, mutation magnitude and rate",108,1,399,2,20000,979.701436530544,0.0316227766016838,0.05,0,10,0.005,140,-10,10,3000,1,FALSE,multiplicative,0,0,0,fractal,1,0.177827941003892,215,frequent
68851848,2026_09_09 19:45:49,184714_216,216,"Basemap 1 experiment, mutation magnitude and rate",38,1,259,2,20000,760.415213867477,0.0316227766016838,0.05,0,10,0.005,140,-10,10,3000,1,FALSE,multiplicative,0,0,0,fractal,1,0.177827941003892,216,frequent
13763996,2026_09_09 19:45:49,184714_214,214,"Basemap 1 experiment, mutation magnitude and rate",107,1,397,2,20000,1815.12848889598,0.0316227766016838,0.05,0,10,0.005,140,-10,10,3000,1,FALSE,multiplicative,0,0,0,fractal,1,0.177827941003892,214,frequent
61248304,2026_09_09 19:45:49,184714_212,212,"Basemap 1 experiment, mutation magnitude and rate",88,1,359,2,20000,14.8311357768182,0.0316227766016838,0.05,0,10,0.005,140,-10,10,3000,1,FALSE,multiplicative,0,0,0,fractal,1,0.177827941003892,212,frequent
96221109,2026_09_09 19:45:49,184714_213,213,"Basemap 1 experiment, mutation magnitude and rate",34,1,251,2,20000,2354.09468048382,0.0316227766016838,0.05,0,10,0.005,140,-10,10,3000,1,FALSE,multiplicative,0,0,0,fractal,1,0.177827941003892,213,frequent
69055634,2026_09_09 19:45:49,184714_217,217,"Basemap 1 experiment, mutation magnitude and rate",22,1,227,2,20000,1405.91239235663,0.0316227766016838,0.05,0,10,0.005,140,-10,10,3000,1,FALSE,multiplicative,0.1,0.4,5,fractal,0.1,0.177827941003892,217,frequent
88118791,2026_09_09 19:45:51,184714_175,175,"Basemap 1 experiment, mutation magnitude and rate",108,1,399,2,20000,979.701436530544,0.0316227766016838,0.05,0,10,0.005,140,-10,10,3000,1,FALSE,multiplicative,0.1,0.4,5,fractal,0.1,0.001,175,frequent
17992188,2026_09_09 19:47:57,184714_225,225,"Basemap 1 experiment, mutation magnitude and rate",22,1,227,2,20000,1405.91239235663,0.0316227766016838,0.05,0,10,0.005,140,-10,10,3000,1,FALSE,multiplicative,0,0,0,fractal,1,1,225,frequent
73840192,2026_09_09 19:47:57,184714_228,228,"Basemap 1 experiment, mutation magnitude and rate",88,1,359,2,20000,14.8311357768182,0.0316227766016838,0.05,0,10,0.005,140,-10,10,3000,1,FALSE,multiplicative,0,0,0,fractal,1,1,228,frequent
96053658,2026_09_09 19:47:57,184714_229,229,"Basemap 1 experiment, mutation magnitude and rate",34,1,251,2,20000,2354.09468048382,0.0316227766016838,0.05,0,10,0.005,140,-10,10,3000,1,FALSE,multiplicative,0,0,0,fractal,1,1,229,frequent
48765311,2026_09_09 19:47:57,184714_232,232,"Basemap 1 experiment, mutation magnitude and rate",38,1,259,2,20000,760.415213867477,0.0316227766016838,0.05,0,10,0.005,140,-10,10,3000,1,FALSE,multiplicative,0,0,0,fractal,1,1,232,frequent
84441666,2026_09_09 19:47:57,184714_231,231,"Basemap 1 experiment, mutation magnitude and rate",108,1,399,2,20000,979.701436530544,0.0316227766016838,0.05,0,10,0.005,140,-10,10,3000,1,FALSE,multiplicative,0,0,0,fractal,1,1,231,frequent
66033875,2026_09_09 19:47:57,184714_230,230,"Basemap 1 experiment, mutation magnitude and rate",107,1,397,2,20000,1815.12848889598,0.0316227766016838,0.05,0,10,0.005,140,-10,10,3000,1,FALSE,multiplicative,0,0,0,fractal,1,1,230,frequent
12599531,2026_09_09 19:47:57,184714_241,241,"Basemap 1 experiment, mutation magnitude and rate",22,1,227,2,20000,1405.91239235663,0.177827941003892,0.05,0,10,0.005,140,-10,10,3000,1,FALSE,multiplicative,0,0,0,fractal,1,0.001,241,frequent
37332609,2026_09_09 19:47:57,184714_240,240,"Basemap 1 experiment, mutation magnitude and rate",38,1,259,2,20000,760.415213867477,0.0316227766016838,0.05,0,10,0.005,140,-10,10,3000,1,FALSE,multiplicative,0.1,0.4,5,fractal,0.1,1,240,frequent
21642854,2026_09_09 19:47:58,184714_234,234,"Basemap 1 experiment, mutation magnitude and rate",31,1,245,2,20000,1482.72976514484,0.0316227766016838,0.05,0,10,0.005,140,-10,10,3000,1,FALSE,multiplicative,0.1,0.4,5,fractal,0.1,1,234,frequent
29228995,2026_09_09 19:47:58,184714_235,235,"Basemap 1 experiment, mutation magnitude and rate",91,1,365,2,20000,15.5011546902045,0.0316227766016838,0.05,0,10,0.005,140,-10,10,3000,1,FALSE,multiplicative,0.1,0.4,5,fractal,0.1,1,235,frequent
48993461,2026_09_09 19:47:58,184714_236,236,"Basemap 1 experiment, mutation magnitude and rate",88,1,359,2,20000,14.8311357768182,0.0316227766016838,0.05,0,10,0.005,140,-10,10,3000,1,FALSE,multiplicative,0.1,0.4,5,fractal,0.1,1,236,frequent
49532691,2026_09_09 19:47:58,184714_238,238,"Basemap 1 experiment, mutation magnitude and rate",107,1,397,2,20000,1815.12848889598,0.0316227766016838,0.05,0,10,0.005,140,-10,10,3000,1,FALSE,multiplicative,0.1,0.4,5,fractal,0.1,1,238,frequent
84027744,2026_09_09 19:47:59,184714_237,237,"Basemap 1 experiment, mutation magnitude and rate",34,1,251,2,20000,2354.09468048382,0.0316227766016838,0.05,0,10,0.005,140,-10,10,3000,1,FALSE,multiplicative,0.1,0.4,5,fractal,0.1,1,237,frequent
74786508,2026_09_09 19:47:59,184714_245,245,"Basemap 1 experiment, mutation magnitude and rate",34,1,251,2,20000,2354.09468048382,0.177827941003892,0.05,0,10,0.005,140,-10,10,3000,1,FALSE,multiplicative,0,0,0,fractal,1,0.001,245,frequent
28841927,2026_09_09 19:48:00,184714_257,257,"Basemap 1 experiment, mutation magnitude and rate",22,1,227,2,20000,1405.91239235663,0.177827941003892,0.05,0,10,0.005,140,-10,10,3000,1,FALSE,multiplicative,0,0,0,fractal,1,0.00562341325190349,257,frequent
19632105,2026_09_09 19:48:00,184714_259,259,"Basemap 1 experiment, mutation magnitude and rate",91,1,365,2,20000,15.5011546902045,0.177827941003892,0.05,0,10,0.005,140,-10,10,3000,1,FALSE,multiplicative,0,0,0,fractal,1,0.00562341325190349,259,frequent
72700316,2026_09_09 19:48:00,184714_260,260,"Basemap 1 experiment, mutation magnitude and rate",88,1,359,2,20000,14.8311357768182,0.177827941003892,0.05,0,10,0.005,140,-10,10,3000,1,FALSE,multiplicative,0,0,0,fractal,1,0.00562341325190349,260,frequent
40781968,2026_09_09 19:48:00,184714_258,258,"Basemap 1 experiment, mutation magnitude and rate",31,1,245,2,20000,1482.72976514484,0.177827941003892,0.05,0,10,0.005,140,-10,10,3000,1,FALSE,multiplicative,0,0,0,fractal,1,0.00562341325190349,258,frequent
64297428,2026_09_09 19:48:00,184714_248,248,"Basemap 1 experiment, mutation magnitude and rate",38,1,259,2,20000,760.415213867477,0.177827941003892,0.05,0,10,0.005,140,-10,10,3000,1,FALSE,multiplicative,0,0,0,fractal,1,0.001,248,frequent
78992047,2026_09_09 19:48:00,184714_251,251,"Basemap 1 experiment, mutation magnitude and rate",91,1,365,2,20000,15.5011546902045,0.177827941003892,0.05,0,10,0.005,140,-10,10,3000,1,FALSE,multiplicative,0.1,0.4,5,fractal,0.1,0.001,251,frequent
25677004,2026_09_09 19:48:00,184714_243,243,"Basemap 1 experiment, mutation magnitude and rate",91,1,365,2,20000,15.5011546902045,0.177827941003892,0.05,0,10,0.005,140,-10,10,3000,1,FALSE,multiplicative,0,0,0,fractal,1,0.001,243,frequent
38205327,2026_09_09 19:48:00,184714_242,242,"Basemap 1 experiment, mutation magnitude and rate",31,1,245,2,20000,1482.72976514484,0.177827941003892,0.05,0,10,0.005,140,-10,10,3000,1,FALSE,multiplicative,0,0,0,fractal,1,0.001,242,frequent
49,frequent
45684342,2026_09_09 19:48:00,184714_227,227,"Basemap 1 experiment, mutation magnitude and rate",91,1,365,2,20000,15.5011546902045,0.0316227766016838,0.05,0,10,0.005,140,-10,10,3000,1,FALSE,multiplicative,0,0,0,fractal,1,1,227,frequent
13378626,2026_09_09 19:48:00,184714_226,226,"Basemap 1 experiment, mutation magnitude and rate",31,1,245,2,20000,1482.72976514484,0.0316227766016838,0.05,0,10,0.005,140,-10,10,3000,1,FALSE,multiplicative,0,0,0,fractal,1,1,226,frequent
88537321,2026_09_09 19:48:00,184714_244,244,"Basemap 1 experiment, mutation magnitude and rate",88,1,359,2,20000,14.8311357768182,0.177827941003892,0.05,0,10,0.005,140,-10,10,3000,1,FALSE,multiplicative,0,0,0,fractal,1,0.001,244,frequent
92016103,2026_09_09 19:48:01,184714_256,256,"Basemap 1 experiment, mutation magnitude and rate",38,1,259,2,20000,760.415213867477,0.177827941003892,0.05,0,10,0.005,140,-10,10,3000,1,FALSE,multiplicative,0.1,0.4,5,fractal,0.1,0.001,256,frequent
34851050,2026_09_09 19:48:01,184714_246,246,"Basemap 1 experiment, mutation magnitude and rate",107,1,397,2,20000,1815.12848889598,0.177827941003892,0.05,0,10,0.005,140,-10,10,3000,1,FALSE,multiplicative,0,0,0,fractal,1,0.001,246,frequent
67368886,2026_09_09 19:48:01,184714_247,247,"Basemap 1 experiment, mutation magnitude and rate",108,1,399,2,20000,979.701436530544,0.177827941003892,0.05,0,10,0.005,140,-10,10,3000,1,FALSE,multiplicative,0,0,0,fractal,1,0.001,247,frequent
81863879,2026_09_09 19:48:01,184714_252,252,"Basemap 1 experiment, mutation magnitude and rate",88,1,359,2,20000,14.8311357768182,0.177827941003892,0.05,0,10,0.005,140,-10,10,3000,1,FALSE,multiplicative,0.1,0.4,5,fractal,0.1,0.001,252,frequent
99729754,2026_09_09 19:48:01,184714_253,253,"Basemap 1 experiment, mutation magnitude and rate",34,1,251,2,20000,2354.09468048382,0.177827941003892,0.05,0,10,0.005,140,-10,10,3000,1,FALSE,multiplicative,0.1,0.4,5,fractal,0.1,0.001,253,frequent
23265186,2026_09_09 19:48:01,184714_254,254,"Basemap 1 experiment, mutation magnitude and rate",107,1,397,2,20000,1815.12848889598,0.177827941003892,0.05,0,10,0.005,140,-10,10,3000,1,FALSE,multiplicative,0.1,0.4,5,fractal,0.1,0.001,254,frequent
95253405,2026_09_09 19:48:01,184714_255,255,"Basemap 1 experiment, mutation magnitude and rate",108,1,399,2,20000,979.701436530544,0.177827941003892,0.05,0,10,0.005,140,-10,10,3000,1,FALSE,multiplicative,0.1,0.4,5,fractal,0.1,0.001,255,frequent
69326555,2026_09_09 19:48:01,184714_233,233,"Basemap 1 experiment, mutation magnitude and rate",22,1,227,2,20000,1405.91239235663,0.0316227766016838,0.05,0,10,0.005,140,-10,10,3000,1,FALSE,multiplicative,0.1,0.4,5,fractal,0.1,1,233,frequent
70879274,2026_09_09 19:48:05,184714_239,239,"Basemap 1 experiment, mutation magnitude and rate",108,1,399,2,20000,979.701436530544,0.0316227766016838,0.05,0,10,0.005,140,-10,10,3000,1,FALSE,multiplicative,0.1,0.4,5,fractal,0.1,1,239,frequent
37591550,2026_09_09 19:50:10,184714_301,301,"Basemap 1 experiment, mutation magnitude and rate",34,1,251,2,20000,2354.09468048382,0.177827941003892,0.05,0,10,0.005,140,-10,10,3000,1,FALSE,multiplicative,0.1,0.4,5,fractal,0.1,0.177827941003892,301,frequent
45332784,2026_09_09 19:50:11,184714_277,277,"Basemap 1 experiment, mutation magnitude and rate",34,1,251,2,20000,2354.09468048382,0.177827941003892,0.05,0,10,0.005,140,-10,10,3000,1,FALSE,multiplicative,0,0,0,fractal,1,0.0316227766016838,277,frequent
76270497,2026_09_09 19:50:11,184714_307,307,"Basemap 1 experiment, mutation magnitude and rate",91,1,365,2,20000,15.5011546902045,0.177827941003892,0.05,0,10,0.005,140,-10,10,3000,1,FALSE,multiplicative,0,0,0,fractal,1,1,307,frequent
98787314,2026_09_09 19:50:11,184714_308,308,"Basemap 1 experiment, mutation magnitude and rate",88,1,359,2,20000,14.8311357768182,0.177827941003892,0.05,0,10,0.005,140,-10,10,3000,1,FALSE,multiplicative,0,0,0,fractal,1,1,308,frequent
82123772,2026_09_09 19:50:11,184714_303,303,"Basemap 1 experiment, mutation magnitude and rate",108,1,399,2,20000,979.701436530544,0.177827941003892,0.05,0,10,0.005,140,-10,10,3000,1,FALSE,multiplicative,0.1,0.4,5,fractal,0.1,0.177827941003892,303,frequent
89542457,2026_09_09 19:50:11,184714_302,302,"Basemap 1 experiment, mutation magnitude and rate",107,1,397,2,20000,1815.12848889598,0.177827941003892,0.05,0,10,0.005,140,-10,10,3000,1,FALSE,multiplicative,0.1,0.4,5,fractal,0.1,0.177827941003892,302,frequent
48557396,2026_09_09 19:50:11,184714_305,305,"Basemap 1 experiment, mutation magnitude and rate",22,1,227,2,20000,1405.91239235663,0.177827941003892,0.05,0,10,0.005,140,-10,10,3000,1,FALSE,multiplicative,0,0,0,fractal,1,1,305,frequent
30679991,2026_09_09 19:50:11,184714_304,304,"Basemap 1 experiment, mutation magnitude and rate",38,1,259,2,20000,760.415213867477,0.177827941003892,0.05,0,10,0.005,140,-10,10,3000,1,FALSE,multiplicative,0.1,0.4,5,fractal,0.1,0.177827941003892,304,frequent
41120560,2026_09_09 19:50:12,184714_272,272,"Basemap 1 experiment, mutation magnitude and rate",38,1,259,2,20000,760.415213867477,0.177827941003892,0.05,0,10,0.005,140,-10,10,3000,1,FALSE,multiplicative,0.1,0.4,5,fractal,0.1,0.00562341325190349,272,frequent
17070030,2026_09_09 19:50:12,184714_271,271,"Basemap 1 experiment, mutation magnitude and rate",108,1,399,2,20000,979.701436530544,0.177827941003892,0.05,0,10,0.005,140,-10,10,3000,1,FALSE,multiplicative,0.1,0.4,5,fractal,0.1,0.00562341325190349,271,frequent
12447134,2026_09_09 19:50:12,184714_306,306,"Basemap 1 experiment, mutation magnitude and rate",31,1,245,2,20000,1482.72976514484,0.177827941003892,0.05,0,10,0.005,140,-10,10,3000,1,FALSE,multiplicative,0,0,0,fractal,1,1,306,frequent
62415697,2026_09_09 19:50:12,184714_273,273,"Basemap 1 experiment, mutation magnitude and rate",22,1,227,2,20000,1405.91239235663,0.177827941003892,0.05,0,10,0.005,140,-10,10,3000,1,FALSE,multiplicative,0,0,0,fractal,1,0.0316227766016838,273,frequent
47562049,2026_09_09 19:50:12,184714_283,283,"Basemap 1 experiment, mutation magnitude and rate",91,1,365,2,20000,15.5011546902045,0.177827941003892,0.05,0,10,0.005,140,-10,10,3000,1,FALSE,multiplicative,0.1,0.4,5,fractal,0.1,0.0316227766016838,283,frequent
19721974,2026_09_09 19:50:12,184714_279,279,"Basemap 1 experiment, mutation magnitude and rate",108,1,399,2,20000,979.701436530544,0.177827941003892,0.05,0,10,0.005,140,-10,10,3000,1,FALSE,multiplicative,0,0,0,fractal,1,0.0316227766016838,279,frequent
91568807,2026_09_09 19:50:12,184714_280,280,"Basemap 1 experiment, mutation magnitude and rate",38,1,259,2,20000,760.415213867477,0.177827941003892,0.05,0,10,0.005,140,-10,10,3000,1,FALSE,multiplicative,0,0,0,fractal,1,0.0316227766016838,280,frequent
73322374,2026_09_09 19:50:12,184714_289,289,"Basemap 1 experiment, mutation magnitude and rate",22,1,227,2,20000,1405.91239235663,0.177827941003892,0.05,0,10,0.005,140,-10,10,3000,1,FALSE,multiplicative,0,0,0,fractal,1,0.177827941003892,289,frequent
60285876,2026_09_09 19:50:12,184714_290,290,"Basemap 1 experiment, mutation magnitude and rate",31,1,245,2,20000,1482.72976514484,0.177827941003892,0.05,0,10,0.005,140,-10,10,3000,1,FALSE,multiplicative,0,0,0,fractal,1,0.177827941003892,290,frequent
46761545,2026_09_09 19:50:12,184714_282,282,"Basemap 1 experiment, mutation magnitude and rate",31,1,245,2,20000,1482.72976514484,0.177827941003892,0.05,0,10,0.005,140,-10,10,3000,1,FALSE,multiplicative,0.1,0.4,5,fractal,0.1,0.0316227766016838,282,frequent
57323065,2026_09_09 19:50:12,184714_278,278,"Basemap 1 experiment, mutation magnitude and rate",107,1,397,2,20000,1815.12848889598,0.177827941003892,0.05,0,10,0.005,140,-10,10,3000,1,FALSE,multiplicative,0,0,0,fractal,1,0.0316227766016838,278,frequent
77541663,2026_09_09 19:50:12,184714_285,285,"Basemap 1 experiment, mutation magnitude and rate",34,1,251,2,20000,2354.09468048382,0.177827941003892,0.05,0,10,0.005,140,-10,10,3000,1,FALSE,multiplicative,0.1,0.4,5,fractal,0.1,0.0316227766016838,285,frequent
87438007,2026_09_09 19:50:12,184714_284,284,"Basemap 1 experiment, mutation magnitude and rate",88,1,359,2,20000,14.8311357768182,0.177827941003892,0.05,0,10,0.005,140,-10,10,3000,1,FALSE,multiplicative,0.1,0.4,5,fractal,0.1,0.0316227766016838,284,frequent
32071741,2026_09_09 19:50:12,184714_288,288,"Basemap 1 experiment, mutation magnitude and rate",38,1,259,2,20000,760.415213867477,0.177827941003892,0.05,0,10,0.005,140,-10,10,3000,1,FALSE,multiplicative,0.1,0.4,5,fractal,0.1,0.0316227766016838,288,frequent
40735784,2026_09_09 19:50:12,184714_287,287,"Basemap 1 experiment, mutation magnitude and rate",108,1,399,2,20000,979.701436530544,0.177827941003892,0.05,0,10,0.005,140,-10,10,3000,1,FALSE,multiplicative,0.1,0.4,5,fractal,0.1,0.0316227766016838,287,frequent
67265382,2026_09_09 19:50:13,184714_281,281,"Basemap 1 experiment, mutation magnitude and rate",22,1,227,2,20000,1405.91239235663,0.177827941003892,0.05,0,10,0.005,140,-10,10,3000,1,FALSE,multiplicative,0.1,0.4,5,fractal,0.1,0.0316227766016838,281,frequent
67288170,2026_09_09 19:50:13,184714_286,286,"Basemap 1 experiment, mutation magnitude and rate",107,1,397,2,20000,1815.12848889598,0.177827941003892,0.05,0,10,0.005,140,-10,10,3000,1,FALSE,multiplicative,0.1,0.4,5,fractal,0.1,0.0316227766016838,286,frequent
30611098,2026_09_09 19:50:13,184714_274,274,"Basemap 1 experiment, mutation magnitude and rate",31,1,245,2,20000,1482.72976514484,0.177827941003892,0.05,0,10,0.005,140,-10,10,3000,1,FALSE,multiplicative,0,0,0,fractal,1,0.0316227766016838,274,frequent
52886621,2026_09_09 19:50:13,184714_276,276,"Basemap 1 experiment, mutation magnitude and rate",88,1,359,2,20000,14.8311357768182,0.177827941003892,0.05,0,10,0.005,140,-10,10,3000,1,FALSE,multiplicative,0,0,0,fractal,1,0.0316227766016838,276,frequent
67708964,2026_09_09 19:50:13,184714_275,275,"Basemap 1 experiment, mutation magnitude and rate",91,1,365,2,20000,15.5011546902045,0.177827941003892,0.05,0,10,0.005,140,-10,10,3000,1,FALSE,multiplicative,0,0,0,fractal,1,0.0316227766016838,275,frequent
14078965,2026_09_09 19:50:14,184714_310,310,"Basemap 1 experiment, mutation magnitude and rate",107,1,397,2,20000,1815.12848889598,0.177827941003892,0.05,0,10,0.005,140,-10,10,3000,1,FALSE,multiplicative,0,0,0,fractal,1,1,310,frequent
73750579,2026_09_09 19:50:14,184714_311,311,"Basemap 1 experiment, mutation magnitude and rate",108,1,399,2,20000,979.701436530544,0.177827941003892,0.05,0,10,0.005,140,-10,10,3000,1,FALSE,multiplicative,0,0,0,fractal,1,1,311,frequent
42839104,2026_09_09 19:50:14,184714_309,309,"Basemap 1 experiment, mutation magnitude and rate",34,1,251,2,20000,2354.09468048382,0.177827941003892,0.05,0,10,0.005,140,-10,10,3000,1,FALSE,multiplicative,0,0,0,fractal,1,1,309,frequent
35144914,2026_09_09 19:50:15,184714_299,299,"Basemap 1 experiment, mutation magnitude and rate",91,1,365,2,20000,15.5011546902045,0.177827941003892,0.05,0,10,0.005,140,-10,10,3000,1,FALSE,multiplicative,0.1,0.4,5,fractal,0.1,0.177827941003892,299,frequent
68913189,2026_09_09 19:50:15,184714_296,296,"Basemap 1 experiment, mutation magnitude and rate",38,1,259,2,20000,760.415213867477,0.177827941003892,0.05,0,10,0.005,140,-10,10,3000,1,FALSE,multiplicative,0,0,0,fractal,1,0.177827941003892,296,frequent
30436942,2026_09_09 19:50:15,184714_294,294,"Basemap 1 experiment, mutation magnitude and rate",107,1,397,2,20000,1815.12848889598,0.177827941003892,0.05,0,10,0.005,140,-10,10,3000,1,FALSE,multiplicative,0,0,0,fractal,1,0.177827941003892,294,frequent
20692090,2026_09_09 19:50:15,184714_292,292,"Basemap 1 experiment, mutation magnitude and rate",88,1,359,2,20000,14.8311357768182,0.177827941003892,0.05,0,10,0.005,140,-10,10,3000,1,FALSE,multiplicative,0,0,0,fractal,1,0.177827941003892,292,frequent
29011000,2026_09_09 19:50:15,184714_293,293,"Basemap 1 experiment, mutation magnitude and rate",34,1,251,2,20000,2354.09468048382,0.177827941003892,0.05,0,10,0.005,140,-10,10,3000,1,FALSE,multiplicative,0,0,0,fractal,1,0.177827941003892,293,frequent
80670302,2026_09_09 19:50:15,184714_295,295,"Basemap 1 experiment, mutation magnitude and rate",108,1,399,2,20000,979.701436530544,0.177827941003892,0.05,0,10,0.005,140,-10,10,3000,1,FALSE,multiplicative,0,0,0,fractal,1,0.177827941003892,295,frequent
85825552,2026_09_09 19:50:15,184714_297,297,"Basemap 1 experiment, mutation magnitude and rate",22,1,227,2,20000,1405.91239235663,0.177827941003892,0.05,0,10,0.005,140,-10,10,3000,1,FALSE,multiplicative,0.1,0.4,5,fractal,0.1,0.177827941003892,297,frequent
40471569,2026_09_09 19:50:15,184714_300,300,"Basemap 1 experiment, mutation magnitude and rate",88,1,359,2,20000,14.8311357768182,0.177827941003892,0.05,0,10,0.005,140,-10,10,3000,1,FALSE,multiplicative,0.1,0.4,5,fractal,0.1,0.177827941003892,300,frequent
29903654,2026_09_09 19:50:15,184714_291,291,"Basemap 1 experiment, mutation magnitude and rate",91,1,365,2,20000,15.5011546902045,0.177827941003892,0.05,0,10,0.005,140,-10,10,3000,1,FALSE,multiplicative,0,0,0,fractal,1,0.177827941003892,291,frequent
88118389,2026_09_09 19:50:15,184714_298,298,"Basemap 1 experiment, mutation magnitude and rate",31,1,245,2,20000,1482.72976514484,0.177827941003892,0.05,0,10,0.005,140,-10,10,3000,1,FALSE,multiplicative,0.1,0.4,5,fractal,0.1,0.177827941003892,298,frequent
36562502,2026_09_09 19:50:15,184714_263,263,"Basemap 1 experiment, mutation magnitude and rate",108,1,399,2,20000,979.701436530544,0.177827941003892,0.05,0,10,0.005,140,-10,10,3000,1,FALSE,multiplicative,0,0,0,fractal,1,0.00562341325190349,263,frequent
48398776,2026_09_09 19:50:19,184714_262,262,"Basemap 1 experiment, mutation magnitude and rate",107,1,397,2,20000,1815.12848889598,0.177827941003892,0.05,0,10,0.005,140,-10,10,3000,1,FALSE,multiplicative,0,0,0,fractal,1,0.00562341325190349,262,frequent
35820892,2026_09_09 19:50:19,184714_261,261,"Basemap 1 experiment, mutation magnitude and rate",34,1,251,2,20000,2354.09468048382,0.177827941003892,0.05,0,10,0.005,140,-10,10,3000,1,FALSE,multiplicative,0,0,0,fractal,1,0.00562341325190349,261,frequent
83336078,2026_09_09 19:50:20,184714_264,264,"Basemap 1 experiment, mutation magnitude and rate",38,1,259,2,20000,760.415213867477,0.177827941003892,0.05,0,10,0.005,140,-10,10,3000,1,FALSE,multiplicative,0,0,0,fractal,1,0.00562341325190349,264,frequent
83622652,2026_09_09 19:50:20,184714_265,265,"Basemap 1 experiment, mutation magnitude and rate",22,1,227,2,20000,1405.91239235663,0.177827941003892,0.05,0,10,0.005,140,-10,10,3000,1,FALSE,multiplicative,0.1,0.4,5,fractal,0.1,0.00562341325190349,265,frequent
30479091,2026_09_09 19:50:20,184714_266,266,"Basemap 1 experiment, mutation magnitude and rate",31,1,245,2,20000,1482.72976514484,0.177827941003892,0.05,0,10,0.005,140,-10,10,3000,1,FALSE,multiplicative,0.1,0.4,5,fractal,0.1,0.00562341325190349,266,frequent
82747744,2026_09_09 19:50:20,184714_268,268,"Basemap 1 experiment, mutation magnitude and rate",88,1,359,2,20000,14.8311357768182,0.177827941003892,0.05,0,10,0.005,140,-10,10,3000,1,FALSE,multiplicative,0.1,0.4,5,fractal,0.1,0.00562341325190349,268,frequent
47901414,2026_09_09 19:50:20,184714_270,270,"Basemap 1 experiment, mutation magnitude and rate",107,1,397,2,20000,1815.12848889598,0.177827941003892,0.05,0,10,0.005,140,-10,10,3000,1,FALSE,multiplicative,0.1,0.4,5,fractal,0.1,0.00562341325190349,270,frequent
49756287,2026_09_09 19:50:20,184714_267,267,"Basemap 1 experiment, mutation magnitude and rate",91,1,365,2,20000,15.5011546902045,0.177827941003892,0.05,0,10,0.005,140,-10,10,3000,1,FALSE,multiplicative,0.1,0.4,5,fractal,0.1,0.00562341325190349,267,frequent
52251223,2026_09_09 19:50:20,184714_269,269,"Basemap 1 experiment, mutation magnitude and rate",34,1,251,2,20000,2354.09468048382,0.177827941003892,0.05,0,10,0.005,140,-10,10,3000,1,FALSE,multiplicative,0.1,0.4,5,fractal,0.1,0.00562341325190349,269,frequent
87158702,2026_09_09 19:52:20,184714_319,319,"Basemap 1 experiment, mutation magnitude and rate",108,1,399,2,20000,979.701436530544,0.177827941003892,0.05,0,10,0.005,140,-10,10,3000,1,FALSE,multiplicative,0.1,0.4,5,fractal,0.1,1,319,frequent
15083177,2026_09_09 19:52:20,184714_322,322,"Basemap 1 experiment, mutation magnitude and rate",31,1,245,2,20000,1482.72976514484,1,0.05,0,10,0.005,140,-10,10,3000,1,FALSE,multiplicative,0,0,0,fractal,1,0.001,322,frequent
87193026,2026_09_09 19:52:20,184714_320,320,"Basemap 1 experiment, mutation magnitude and rate",38,1,259,2,20000,760.415213867477,0.177827941003892,0.05,0,10,0.005,140,-10,10,3000,1,FALSE,multiplicative,0.1,0.4,5,fractal,0.1,1,320,frequent
40298819,2026_09_09 19:52:20,184714_323,323,"Basemap 1 experiment, mutation magnitude and rate",91,1,365,2,20000,15.5011546902045,1,0.05,0,10,0.005,140,-10,10,3000,1,FALSE,multiplicative,0,0,0,fractal,1,0.001,323,frequent
67084985,2026_09_09 19:52:20,184714_324,324,"Basemap 1 experiment, mutation magnitude and rate",88,1,359,2,20000,14.8311357768182,1,0.05,0,10,0.005,140,-10,10,3000,1,FALSE,multiplicative,0,0,0,fractal,1,0.001,324,frequent
89748134,2026_09_09 19:52:20,184714_326,326,"Basemap 1 experiment, mutation magnitude and rate",107,1,397,2,20000,1815.12848889598,1,0.05,0,10,0.005,140,-10,10,3000,1,FALSE,multiplicative,0,0,0,fractal,1,0.001,326,frequent
54910705,2026_09_09 19:52:20,184714_327,327,"Basemap 1 experiment, mutation magnitude and rate",108,1,399,2,20000,979.701436530544,1,0.05,0,10,0.005,140,-10,10,3000,1,FALSE,multiplicative,0,0,0,fractal,1,0.001,327,frequent
49962540,2026_09_09 19:52:20,184714_325,325,"Basemap 1 experiment, mutation magnitude and rate",34,1,251,2,20000,2354.09468048382,1,0.05,0,10,0.005,140,-10,10,3000,1,FALSE,multiplicative,0,0,0,fractal,1,0.001,325,frequent
15362182,2026_09_09 19:52:20,184714_321,321,"Basemap 1 experiment, mutation magnitude and rate",22,1,227,2,20000,1405.91239235663,1,0.05,0,10,0.005,140,-10,10,3000,1,FALSE,multiplicative,0,0,0,fractal,1,0.001,321,frequent
47028926,2026_09_09 19:52:21,184714_312,312,"Basemap 1 experiment, mutation magnitude and rate",38,1,259,2,20000,760.415213867477,0.177827941003892,0.05,0,10,0.005,140,-10,10,3000,1,FALSE,multiplicative,0,0,0,fractal,1,1,312,frequent
57463859,2026_09_09 19:52:21,184714_335,335,"Basemap 1 experiment, mutation magnitude and rate",108,1,399,2,20000,979.701436530544,1,0.05,0,10,0.005,140,-10,10,3000,1,FALSE,multiplicative,0.1,0.4,5,fractal,0.1,0.001,335,frequent
33840057,2026_09_09 19:52:21,184714_336,336,"Basemap 1 experiment, mutation magnitude and rate",38,1,259,2,20000,760.415213867477,1,0.05,0,10,0.005,140,-10,10,3000,1,FALSE,multiplicative,0.1,0.4,5,fractal,0.1,0.001,336,frequent
62130249,2026_09_09 19:52:21,184714_314,314,"Basemap 1 experiment, mutation magnitude and rate",31,1,245,2,20000,1482.72976514484,0.177827941003892,0.05,0,10,0.005,140,-10,10,3000,1,FALSE,multiplicative,0.1,0.4,5,fractal,0.1,1,314,frequent
26740785,2026_09_09 19:52:21,184714_313,313,"Basemap 1 experiment, mutation magnitude and rate",22,1,227,2,20000,1405.91239235663,0.177827941003892,0.05,0,10,0.005,140,-10,10,3000,1,FALSE,multiplicative,0.1,0.4,5,fractal,0.1,1,313,frequent
28324219,2026_09_09 19:52:22,184714_317,317,"Basemap 1 experiment, mutation magnitude and rate",34,1,251,2,20000,2354.09468048382,0.177827941003892,0.05,0,10,0.005,140,-10,10,3000,1,FALSE,multiplicative,0.1,0.4,5,fractal,0.1,1,317,frequent
92418766,2026_09_09 19:52:22,184714_330,330,"Basemap 1 experiment, mutation magnitude and rate",31,1,245,2,20000,1482.72976514484,1,0.05,0,10,0.005,140,-10,10,3000,1,FALSE,multiplicative,0.1,0.4,5,fractal,0.1,0.001,330,frequent
88512407,2026_09_09 19:52:23,184714_332,332,"Basemap 1 experiment, mutation magnitude and rate",88,1,359,2,20000,14.8311357768182,1,0.05,0,10,0.005,140,-10,10,3000,1,FALSE,multiplicative,0.1,0.4,5,fractal,0.1,0.001,332,frequent
73396165,2026_09_09 19:52:23,184714_331,331,"Basemap 1 experiment, mutation magnitude and rate",91,1,365,2,20000,15.5011546902045,1,0.05,0,10,0.005,140,-10,10,3000,1,FALSE,multiplicative,0.1,0.4,5,fractal,0.1,0.001,331,frequent
60595880,2026_09_09 19:52:23,184714_333,333,"Basemap 1 experiment, mutation magnitude and rate",34,1,251,2,20000,2354.09468048382,1,0.05,0,10,0.005,140,-10,10,3000,1,FALSE,multiplicative,0.1,0.4,5,fractal,0.1,0.001,333,frequent
26716508,2026_09_09 19:52:24,184714_334,334,"Basemap 1 experiment, mutation magnitude and rate",107,1,397,2,20000,1815.12848889598,1,0.05,0,10,0.005,140,-10,10,3000,1,FALSE,multiplicative,0.1,0.4,5,fractal,0.1,0.001,334,frequent
45513047,2026_09_09 19:52:24,184714_328,328,"Basemap 1 experiment, mutation magnitude and rate",38,1,259,2,20000,760.415213867477,1,0.05,0,10,0.005,140,-10,10,3000,1,FALSE,multiplicative,0,0,0,fractal,1,0.001,328,frequent
84181380,2026_09_09 19:52:24,184714_329,329,"Basemap 1 experiment, mutation magnitude and rate",22,1,227,2,20000,1405.91239235663,1,0.05,0,10,0.005,140,-10,10,3000,1,FALSE,multiplicative,0.1,0.4,5,fractal,0.1,0.001,329,frequent
29433341,2026_09_09 19:52:25,184714_315,315,"Basemap 1 experiment, mutation magnitude and rate",91,1,365,2,20000,15.5011546902045,0.177827941003892,0.05,0,10,0.005,140,-10,10,3000,1,FALSE,multiplicative,0.1,0.4,5,fractal,0.1,1,315,frequent
70042640,2026_09_09 19:52:25,184714_316,316,"Basemap 1 experiment, mutation magnitude and rate",88,1,359,2,20000,14.8311357768182,0.177827941003892,0.05,0,10,0.005,140,-10,10,3000,1,FALSE,multiplicative,0.1,0.4,5,fractal,0.1,1,316,frequent
32935175,2026_09_09 19:54:31,184714_338,338,"Basemap 1 experiment, mutation magnitude and rate",31,1,245,2,20000,1482.72976514484,1,0.05,0,10,0.005,140,-10,10,3000,1,FALSE,multiplicative,0,0,0,fractal,1,0.00562341325190349,338,frequent
73586385,2026_09_09 19:54:31,184714_337,337,"Basemap 1 experiment, mutation magnitude and rate",22,1,227,2,20000,1405.91239235663,1,0.05,0,10,0.005,140,-10,10,3000,1,FALSE,multiplicative,0,0,0,fractal,1,0.00562341325190349,337,frequent
47545298,2026_09_09 19:54:32,184714_344,344,"Basemap 1 experiment, mutation magnitude and rate",38,1,259,2,20000,760.415213867477,1,0.05,0,10,0.005,140,-10,10,3000,1,FALSE,multiplicative,0,0,0,fractal,1,0.00562341325190349,344,frequent
49433145,2026_09_09 19:54:33,184714_343,343,"Basemap 1 experiment, mutation magnitude and rate",108,1,399,2,20000,979.701436530544,1,0.05,0,10,0.005,140,-10,10,3000,1,FALSE,multiplicative,0,0,0,fractal,1,0.00562341325190349,343,frequent
59668391,2026_09_09 19:54:34,184714_349,349,"Basemap 1 experiment, mutation magnitude and rate",34,1,251,2,20000,2354.09468048382,1,0.05,0,10,0.005,140,-10,10,3000,1,FALSE,multiplicative,0.1,0.4,5,fractal,0.1,0.00562341325190349,349,frequent
48372718,2026_09_09 19:54:34,184714_348,348,"Basemap 1 experiment, mutation magnitude and rate",88,1,359,2,20000,14.8311357768182,1,0.05,0,10,0.005,140,-10,10,3000,1,FALSE,multiplicative,0.1,0.4,5,fractal,0.1,0.00562341325190349,348,frequent
45366868,2026_09_09 19:54:34,184714_347,347,"Basemap 1 experiment, mutation magnitude and rate",91,1,365,2,20000,15.5011546902045,1,0.05,0,10,0.005,140,-10,10,3000,1,FALSE,multiplicative,0.1,0.4,5,fractal,0.1,0.00562341325190349,347,frequent
96045969,2026_09_09 19:54:35,184714_339,339,"Basemap 1 experiment, mutation magnitude and rate",91,1,365,2,20000,15.5011546902045,1,0.05,0,10,0.005,140,-10,10,3000,1,FALSE,multiplicative,0,0,0,fractal,1,0.00562341325190349,339,frequent
74507891,2026_09_09 19:54:35,184714_340,340,"Basemap 1 experiment, mutation magnitude and rate",88,1,359,2,20000,14.8311357768182,1,0.05,0,10,0.005,140,-10,10,3000,1,FALSE,multiplicative,0,0,0,fractal,1,0.00562341325190349,340,frequent
13554691,2026_09_09 19:54:37,184714_346,346,"Basemap 1 experiment, mutation magnitude and rate",31,1,245,2,20000,1482.72976514484,1,0.05,0,10,0.005,140,-10,10,3000,1,FALSE,multiplicative,0.1,0.4,5,fractal,0.1,0.00562341325190349,346,frequent
40669866,2026_09_09 19:54:37,184714_345,345,"Basemap 1 experiment, mutation magnitude and rate",22,1,227,2,20000,1405.91239235663,1,0.05,0,10,0.005,140,-10,10,3000,1,FALSE,multiplicative,0.1,0.4,5,fractal,0.1,0.00562341325190349,345,frequent
75542888,2026_09_09 19:54:38,184714_341,341,"Basemap 1 experiment, mutation magnitude and rate",34,1,251,2,20000,2354.09468048382,1,0.05,0,10,0.005,140,-10,10,3000,1,FALSE,multiplicative,0,0,0,fractal,1,0.00562341325190349,341,frequent
84758287,2026_09_09 19:54:38,184714_342,342,"Basemap 1 experiment, mutation magnitude and rate",107,1,397,2,20000,1815.12848889598,1,0.05,0,10,0.005,140,-10,10,3000,1,FALSE,multiplicative,0,0,0,fractal,1,0.00562341325190349,342,frequent
23336792,2026_09_09 19:56:36,184714_357,357,"Basemap 1 experiment, mutation magnitude and rate",34,1,251,2,20000,2354.09468048382,1,0.05,0,10,0.005,140,-10,10,3000,1,FALSE,multiplicative,0,0,0,fractal,1,0.0316227766016838,357,frequent
76582634,2026_09_09 19:56:37,184714_354,354,"Basemap 1 experiment, mutation magnitude and rate",31,1,245,2,20000,1482.72976514484,1,0.05,0,10,0.005,140,-10,10,3000,1,FALSE,multiplicative,0,0,0,fractal,1,0.0316227766016838,354,frequent
88428240,2026_09_09 19:56:37,184714_367,367,"Basemap 1 experiment, mutation magnitude and rate",108,1,399,2,20000,979.701436530544,1,0.05,0,10,0.005,140,-10,10,3000,1,FALSE,multiplicative,0.1,0.4,5,fractal,0.1,0.0316227766016838,367,frequent
49961536,2026_09_09 19:56:37,184714_368,368,"Basemap 1 experiment, mutation magnitude and rate",38,1,259,2,20000,760.415213867477,1,0.05,0,10,0.005,140,-10,10,3000,1,FALSE,multiplicative,0.1,0.4,5,fractal,0.1,0.0316227766016838,368,frequent
81915420,2026_09_09 19:56:37,184714_366,366,"Basemap 1 experiment, mutation magnitude and rate",107,1,397,2,20000,1815.12848889598,1,0.05,0,10,0.005,140,-10,10,3000,1,FALSE,multiplicative,0.1,0.4,5,fractal,0.1,0.0316227766016838,366,frequent
51153773,2026_09_09 19:56:37,184714_370,370,"Basemap 1 experiment, mutation magnitude and rate",31,1,245,2,20000,1482.72976514484,1,0.05,0,10,0.005,140,-10,10,3000,1,FALSE,multiplicative,0,0,0,fractal,1,0.177827941003892,370,frequent
10331594,2026_09_09 19:56:37,184714_369,369,"Basemap 1 experiment, mutation magnitude and rate",22,1,227,2,20000,1405.91239235663,1,0.05,0,10,0.005,140,-10,10,3000,1,FALSE,multiplicative,0,0,0,fractal,1,0.177827941003892,369,frequent
20423177,2026_09_09 19:56:37,184714_363,363,"Basemap 1 experiment, mutation magnitude and rate",91,1,365,2,20000,15.5011546902045,1,0.05,0,10,0.005,140,-10,10,3000,1,FALSE,multiplicative,0.1,0.4,5,fractal,0.1,0.0316227766016838,363,frequent
91244205,2026_09_09 19:56:37,184714_365,365,"Basemap 1 experiment, mutation magnitude and rate",34,1,251,2,20000,2354.09468048382,1,0.05,0,10,0.005,140,-10,10,3000,1,FALSE,multiplicative,0.1,0.4,5,fractal,0.1,0.0316227766016838,365,frequent
11902834,2026_09_09 19:56:37,184714_364,364,"Basemap 1 experiment, mutation magnitude and rate",88,1,359,2,20000,14.8311357768182,1,0.05,0,10,0.005,140,-10,10,3000,1,FALSE,multiplicative,0.1,0.4,5,fractal,0.1,0.0316227766016838,364,frequent
42589196,2026_09_09 19:56:37,184714_355,355,"Basemap 1 experiment, mutation magnitude and rate",91,1,365,2,20000,15.5011546902045,1,0.05,0,10,0.005,140,-10,10,3000,1,FALSE,multiplicative,0,0,0,fractal,1,0.0316227766016838,355,frequent
53679839,2026_09_09 19:56:37,184714_356,356,"Basemap 1 experiment, mutation magnitude and rate",88,1,359,2,20000,14.8311357768182,1,0.05,0,10,0.005,140,-10,10,3000,1,FALSE,multiplicative,0,0,0,fractal,1,0.0316227766016838,356,frequent
15112802,2026_09_09 19:56:37,184714_352,352,"Basemap 1 experiment, mutation magnitude and rate",38,1,259,2,20000,760.415213867477,1,0.05,0,10,0.005,140,-10,10,3000,1,FALSE,multiplicative,0.1,0.4,5,fractal,0.1,0.00562341325190349,352,frequent
51906544,2026_09_09 19:56:38,184714_351,351,"Basemap 1 experiment, mutation magnitude and rate",108,1,399,2,20000,979.701436530544,1,0.05,0,10,0.005,140,-10,10,3000,1,FALSE,multiplicative,0.1,0.4,5,fractal,0.1,0.00562341325190349,351,frequent
36266117,2026_09_09 19:56:38,184714_362,362,"Basemap 1 experiment, mutation magnitude and rate",31,1,245,2,20000,1482.72976514484,1,0.05,0,10,0.005,140,-10,10,3000,1,FALSE,multiplicative,0.1,0.4,5,fractal,0.1,0.0316227766016838,362,frequent
85120531,2026_09_09 19:56:38,184714_377,377,"Basemap 1 experiment, mutation magnitude and rate",22,1,227,2,20000,1405.91239235663,1,0.05,0,10,0.005,140,-10,10,3000,1,FALSE,multiplicative,0.1,0.4,5,fractal,0.1,0.177827941003892,377,frequent
24802497,2026_09_09 19:56:38,184714_375,375,"Basemap 1 experiment, mutation magnitude and rate",108,1,399,2,20000,979.701436530544,1,0.05,0,10,0.005,140,-10,10,3000,1,FALSE,multiplicative,0,0,0,fractal,1,0.177827941003892,375,frequent
93169660,2026_09_09 19:56:38,184714_374,374,"Basemap 1 experiment, mutation magnitude and rate",107,1,397,2,20000,1815.12848889598,1,0.05,0,10,0.005,140,-10,10,3000,1,FALSE,multiplicative,0,0,0,fractal,1,0.177827941003892,374,frequent
92696687,2026_09_09 19:56:38,184714_376,376,"Basemap 1 experiment, mutation magnitude and rate",38,1,259,2,20000,760.415213867477,1,0.05,0,10,0.005,140,-10,10,3000,1,FALSE,multiplicative,0,0,0,fractal,1,0.177827941003892,376,frequent
98618023,2026_09_09 19:56:39,184714_361,361,"Basemap 1 experiment, mutation magnitude and rate",22,1,227,2,20000,1405.91239235663,1,0.05,0,10,0.005,140,-10,10,3000,1,FALSE,multiplicative,0.1,0.4,5,fractal,0.1,0.0316227766016838,361,frequent
40839769,2026_09_09 19:56:39,184714_359,359,"Basemap 1 experiment, mutation magnitude and rate",108,1,399,2,20000,979.701436530544,1,0.05,0,10,0.005,140,-10,10,3000,1,FALSE,multiplicative,0,0,0,fractal,1,0.0316227766016838,359,frequent
73410162,2026_09_09 19:56:39,184714_360,360,"Basemap 1 experiment, mutation magnitude and rate",38,1,259,2,20000,760.415213867477,1,0.05,0,10,0.005,140,-10,10,3000,1,FALSE,multiplicative,0,0,0,fractal,1,0.0316227766016838,360,frequent
89881212,2026_09_09 19:56:39,184714_350,350,"Basemap 1 experiment, mutation magnitude and rate",107,1,397,2,20000,1815.12848889598,1,0.05,0,10,0.005,140,-10,10,3000,1,FALSE,multiplicative,0.1,0.4,5,fractal,0.1,0.00562341325190349,350,frequent
95508258,2026_09_09 19:56:40,184714_358,358,"Basemap 1 experiment, mutation magnitude and rate",107,1,397,2,20000,1815.12848889598,1,0.05,0,10,0.005,140,-10,10,3000,1,FALSE,multiplicative,0,0,0,fractal,1,0.0316227766016838,358,frequent
11219076,2026_09_09 19:56:41,184714_372,372,"Basemap 1 experiment, mutation magnitude and rate",88,1,359,2,20000,14.8311357768182,1,0.05,0,10,0.005,140,-10,10,3000,1,FALSE,multiplicative,0,0,0,fractal,1,0.177827941003892,372,frequent
80595734,2026_09_09 19:56:41,184714_371,371,"Basemap 1 experiment, mutation magnitude and rate",91,1,365,2,20000,15.5011546902045,1,0.05,0,10,0.005,140,-10,10,3000,1,FALSE,multiplicative,0,0,0,fractal,1,0.177827941003892,371,frequent
23197666,2026_09_09 19:56:41,184714_373,373,"Basemap 1 experiment, mutation magnitude and rate",34,1,251,2,20000,2354.09468048382,1,0.05,0,10,0.005,140,-10,10,3000,1,FALSE,multiplicative,0,0,0,fractal,1,0.177827941003892,373,frequent
49097765,2026_09_09 19:56:45,184714_353,353,"Basemap 1 experiment, mutation magnitude and rate",22,1,227,2,20000,1405.91239235663,1,0.05,0,10,0.005,140,-10,10,3000,1,FALSE,multiplicative,0,0,0,fractal,1,0.0316227766016838,353,frequent
59108545,2026_09_09 19:58:39,184714_398,398,"Basemap 1 experiment, mutation magnitude and rate",107,1,397,2,20000,1815.12848889598,1,0.05,0,10,0.005,140,-10,10,3000,1,FALSE,multiplicative,0.1,0.4,5,fractal,0.1,1,398,frequent
86312515,2026_09_09 19:58:39,184714_392,392,"Basemap 1 experiment, mutation magnitude and rate",38,1,259,2,20000,760.415213867477,1,0.05,0,10,0.005,140,-10,10,3000,1,FALSE,multiplicative,0,0,0,fractal,1,1,392,frequent
65759370,2026_09_09 19:58:39,184714_391,391,"Basemap 1 experiment, mutation magnitude and rate",108,1,399,2,20000,979.701436530544,1,0.05,0,10,0.005,140,-10,10,3000,1,FALSE,multiplicative,0,0,0,fractal,1,1,391,frequent
40926966,2026_09_09 19:58:39,184714_396,396,"Basemap 1 experiment, mutation magnitude and rate",88,1,359,2,20000,14.8311357768182,1,0.05,0,10,0.005,140,-10,10,3000,1,FALSE,multiplicative,0.1,0.4,5,fractal,0.1,1,396,frequent
60324602,2026_09_09 19:58:39,184714_390,390,"Basemap 1 experiment, mutation magnitude and rate",107,1,397,2,20000,1815.12848889598,1,0.05,0,10,0.005,140,-10,10,3000,1,FALSE,multiplicative,0,0,0,fractal,1,1,390,frequent
68509828,2026_09_09 19:58:39,184714_394,394,"Basemap 1 experiment, mutation magnitude and rate",31,1,245,2,20000,1482.72976514484,1,0.05,0,10,0.005,140,-10,10,3000,1,FALSE,multiplicative,0.1,0.4,5,fractal,0.1,1,394,frequent
27540956,2026_09_09 19:58:39,184714_397,397,"Basemap 1 experiment, mutation magnitude and rate",34,1,251,2,20000,2354.09468048382,1,0.05,0,10,0.005,140,-10,10,3000,1,FALSE,multiplicative,0.1,0.4,5,fractal,0.1,1,397,frequent
71189853,2026_09_09 19:58:39,184714_395,395,"Basemap 1 experiment, mutation magnitude and rate",91,1,365,2,20000,15.5011546902045,1,0.05,0,10,0.005,140,-10,10,3000,1,FALSE,multiplicative,0.1,0.4,5,fractal,0.1,1,395,frequent
63682115,2026_09_09 19:58:39,184714_393,393,"Basemap 1 experiment, mutation magnitude and rate",22,1,227,2,20000,1405.91239235663,1,0.05,0,10,0.005,140,-10,10,3000,1,FALSE,multiplicative,0.1,0.4,5,fractal,0.1,1,393,frequent
39800333,2026_09_09 19:58:40,184714_378,378,"Basemap 1 experiment, mutation magnitude and rate",31,1,245,2,20000,1482.72976514484,1,0.05,0,10,0.005,140,-10,10,3000,1,FALSE,multiplicative,0.1,0.4,5,fractal,0.1,0.177827941003892,378,frequent
21439140,2026_09_09 19:58:42,184714_399,399,"Basemap 1 experiment, mutation magnitude and rate",108,1,399,2,20000,979.701436530544,1,0.05,0,10,0.005,140,-10,10,3000,1,FALSE,multiplicative,0.1,0.4,5,fractal,0.1,1,399,frequent
79213230,2026_09_09 19:58:42,184714_380,380,"Basemap 1 experiment, mutation magnitude and rate",88,1,359,2,20000,14.8311357768182,1,0.05,0,10,0.005,140,-10,10,3000,1,FALSE,multiplicative,0.1,0.4,5,fractal,0.1,0.177827941003892,380,frequent
52015451,2026_09_09 19:58:43,184714_389,389,"Basemap 1 experiment, mutation magnitude and rate",34,1,251,2,20000,2354.09468048382,1,0.05,0,10,0.005,140,-10,10,3000,1,FALSE,multiplicative,0,0,0,fractal,1,1,389,frequent
15663087,2026_09_09 19:58:43,184714_381,381,"Basemap 1 experiment, mutation magnitude and rate",34,1,251,2,20000,2354.09468048382,1,0.05,0,10,0.005,140,-10,10,3000,1,FALSE,multiplicative,0.1,0.4,5,fractal,0.1,0.177827941003892,381,frequent
89219568,2026_09_09 19:58:43,184714_384,384,"Basemap 1 experiment, mutation magnitude and rate",38,1,259,2,20000,760.415213867477,1,0.05,0,10,0.005,140,-10,10,3000,1,FALSE,multiplicative,0.1,0.4,5,fractal,0.1,0.177827941003892,384,frequent
14424603,2026_09_09 19:58:43,184714_386,386,"Basemap 1 experiment, mutation magnitude and rate",31,1,245,2,20000,1482.72976514484,1,0.05,0,10,0.005,140,-10,10,3000,1,FALSE,multiplicative,0,0,0,fractal,1,1,386,frequent
78351691,2026_09_09 19:58:43,184714_383,383,"Basemap 1 experiment, mutation magnitude and rate",108,1,399,2,20000,979.701436530544,1,0.05,0,10,0.005,140,-10,10,3000,1,FALSE,multiplicative,0.1,0.4,5,fractal,0.1,0.177827941003892,383,frequent
65413730,2026_09_09 19:58:43,184714_385,385,"Basemap 1 experiment, mutation magnitude and rate",22,1,227,2,20000,1405.91239235663,1,0.05,0,10,0.005,140,-10,10,3000,1,FALSE,multiplicative,0,0,0,fractal,1,1,385,frequent
53832162,2026_09_09 19:58:43,184714_382,382,"Basemap 1 experiment, mutation magnitude and rate",107,1,397,2,20000,1815.12848889598,1,0.05,0,10,0.005,140,-10,10,3000,1,FALSE,multiplicative,0.1,0.4,5,fractal,0.1,0.177827941003892,382,frequent
44878637,2026_09_09 19:58:44,184714_388,388,"Basemap 1 experiment, mutation magnitude and rate",88,1,359,2,20000,14.8311357768182,1,0.05,0,10,0.005,140,-10,10,3000,1,FALSE,multiplicative,0,0,0,fractal,1,1,388,frequent
51802204,2026_09_09 19:58:45,184714_387,387,"Basemap 1 experiment, mutation magnitude and rate",91,1,365,2,20000,15.5011546902045,1,0.05,0,10,0.005,140,-10,10,3000,1,FALSE,multiplicative,0,0,0,fractal,1,1,387,frequent
29928287,2026_09_09 19:58:47,184714_379,379,"Basemap 1 experiment, mutation magnitude and rate",91,1,365,2,20000,15.5011546902045,1,0.05,0,10,0.005,140,-10,10,3000,1,FALSE,multiplicative,0.1,0.4,5,fractal,0.1,0.177827941003892,379,frequent
76648269,2026_09_09 20:02:17,184714_409,409,"Basemap 1 experiment, mutation magnitude and rate",22,1,227,2,20000,1405.91239235663,0.001,0.05,0,10,0.005,140,-10,10,3000,1,FALSE,multiplicative,0.1,0.4,5,fractal,0.1,0.001,409,rare
81366016,2026_09_09 20:02:17,184714_410,410,"Basemap 1 experiment, mutation magnitude and rate",31,1,245,2,20000,1482.72976514484,0.001,0.05,0,10,0.005,140,-10,10,3000,1,FALSE,multiplicative,0.1,0.4,5,fractal,0.1,0.001,410,rare
82850981,2026_09_09 20:02:17,184714_408,408,"Basemap 1 experiment, mutation magnitude and rate",38,1,259,2,20000,760.415213867477,0.001,0.05,0,10,0.005,140,-10,10,3000,1,FALSE,multiplicative,0,0,0,fractal,1,0.001,408,rare
94595792,2026_09_09 20:02:17,184714_405,405,"Basemap 1 experiment, mutation magnitude and rate",34,1,251,2,20000,2354.09468048382,0.001,0.05,0,10,0.005,140,-10,10,3000,1,FALSE,multiplicative,0,0,0,fractal,1,0.001,405,rare
18625715,2026_09_09 20:02:18,184714_406,406,"Basemap 1 experiment, mutation magnitude and rate",107,1,397,2,20000,1815.12848889598,0.001,0.05,0,10,0.005,140,-10,10,3000,1,FALSE,multiplicative,0,0,0,fractal,1,0.001,406,rare
75059838,2026_09_09 20:02:18,184714_407,407,"Basemap 1 experiment, mutation magnitude and rate",108,1,399,2,20000,979.701436530544,0.001,0.05,0,10,0.005,140,-10,10,3000,1,FALSE,multiplicative,0,0,0,fractal,1,0.001,407,rare
75723189,2026_09_09 20:02:19,184714_412,412,"Basemap 1 experiment, mutation magnitude and rate",88,1,359,2,20000,14.8311357768182,0.001,0.05,0,10,0.005,140,-10,10,3000,1,FALSE,multiplicative,0.1,0.4,5,fractal,0.1,0.001,412,rare
63754475,2026_09_09 20:02:19,184714_411,411,"Basemap 1 experiment, mutation magnitude and rate",91,1,365,2,20000,15.5011546902045,0.001,0.05,0,10,0.005,140,-10,10,3000,1,FALSE,multiplicative,0.1,0.4,5,fractal,0.1,0.001,411,rare
39564465,2026_09_09 20:02:19,184714_404,404,"Basemap 1 experiment, mutation magnitude and rate",88,1,359,2,20000,14.8311357768182,0.001,0.05,0,10,0.005,140,-10,10,3000,1,FALSE,multiplicative,0,0,0,fractal,1,0.001,404,rare
71946494,2026_09_09 20:02:20,184714_400,400,"Basemap 1 experiment, mutation magnitude and rate",38,1,259,2,20000,760.415213867477,1,0.05,0,10,0.005,140,-10,10,3000,1,FALSE,multiplicative,0.1,0.4,5,fractal,0.1,1,400,frequent
99443125,2026_09_09 20:02:20,184714_401,401,"Basemap 1 experiment, mutation magnitude and rate",22,1,227,2,20000,1405.91239235663,0.001,0.05,0,10,0.005,140,-10,10,3000,1,FALSE,multiplicative,0,0,0,fractal,1,0.001,401,rare
72686326,2026_09_09 20:02:20,184714_415,415,"Basemap 1 experiment, mutation magnitude and rate",108,1,399,2,20000,979.701436530544,0.001,0.05,0,10,0.005,140,-10,10,3000,1,FALSE,multiplicative,0.1,0.4,5,fractal,0.1,0.001,415,rare
47204934,2026_09_09 20:02:20,184714_419,419,"Basemap 1 experiment, mutation magnitude and rate",91,1,365,2,20000,15.5011546902045,0.001,0.05,0,10,0.005,140,-10,10,3000,1,FALSE,multiplicative,0,0,0,fractal,1,0.01,419,rare
53323714,2026_09_09 20:02:20,184714_418,418,"Basemap 1 experiment, mutation magnitude and rate",31,1,245,2,20000,1482.72976514484,0.001,0.05,0,10,0.005,140,-10,10,3000,1,FALSE,multiplicative,0,0,0,fractal,1,0.01,418,rare
77884762,2026_09_09 20:02:20,184714_417,417,"Basemap 1 experiment, mutation magnitude and rate",22,1,227,2,20000,1405.91239235663,0.001,0.05,0,10,0.005,140,-10,10,3000,1,FALSE,multiplicative,0,0,0,fractal,1,0.01,417,rare
71609572,2026_09_09 20:02:20,184714_414,414,"Basemap 1 experiment, mutation magnitude and rate",107,1,397,2,20000,1815.12848889598,0.001,0.05,0,10,0.005,140,-10,10,3000,1,FALSE,multiplicative,0.1,0.4,5,fractal,0.1,0.001,414,rare
45788226,2026_09_09 20:02:20,184714_416,416,"Basemap 1 experiment, mutation magnitude and rate",38,1,259,2,20000,760.415213867477,0.001,0.05,0,10,0.005,140,-10,10,3000,1,FALSE,multiplicative,0.1,0.4,5,fractal,0.1,0.001,416,rare
19744564,2026_09_09 20:02:20,184714_413,413,"Basemap 1 experiment, mutation magnitude and rate",34,1,251,2,20000,2354.09468048382,0.001,0.05,0,10,0.005,140,-10,10,3000,1,FALSE,multiplicative,0.1,0.4,5,fractal,0.1,0.001,413,rare
74556386,2026_09_09 20:02:21,184714_427,427,"Basemap 1 experiment, mutation magnitude and rate",91,1,365,2,20000,15.5011546902045,0.001,0.05,0,10,0.005,140,-10,10,3000,1,FALSE,multiplicative,0.1,0.4,5,fractal,0.1,0.01,427,rare
96339341,2026_09_09 20:02:21,184714_420,420,"Basemap 1 experiment, mutation magnitude and rate",88,1,359,2,20000,14.8311357768182,0.001,0.05,0,10,0.005,140,-10,10,3000,1,FALSE,multiplicative,0,0,0,fractal,1,0.01,420,rare
56659073,2026_09_09 20:02:21,184714_428,428,"Basemap 1 experiment, mutation magnitude and rate",88,1,359,2,20000,14.8311357768182,0.001,0.05,0,10,0.005,140,-10,10,3000,1,FALSE,multiplicative,0.1,0.4,5,fractal,0.1,0.01,428,rare
36552870,2026_09_09 20:02:22,184714_402,402,"Basemap 1 experiment, mutation magnitude and rate",31,1,245,2,20000,1482.72976514484,0.001,0.05,0,10,0.005,140,-10,10,3000,1,FALSE,multiplicative,0,0,0,fractal,1,0.001,402,rare
64086317,2026_09_09 20:02:22,184714_403,403,"Basemap 1 experiment, mutation magnitude and rate",91,1,365,2,20000,15.5011546902045,0.001,0.05,0,10,0.005,140,-10,10,3000,1,FALSE,multiplicative,0,0,0,fractal,1,0.001,403,rare
29744109,2026_09_09 20:02:23,184714_422,422,"Basemap 1 experiment, mutation magnitude and rate",107,1,397,2,20000,1815.12848889598,0.001,0.05,0,10,0.005,140,-10,10,3000,1,FALSE,multiplicative,0,0,0,fractal,1,0.01,422,rare
13361673,2026_09_09 20:02:23,184714_423,423,"Basemap 1 experiment, mutation magnitude and rate",108,1,399,2,20000,979.701436530544,0.001,0.05,0,10,0.005,140,-10,10,3000,1,FALSE,multiplicative,0,0,0,fractal,1,0.01,423,rare
92197291,2026_09_09 20:02:28,184714_421,421,"Basemap 1 experiment, mutation magnitude and rate",34,1,251,2,20000,2354.09468048382,0.001,0.05,0,10,0.005,140,-10,10,3000,1,FALSE,multiplicative,0,0,0,fractal,1,0.01,421,rare
96499127,2026_09_09 20:02:35,184714_424,424,"Basemap 1 experiment, mutation magnitude and rate",38,1,259,2,20000,760.415213867477,0.001,0.05,0,10,0.005,140,-10,10,3000,1,FALSE,multiplicative,0,0,0,fractal,1,0.01,424,rare
99871377,2026_09_09 20:02:37,184714_425,425,"Basemap 1 experiment, mutation magnitude and rate",22,1,227,2,20000,1405.91239235663,0.001,0.05,0,10,0.005,140,-10,10,3000,1,FALSE,multiplicative,0.1,0.4,5,fractal,0.1,0.01,425,rare
99839456,2026_09_09 20:02:37,184714_426,426,"Basemap 1 experiment, mutation magnitude and rate",31,1,245,2,20000,1482.72976514484,0.001,0.05,0,10,0.005,140,-10,10,3000,1,FALSE,multiplicative,0.1,0.4,5,fractal,0.1,0.01,426,rare
81617858,2026_09_09 20:04:49,184714_441,441,"Basemap 1 experiment, mutation magnitude and rate",22,1,227,2,20000,1405.91239235663,0.001,0.05,0,10,0.005,140,-10,10,3000,1,FALSE,multiplicative,0.1,0.4,5,fractal,0.1,0.1,441,rare
40993956,2026_09_09 20:04:51,184714_438,438,"Basemap 1 experiment, mutation magnitude and rate",107,1,397,2,20000,1815.12848889598,0.001,0.05,0,10,0.005,140,-10,10,3000,1,FALSE,multiplicative,0,0,0,fractal,1,0.1,438,rare
71711295,2026_09_09 20:04:51,184714_433,433,"Basemap 1 experiment, mutation magnitude and rate",22,1,227,2,20000,1405.91239235663,0.001,0.05,0,10,0.005,140,-10,10,3000,1,FALSE,multiplicative,0,0,0,fractal,1,0.1,433,rare
63780880,2026_09_09 20:04:52,184714_443,443,"Basemap 1 experiment, mutation magnitude and rate",91,1,365,2,20000,15.5011546902045,0.001,0.05,0,10,0.005,140,-10,10,3000,1,FALSE,multiplicative,0.1,0.4,5,fractal,0.1,0.1,443,rare
31794605,2026_09_09 20:04:52,184714_444,444,"Basemap 1 experiment, mutation magnitude and rate",88,1,359,2,20000,14.8311357768182,0.001,0.05,0,10,0.005,140,-10,10,3000,1,FALSE,multiplicative,0.1,0.4,5,fractal,0.1,0.1,444,rare
87210766,2026_09_09 20:04:52,184714_445,445,"Basemap 1 experiment, mutation magnitude and rate",34,1,251,2,20000,2354.09468048382,0.001,0.05,0,10,0.005,140,-10,10,3000,1,FALSE,multiplicative,0.1,0.4,5,fractal,0.1,0.1,445,rare
27215832,2026_09_09 20:04:52,184714_442,442,"Basemap 1 experiment, mutation magnitude and rate",31,1,245,2,20000,1482.72976514484,0.001,0.05,0,10,0.005,140,-10,10,3000,1,FALSE,multiplicative,0.1,0.4,5,fractal,0.1,0.1,442,rare
78197061,2026_09_09 20:04:52,184714_437,437,"Basemap 1 experiment, mutation magnitude and rate",34,1,251,2,20000,2354.09468048382,0.001,0.05,0,10,0.005,140,-10,10,3000,1,FALSE,multiplicative,0,0,0,fractal,1,0.1,437,rare
24896888,2026_09_09 20:04:52,184714_434,434,"Basemap 1 experiment, mutation magnitude and rate",31,1,245,2,20000,1482.72976514484,0.001,0.05,0,10,0.005,140,-10,10,3000,1,FALSE,multiplicative,0,0,0,fractal,1,0.1,434,rare
94826413,2026_09_09 20:04:52,184714_435,435,"Basemap 1 experiment, mutation magnitude and rate",91,1,365,2,20000,15.5011546902045,0.001,0.05,0,10,0.005,140,-10,10,3000,1,FALSE,multiplicative,0,0,0,fractal,1,0.1,435,rare
52760126,2026_09_09 20:04:52,184714_436,436,"Basemap 1 experiment, mutation magnitude and rate",88,1,359,2,20000,14.8311357768182,0.001,0.05,0,10,0.005,140,-10,10,3000,1,FALSE,multiplicative,0,0,0,fractal,1,0.1,436,rare
81171097,2026_09_09 20:04:53,184714_450,450,"Basemap 1 experiment, mutation magnitude and rate",31,1,245,2,20000,1482.72976514484,0.01,0.05,0,10,0.005,140,-10,10,3000,1,FALSE,multiplicative,0,0,0,fractal,1,0.001,450,rare
44024790,2026_09_09 20:04:53,184714_451,451,"Basemap 1 experiment, mutation magnitude and rate",91,1,365,2,20000,15.5011546902045,0.01,0.05,0,10,0.005,140,-10,10,3000,1,FALSE,multiplicative,0,0,0,fractal,1,0.001,451,rare
30918710,2026_09_09 20:04:53,184714_440,440,"Basemap 1 experiment, mutation magnitude and rate",38,1,259,2,20000,760.415213867477,0.001,0.05,0,10,0.005,140,-10,10,3000,1,FALSE,multiplicative,0,0,0,fractal,1,0.1,440,rare
32159927,2026_09_09 20:04:53,184714_439,439,"Basemap 1 experiment, mutation magnitude and rate",108,1,399,2,20000,979.701436530544,0.001,0.05,0,10,0.005,140,-10,10,3000,1,FALSE,multiplicative,0,0,0,fractal,1,0.1,439,rare
56766359,2026_09_09 20:04:53,184714_457,457,"Basemap 1 experiment, mutation magnitude and rate",22,1,227,2,20000,1405.91239235663,0.01,0.05,0,10,0.005,140,-10,10,3000,1,FALSE,multiplicative,0.1,0.4,5,fractal,0.1,0.001,457,rare
61836912,2026_09_09 20:04:53,184714_456,456,"Basemap 1 experiment, mutation magnitude and rate",38,1,259,2,20000,760.415213867477,0.01,0.05,0,10,0.005,140,-10,10,3000,1,FALSE,multiplicative,0,0,0,fractal,1,0.001,456,rare
44757480,2026_09_09 20:04:53,184714_458,458,"Basemap 1 experiment, mutation magnitude and rate",31,1,245,2,20000,1482.72976514484,0.01,0.05,0,10,0.005,140,-10,10,3000,1,FALSE,multiplicative,0.1,0.4,5,fractal,0.1,0.001,458,rare
64840577,2026_09_09 20:04:53,184714_460,460,"Basemap 1 experiment, mutation magnitude and rate",88,1,359,2,20000,14.8311357768182,0.01,0.05,0,10,0.005,140,-10,10,3000,1,FALSE,multiplicative,0.1,0.4,5,fractal,0.1,0.001,460,rare
56408720,2026_09_09 20:04:53,184714_459,459,"Basemap 1 experiment, mutation magnitude and rate",91,1,365,2,20000,15.5011546902045,0.01,0.05,0,10,0.005,140,-10,10,3000,1,FALSE,multiplicative,0.1,0.4,5,fractal,0.1,0.001,459,rare
30445263,2026_09_09 20:04:53,184714_453,453,"Basemap 1 experiment, mutation magnitude and rate",34,1,251,2,20000,2354.09468048382,0.01,0.05,0,10,0.005,140,-10,10,3000,1,FALSE,multiplicative,0,0,0,fractal,1,0.001,453,rare
18426445,2026_09_09 20:04:53,184714_454,454,"Basemap 1 experiment, mutation magnitude and rate",107,1,397,2,20000,1815.12848889598,0.01,0.05,0,10,0.005,140,-10,10,3000,1,FALSE,multiplicative,0,0,0,fractal,1,0.001,454,rare
20981996,2026_09_09 20:04:53,184714_452,452,"Basemap 1 experiment, mutation magnitude and rate",88,1,359,2,20000,14.8311357768182,0.01,0.05,0,10,0.005,140,-10,10,3000,1,FALSE,multiplicative,0,0,0,fractal,1,0.001,452,rare
66159389,2026_09_09 20:04:54,184714_455,455,"Basemap 1 experiment, mutation magnitude and rate",108,1,399,2,20000,979.701436530544,0.01,0.05,0,10,0.005,140,-10,10,3000,1,FALSE,multiplicative,0,0,0,fractal,1,0.001,455,rare
28296142,2026_09_09 20:04:55,184714_432,432,"Basemap 1 experiment, mutation magnitude and rate",38,1,259,2,20000,760.415213867477,0.001,0.05,0,10,0.005,140,-10,10,3000,1,FALSE,multiplicative,0.1,0.4,5,fractal,0.1,0.01,432,rare
60261641,2026_09_09 20:04:55,184714_429,429,"Basemap 1 experiment, mutation magnitude and rate",34,1,251,2,20000,2354.09468048382,0.001,0.05,0,10,0.005,140,-10,10,3000,1,FALSE,multiplicative,0.1,0.4,5,fractal,0.1,0.01,429,rare
35398370,2026_09_09 20:04:55,184714_431,431,"Basemap 1 experiment, mutation magnitude and rate",108,1,399,2,20000,979.701436530544,0.001,0.05,0,10,0.005,140,-10,10,3000,1,FALSE,multiplicative,0.1,0.4,5,fractal,0.1,0.01,431,rare
85060304,2026_09_09 20:04:55,184714_430,430,"Basemap 1 experiment, mutation magnitude and rate",107,1,397,2,20000,1815.12848889598,0.001,0.05,0,10,0.005,140,-10,10,3000,1,FALSE,multiplicative,0.1,0.4,5,fractal,0.1,0.01,430,rare
30477567,2026_09_09 20:04:56,184714_448,448,"Basemap 1 experiment, mutation magnitude and rate",38,1,259,2,20000,760.415213867477,0.001,0.05,0,10,0.005,140,-10,10,3000,1,FALSE,multiplicative,0.1,0.4,5,fractal,0.1,0.1,448,rare
61536436,2026_09_09 20:04:56,184714_447,447,"Basemap 1 experiment, mutation magnitude and rate",108,1,399,2,20000,979.701436530544,0.001,0.05,0,10,0.005,140,-10,10,3000,1,FALSE,multiplicative,0.1,0.4,5,fractal,0.1,0.1,447,rare
49181574,2026_09_09 20:04:56,184714_446,446,"Basemap 1 experiment, mutation magnitude and rate",107,1,397,2,20000,1815.12848889598,0.001,0.05,0,10,0.005,140,-10,10,3000,1,FALSE,multiplicative,0.1,0.4,5,fractal,0.1,0.1,446,rare
64609369,2026_09_09 20:04:56,184714_449,449,"Basemap 1 experiment, mutation magnitude and rate",22,1,227,2,20000,1405.91239235663,0.01,0.05,0,10,0.005,140,-10,10,3000,1,FALSE,multiplicative,0,0,0,fractal,1,0.001,449,rare
84204514,2026_09_09 20:06:44,184714_462,462,"Basemap 1 experiment, mutation magnitude and rate",107,1,397,2,20000,1815.12848889598,0.01,0.05,0,10,0.005,140,-10,10,3000,1,FALSE,multiplicative,0.1,0.4,5,fractal,0.1,0.001,462,rare
42841963,2026_09_09 20:06:45,184714_461,461,"Basemap 1 experiment, mutation magnitude and rate",34,1,251,2,20000,2354.09468048382,0.01,0.05,0,10,0.005,140,-10,10,3000,1,FALSE,multiplicative,0.1,0.4,5,fractal,0.1,0.001,461,rare
17338133,2026_09_09 20:06:46,184714_474,474,"Basemap 1 experiment, mutation magnitude and rate",31,1,245,2,20000,1482.72976514484,0.01,0.05,0,10,0.005,140,-10,10,3000,1,FALSE,multiplicative,0.1,0.4,5,fractal,0.1,0.01,474,rare
43059702,2026_09_09 20:06:47,184714_470,470,"Basemap 1 experiment, mutation magnitude and rate",107,1,397,2,20000,1815.12848889598,0.01,0.05,0,10,0.005,140,-10,10,3000,1,FALSE,multiplicative,0,0,0,fractal,1,0.01,470,rare
65194890,2026_09_09 20:06:48,184714_466,466,"Basemap 1 experiment, mutation magnitude and rate",31,1,245,2,20000,1482.72976514484,0.01,0.05,0,10,0.005,140,-10,10,3000,1,FALSE,multiplicative,0,0,0,fractal,1,0.01,466,rare
33660756,2026_09_09 20:06:48,184714_467,467,"Basemap 1 experiment, mutation magnitude and rate",91,1,365,2,20000,15.5011546902045,0.01,0.05,0,10,0.005,140,-10,10,3000,1,FALSE,multiplicative,0,0,0,fractal,1,0.01,467,rare
46140062,2026_09_09 20:06:49,184714_475,475,"Basemap 1 experiment, mutation magnitude and rate",91,1,365,2,20000,15.5011546902045,0.01,0.05,0,10,0.005,140,-10,10,3000,1,FALSE,multiplicative,0.1,0.4,5,fractal,0.1,0.01,475,rare
32457269,2026_09_09 20:06:49,184714_473,473,"Basemap 1 experiment, mutation magnitude and rate",22,1,227,2,20000,1405.91239235663,0.01,0.05,0,10,0.005,140,-10,10,3000,1,FALSE,multiplicative,0.1,0.4,5,fractal,0.1,0.01,473,rare
11622827,2026_09_09 20:06:49,184714_465,465,"Basemap 1 experiment, mutation magnitude and rate",22,1,227,2,20000,1405.91239235663,0.01,0.05,0,10,0.005,140,-10,10,3000,1,FALSE,multiplicative,0,0,0,fractal,1,0.01,465,rare
32350524,2026_09_09 20:06:50,184714_468,468,"Basemap 1 experiment, mutation magnitude and rate",88,1,359,2,20000,14.8311357768182,0.01,0.05,0,10,0.005,140,-10,10,3000,1,FALSE,multiplicative,0,0,0,fractal,1,0.01,468,rare
90714476,2026_09_09 20:06:50,184714_469,469,"Basemap 1 experiment, mutation magnitude and rate",34,1,251,2,20000,2354.09468048382,0.01,0.05,0,10,0.005,140,-10,10,3000,1,FALSE,multiplicative,0,0,0,fractal,1,0.01,469,rare
37100423,2026_09_09 20:06:50,184714_464,464,"Basemap 1 experiment, mutation magnitude and rate",38,1,259,2,20000,760.415213867477,0.01,0.05,0,10,0.005,140,-10,10,3000,1,FALSE,multiplicative,0.1,0.4,5,fractal,0.1,0.001,464,rare
83490766,2026_09_09 20:06:50,184714_463,463,"Basemap 1 experiment, mutation magnitude and rate",108,1,399,2,20000,979.701436530544,0.01,0.05,0,10,0.005,140,-10,10,3000,1,FALSE,multiplicative,0.1,0.4,5,fractal,0.1,0.001,463,rare
13639348,2026_09_09 20:06:51,184714_477,477,"Basemap 1 experiment, mutation magnitude and rate",34,1,251,2,20000,2354.09468048382,0.01,0.05,0,10,0.005,140,-10,10,3000,1,FALSE,multiplicative,0.1,0.4,5,fractal,0.1,0.01,477,rare
79861197,2026_09_09 20:06:51,184714_479,479,"Basemap 1 experiment, mutation magnitude and rate",108,1,399,2,20000,979.701436530544,0.01,0.05,0,10,0.005,140,-10,10,3000,1,FALSE,multiplicative,0.1,0.4,5,fractal,0.1,0.01,479,rare
48233883,2026_09_09 20:06:51,184714_478,478,"Basemap 1 experiment, mutation magnitude and rate",107,1,397,2,20000,1815.12848889598,0.01,0.05,0,10,0.005,140,-10,10,3000,1,FALSE,multiplicative,0.1,0.4,5,fractal,0.1,0.01,478,rare
73317852,2026_09_09 20:06:51,184714_476,476,"Basemap 1 experiment, mutation magnitude and rate",88,1,359,2,20000,14.8311357768182,0.01,0.05,0,10,0.005,140,-10,10,3000,1,FALSE,multiplicative,0.1,0.4,5,fractal,0.1,0.01,476,rare
97271459,2026_09_09 20:06:54,184714_471,471,"Basemap 1 experiment, mutation magnitude and rate",108,1,399,2,20000,979.701436530544,0.01,0.05,0,10,0.005,140,-10,10,3000,1,FALSE,multiplicative,0,0,0,fractal,1,0.01,471,rare
34383053,2026_09_09 20:06:54,184714_472,472,"Basemap 1 experiment, mutation magnitude and rate",38,1,259,2,20000,760.415213867477,0.01,0.05,0,10,0.005,140,-10,10,3000,1,FALSE,multiplicative,0,0,0,fractal,1,0.01,472,rare
34359661,2026_09_09 20:09:05,184714_484,484,"Basemap 1 experiment, mutation magnitude and rate",88,1,359,2,20000,14.8311357768182,0.01,0.05,0,10,0.005,140,-10,10,3000,1,FALSE,multiplicative,0,0,0,fractal,1,0.1,484,rare
88976415,2026_09_09 20:09:05,184714_482,482,"Basemap 1 experiment, mutation magnitude and rate",31,1,245,2,20000,1482.72976514484,0.01,0.05,0,10,0.005,140,-10,10,3000,1,FALSE,multiplicative,0,0,0,fractal,1,0.1,482,rare
89392167,2026_09_09 20:09:05,184714_483,483,"Basemap 1 experiment, mutation magnitude and rate",91,1,365,2,20000,15.5011546902045,0.01,0.05,0,10,0.005,140,-10,10,3000,1,FALSE,multiplicative,0,0,0,fractal,1,0.1,483,rare
95732208,2026_09_09 20:09:07,184714_497,497,"Basemap 1 experiment, mutation magnitude and rate",22,1,227,2,20000,1405.91239235663,0.1,0.05,0,10,0.005,140,-10,10,3000,1,FALSE,multiplicative,0,0,0,fractal,1,0.001,497,rare
76404469,2026_09_09 20:09:08,184714_493,493,"Basemap 1 experiment, mutation magnitude and rate",34,1,251,2,20000,2354.09468048382,0.01,0.05,0,10,0.005,140,-10,10,3000,1,FALSE,multiplicative,0.1,0.4,5,fractal,0.1,0.1,493,rare
91654925,2026_09_09 20:09:08,184714_480,480,"Basemap 1 experiment, mutation magnitude and rate",38,1,259,2,20000,760.415213867477,0.01,0.05,0,10,0.005,140,-10,10,3000,1,FALSE,multiplicative,0.1,0.4,5,fractal,0.1,0.01,480,rare
42195474,2026_09_09 20:09:09,184714_481,481,"Basemap 1 experiment, mutation magnitude and rate",22,1,227,2,20000,1405.91239235663,0.01,0.05,0,10,0.005,140,-10,10,3000,1,FALSE,multiplicative,0,0,0,fractal,1,0.1,481,rare
72778242,2026_09_09 20:09:09,184714_502,502,"Basemap 1 experiment, mutation magnitude and rate",107,1,397,2,20000,1815.12848889598,0.1,0.05,0,10,0.005,140,-10,10,3000,1,FALSE,multiplicative,0,0,0,fractal,1,0.001,502,rare
40073423,2026_09_09 20:09:09,184714_501,501,"Basemap 1 experiment, mutation magnitude and rate",34,1,251,2,20000,2354.09468048382,0.1,0.05,0,10,0.005,140,-10,10,3000,1,FALSE,multiplicative,0,0,0,fractal,1,0.001,501,rare
63310648,2026_09_09 20:09:09,184714_503,503,"Basemap 1 experiment, mutation magnitude and rate",108,1,399,2,20000,979.701436530544,0.1,0.05,0,10,0.005,140,-10,10,3000,1,FALSE,multiplicative,0,0,0,fractal,1,0.001,503,rare
90352634,2026_09_09 20:09:09,184714_500,500,"Basemap 1 experiment, mutation magnitude and rate",88,1,359,2,20000,14.8311357768182,0.1,0.05,0,10,0.005,140,-10,10,3000,1,FALSE,multiplicative,0,0,0,fractal,1,0.001,500,rare
88633626,2026_09_09 20:09:09,184714_488,488,"Basemap 1 experiment, mutation magnitude and rate",38,1,259,2,20000,760.415213867477,0.01,0.05,0,10,0.005,140,-10,10,3000,1,FALSE,multiplicative,0,0,0,fractal,1,0.1,488,rare
81921723,2026_09_09 20:09:09,184714_498,498,"Basemap 1 experiment, mutation magnitude and rate",31,1,245,2,20000,1482.72976514484,0.1,0.05,0,10,0.005,140,-10,10,3000,1,FALSE,multiplicative,0,0,0,fractal,1,0.001,498,rare
96650022,2026_09_09 20:09:10,184714_487,487,"Basemap 1 experiment, mutation magnitude and rate",108,1,399,2,20000,979.701436530544,0.01,0.05,0,10,0.005,140,-10,10,3000,1,FALSE,multiplicative,0,0,0,fractal,1,0.1,487,rare
41132769,2026_09_09 20:09:10,184714_499,499,"Basemap 1 experiment, mutation magnitude and rate",91,1,365,2,20000,15.5011546902045,0.1,0.05,0,10,0.005,140,-10,10,3000,1,FALSE,multiplicative,0,0,0,fractal,1,0.001,499,rare
,rare
76622363,2026_09_09 20:09:10,184714_495,495,"Basemap 1 experiment, mutation magnitude and rate",108,1,399,2,20000,979.701436530544,0.01,0.05,0,10,0.005,140,-10,10,3000,1,FALSE,multiplicative,0.1,0.4,5,fractal,0.1,0.1,495,rare
69298277,2026_09_09 20:09:11,184714_496,496,"Basemap 1 experiment, mutation magnitude and rate",38,1,259,2,20000,760.415213867477,0.01,0.05,0,10,0.005,140,-10,10,3000,1,FALSE,multiplicative,0.1,0.4,5,fractal,0.1,0.1,496,rare
54610542,2026_09_09 20:09:11,184714_504,504,"Basemap 1 experiment, mutation magnitude and rate",38,1,259,2,20000,760.415213867477,0.1,0.05,0,10,0.005,140,-10,10,3000,1,FALSE,multiplicative,0,0,0,fractal,1,0.001,504,rare
12995237,2026_09_09 20:09:12,184714_485,485,"Basemap 1 experiment, mutation magnitude and rate",34,1,251,2,20000,2354.09468048382,0.01,0.05,0,10,0.005,140,-10,10,3000,1,FALSE,multiplicative,0,0,0,fractal,1,0.1,485,rare
70551419,2026_09_09 20:09:12,184714_486,486,"Basemap 1 experiment, mutation magnitude and rate",107,1,397,2,20000,1815.12848889598,0.01,0.05,0,10,0.005,140,-10,10,3000,1,FALSE,multiplicative,0,0,0,fractal,1,0.1,486,rare
67526405,2026_09_09 20:09:14,184714_490,490,"Basemap 1 experiment, mutation magnitude and rate",31,1,245,2,20000,1482.72976514484,0.01,0.05,0,10,0.005,140,-10,10,3000,1,FALSE,multiplicative,0.1,0.4,5,fractal,0.1,0.1,490,rare
75112363,2026_09_09 20:09:14,184714_489,489,"Basemap 1 experiment, mutation magnitude and rate",22,1,227,2,20000,1405.91239235663,0.01,0.05,0,10,0.005,140,-10,10,3000,1,FALSE,multiplicative,0.1,0.4,5,fractal,0.1,0.1,489,rare
75162058,2026_09_09 20:09:14,184714_491,491,"Basemap 1 experiment, mutation magnitude and rate",91,1,365,2,20000,15.5011546902045,0.01,0.05,0,10,0.005,140,-10,10,3000,1,FALSE,multiplicative,0.1,0.4,5,fractal,0.1,0.1,491,rare
70749502,2026_09_09 20:09:16,184714_492,492,"Basemap 1 experiment, mutation magnitude and rate",88,1,359,2,20000,14.8311357768182,0.01,0.05,0,10,0.005,140,-10,10,3000,1,FALSE,multiplicative,0.1,0.4,5,fractal,0.1,0.1,492,rare
22019286,2026_09_09 20:10:47,184714_506,506,"Basemap 1 experiment, mutation magnitude and rate",31,1,245,2,20000,1482.72976514484,0.1,0.05,0,10,0.005,140,-10,10,3000,1,FALSE,multiplicative,0.1,0.4,5,fractal,0.1,0.001,506,rare
19592088,2026_09_09 20:10:50,184714_509,509,"Basemap 1 experiment, mutation magnitude and rate",34,1,251,2,20000,2354.09468048382,0.1,0.05,0,10,0.005,140,-10,10,3000,1,FALSE,multiplicative,0.1,0.4,5,fractal,0.1,0.001,509,rare
14418161,2026_09_09 20:10:51,184714_505,505,"Basemap 1 experiment, mutation magnitude and rate",22,1,227,2,20000,1405.91239235663,0.1,0.05,0,10,0.005,140,-10,10,3000,1,FALSE,multiplicative,0.1,0.4,5,fractal,0.1,0.001,505,rare
78052614,2026_09_09 20:10:51,184714_515,515,"Basemap 1 experiment, mutation magnitude and rate",91,1,365,2,20000,15.5011546902045,0.1,0.05,0,10,0.005,140,-10,10,3000,1,FALSE,multiplicative,0,0,0,fractal,1,0.01,515,rare
73518795,2026_09_09 20:10:52,184714_508,508,"Basemap 1 experiment, mutation magnitude and rate",88,1,359,2,20000,14.8311357768182,0.1,0.05,0,10,0.005,140,-10,10,3000,1,FALSE,multiplicative,0.1,0.4,5,fractal,0.1,0.001,508,rare
38791570,2026_09_09 20:10:52,184714_512,512,"Basemap 1 experiment, mutation magnitude and rate",38,1,259,2,20000,760.415213867477,0.1,0.05,0,10,0.005,140,-10,10,3000,1,FALSE,multiplicative,0.1,0.4,5,fractal,0.1,0.001,512,rare
88447488,2026_09_09 20:10:52,184714_511,511,"Basemap 1 experiment, mutation magnitude and rate",108,1,399,2,20000,979.701436530544,0.1,0.05,0,10,0.005,140,-10,10,3000,1,FALSE,multiplicative,0.1,0.4,5,fractal,0.1,0.001,511,rare
19553964,2026_09_09 20:10:55,184714_510,510,"Basemap 1 experiment, mutation magnitude and rate",107,1,397,2,20000,1815.12848889598,0.1,0.05,0,10,0.005,140,-10,10,3000,1,FALSE,multiplicative,0.1,0.4,5,fractal,0.1,0.001,510,rare
59425939,2026_09_09 20:10:56,184714_513,513,"Basemap 1 experiment, mutation magnitude and rate",22,1,227,2,20000,1405.91239235663,0.1,0.05,0,10,0.005,140,-10,10,3000,1,FALSE,multiplicative,0,0,0,fractal,1,0.01,513,rare
99589522,2026_09_09 20:10:56,184714_514,514,"Basemap 1 experiment, mutation magnitude and rate",31,1,245,2,20000,1482.72976514484,0.1,0.05,0,10,0.005,140,-10,10,3000,1,FALSE,multiplicative,0,0,0,fractal,1,0.01,514,rare
18065819,2026_09_09 20:13:30,184714_536,536,"Basemap 1 experiment, mutation magnitude and rate",38,1,259,2,20000,760.415213867477,0.1,0.05,0,10,0.005,140,-10,10,3000,1,FALSE,multiplicative,0,0,0,fractal,1,0.1,536,rare
54816119,2026_09_09 20:13:32,184714_529,529,"Basemap 1 experiment, mutation magnitude and rate",22,1,227,2,20000,1405.91239235663,0.1,0.05,0,10,0.005,140,-10,10,3000,1,FALSE,multiplicative,0,0,0,fractal,1,0.1,529,rare
35012945,2026_09_09 20:13:33,184714_521,521,"Basemap 1 experiment, mutation magnitude and rate",22,1,227,2,20000,1405.91239235663,0.1,0.05,0,10,0.005,140,-10,10,3000,1,FALSE,multiplicative,0.1,0.4,5,fractal,0.1,0.01,521,rare
78733100,2026_09_09 20:13:33,184714_516,516,"Basemap 1 experiment, mutation magnitude and rate",88,1,359,2,20000,14.8311357768182,0.1,0.05,0,10,0.005,140,-10,10,3000,1,FALSE,multiplicative,0,0,0,fractal,1,0.01,516,rare
67119258,2026_09_09 20:13:33,184714_526,526,"Basemap 1 experiment, mutation magnitude and rate",107,1,397,2,20000,1815.12848889598,0.1,0.05,0,10,0.005,140,-10,10,3000,1,FALSE,multiplicative,0.1,0.4,5,fractal,0.1,0.01,526,rare
79167775,2026_09_09 20:13:33,184714_527,527,"Basemap 1 experiment, mutation magnitude and rate",108,1,399,2,20000,979.701436530544,0.1,0.05,0,10,0.005,140,-10,10,3000,1,FALSE,multiplicative,0.1,0.4,5,fractal,0.1,0.01,527,rare
32542586,2026_09_09 20:13:33,184714_525,525,"Basemap 1 experiment, mutation magnitude and rate",34,1,251,2,20000,2354.09468048382,0.1,0.05,0,10,0.005,140,-10,10,3000,1,FALSE,multiplicative,0.1,0.4,5,fractal,0.1,0.01,525,rare
38097651,2026_09_09 20:13:33,184714_524,524,"Basemap 1 experiment, mutation magnitude and rate",88,1,359,2,20000,14.8311357768182,0.1,0.05,0,10,0.005,140,-10,10,3000,1,FALSE,multiplicative,0.1,0.4,5,fractal,0.1,0.01,524,rare
10125583,2026_09_09 20:13:33,184714_519,519,"Basemap 1 experiment, mutation magnitude and rate",108,1,399,2,20000,979.701436530544,0.1,0.05,0,10,0.005,140,-10,10,3000,1,FALSE,multiplicative,0,0,0,fractal,1,0.01,519,rare
25227807,2026_09_09 20:13:33,184714_518,518,"Basemap 1 experiment, mutation magnitude and rate",107,1,397,2,20000,1815.12848889598,0.1,0.05,0,10,0.005,140,-10,10,3000,1,FALSE,multiplicative,0,0,0,fractal,1,0.01,518,rare
18664687,2026_09_09 20:13:33,184714_517,517,"Basemap 1 experiment, mutation magnitude and rate",34,1,251,2,20000,2354.09468048382,0.1,0.05,0,10,0.005,140,-10,10,3000,1,FALSE,multiplicative,0,0,0,fractal,1,0.01,517,rare
14486767,2026_09_09 20:13:33,184714_528,528,"Basemap 1 experiment, mutation magnitude and rate",38,1,259,2,20000,760.415213867477,0.1,0.05,0,10,0.005,140,-10,10,3000,1,FALSE,multiplicative,0.1,0.4,5,fractal,0.1,0.01,528,rare
86303292,2026_09_09 20:13:33,184714_531,531,"Basemap 1 experiment, mutation magnitude and rate",91,1,365,2,20000,15.5011546902045,0.1,0.05,0,10,0.005,140,-10,10,3000,1,FALSE,multiplicative,0,0,0,fractal,1,0.1,531,rare
27151239,2026_09_09 20:13:33,184714_530,530,"Basemap 1 experiment, mutation magnitude and rate",31,1,245,2,20000,1482.72976514484,0.1,0.05,0,10,0.005,140,-10,10,3000,1,FALSE,multiplicative,0,0,0,fractal,1,0.1,530,rare
34294963,2026_09_09 20:13:34,184714_541,541,"Basemap 1 experiment, mutation magnitude and rate",34,1,251,2,20000,2354.09468048382,0.1,0.05,0,10,0.005,140,-10,10,3000,1,FALSE,multiplicative,0.1,0.4,5,fractal,0.1,0.1,541,rare
38169631,2026_09_09 20:13:34,184714_540,540,"Basemap 1 experiment, mutation magnitude and rate",88,1,359,2,20000,14.8311357768182,0.1,0.05,0,10,0.005,140,-10,10,3000,1,FALSE,multiplicative,0.1,0.4,5,fractal,0.1,0.1,540,rare
38752159,2026_09_09 20:13:34,184714_542,542,"Basemap 1 experiment, mutation magnitude and rate",107,1,397,2,20000,1815.12848889598,0.1,0.05,0,10,0.005,140,-10,10,3000,1,FALSE,multiplicative,0.1,0.4,5,fractal,0.1,0.1,542,rare
73436840,2026_09_09 20:13:34,184714_532,532,"Basemap 1 experiment, mutation magnitude and rate",88,1,359,2,20000,14.8311357768182,0.1,0.05,0,10,0.005,140,-10,10,3000,1,FALSE,multiplicative,0,0,0,fractal,1,0.1,532,rare
68047364,2026_09_09 20:13:34,184714_534,534,"Basemap 1 experiment, mutation magnitude and rate",107,1,397,2,20000,1815.12848889598,0.1,0.05,0,10,0.005,140,-10,10,3000,1,FALSE,multiplicative,0,0,0,fractal,1,0.1,534,rare
21577579,2026_09_09 20:13:34,184714_535,535,"Basemap 1 experiment, mutation magnitude and rate",108,1,399,2,20000,979.701436530544,0.1,0.05,0,10,0.005,140,-10,10,3000,1,FALSE,multiplicative,0,0,0,fractal,1,0.1,535,rare
74880101,2026_09_09 20:13:34,184714_533,533,"Basemap 1 experiment, mutation magnitude and rate",34,1,251,2,20000,2354.09468048382,0.1,0.05,0,10,0.005,140,-10,10,3000,1,FALSE,multiplicative,0,0,0,fractal,1,0.1,533,rare
37730348,2026_09_09 20:13:34,184714_537,537,"Basemap 1 experiment, mutation magnitude and rate",22,1,227,2,20000,1405.91239235663,0.1,0.05,0,10,0.005,140,-10,10,3000,1,FALSE,multiplicative,0.1,0.4,5,fractal,0.1,0.1,537,rare
88905130,2026_09_09 20:13:34,184714_543,543,"Basemap 1 experiment, mutation magnitude and rate",108,1,399,2,20000,979.701436530544,0.1,0.05,0,10,0.005,140,-10,10,3000,1,FALSE,multiplicative,0.1,0.4,5,fractal,0.1,0.1,543,rare
72338881,2026_09_09 20:13:35,184714_523,523,"Basemap 1 experiment, mutation magnitude and rate",91,1,365,2,20000,15.5011546902045,0.1,0.05,0,10,0.005,140,-10,10,3000,1,FALSE,multiplicative,0.1,0.4,5,fractal,0.1,0.01,523,rare
22009038,2026_09_09 20:13:35,184714_520,520,"Basemap 1 experiment, mutation magnitude and rate",38,1,259,2,20000,760.415213867477,0.1,0.05,0,10,0.005,140,-10,10,3000,1,FALSE,multiplicative,0,0,0,fractal,1,0.01,520,rare
33736470,2026_09_09 20:13:35,184714_539,539,"Basemap 1 experiment, mutation magnitude and rate",91,1,365,2,20000,15.5011546902045,0.1,0.05,0,10,0.005,140,-10,10,3000,1,FALSE,multiplicative,0.1,0.4,5,fractal,0.1,0.1,539,rare
37263268,2026_09_09 20:13:36,184714_522,522,"Basemap 1 experiment, mutation magnitude and rate",31,1,245,2,20000,1482.72976514484,0.1,0.05,0,10,0.005,140,-10,10,3000,1,FALSE,multiplicative,0.1,0.4,5,fractal,0.1,0.01,522,rare
84290852,2026_09_09 20:13:36,184714_544,544,"Basemap 1 experiment, mutation magnitude and rate",38,1,259,2,20000,760.415213867477,0.1,0.05,0,10,0.005,140,-10,10,3000,1,FALSE,multiplicative,0.1,0.4,5,fractal,0.1,0.1,544,rare
56898506,2026_09_09 20:13:36,184714_538,538,"Basemap 1 experiment, mutation magnitude and rate",31,1,245,2,20000,1482.72976514484,0.1,0.05,0,10,0.005,140,-10,10,3000,1,FALSE,multiplicative,0.1,0.4,5,fractal,0.1,0.1,538,rare
62259511,2026_09_25 12:48:54,NA_1,1,test,9,1,1,1,200,63.3916922653916,0.01,0.05,0,10,0.005,140,-10,10,300,1,FALSE,multiplicative,0.1,0.25,5,fractal,0.1,1,1,frequent
85669784,2026_09_25 12:50:25,NA_1,1,test,9,1,1,1,200,63.3916922653916,0.01,0.05,0,10,0.005,140,-10,10,300,1,FALSE,multiplicative,0.1,0.25,5,fractal,0.1,1,1,frequent
83000729,2026_09_25 12:53:16,NA_1,1,test,9,1,1,1,200,63.3916922653916,0.01,0.05,0,1000,0.005,140,-10,10,300,1,FALSE,multiplicative,0,0.25,5,fractal,0.1,1,1,frequent
